dataset,phi,method,seed,radio,err,total_E,cap,auc,final_best,final_exit4,final_exit1,secs,jain,depleted,rho2,rho4,depth,gradnorm,acc10,acc25,acc50,acc100,eta90,eta95
uci_har,0.25,ecofed_fixtau,2,1.0,0.0,11.050075825799999,127.31897248781246,0.7391744566452139,0.7417712807655334,0.745843231678009,0.764845609664917,8.36988639831543,0.4643598363527072,0.0,0.17323343012739933,0.10575714781576169,0.8368421052631579,5.63328742980957,0.7417712807655334,0.7417712807655334,0.7417712807655334,0.7417712807655334,,
pamap2,0.1,fedprox,3,1.0,0.0,41.30377631040002,70.06342471679999,0.2569502000474896,0.25849449634552,0.20700471103191376,0.16623105108737946,15.607666492462158,0.5636000236015648,0.0,0.3026315789473684,0.3026315789473684,1.0526315789473684,41.91483688354492,0.15316256880760193,0.1979438861211141,0.3191322485605876,0.25849449634552,,
pamap2,1.0,ecofed,4,1.0,0.0,476.0728170698,722.9395754879997,0.36954997386040517,0.4045756657918294,0.3576415181159973,0.4045756657918294,80.4228515625,0.9022788017305008,0.15,0.998764374170721,0.8232387291115203,3.689473684210527,2.141312837600708,0.3150811692078908,0.3898561696211497,0.40836067994435626,0.4045756657918294,,
uci_har,0.1,fedavg,6,1.0,0.0,36.025229518799996,50.92758899512499,0.833156384157264,0.8503562808036804,0.8598574995994568,0.2344757318496704,12.04081130027771,0.617045537983325,0.0,0.35526315789473684,0.35526315789473684,1.263157894736842,3.1839492321014404,0.7594163715839386,0.7924443085988363,0.8581608533859253,0.8503562808036804,14.110119039736233,18.792181142515197
pamap2,0.1,oort,4,1.0,0.0,48.28019510400001,72.29395754879998,0.29590157594496014,0.38581880927085876,0.29144588112831116,0.25611910223960876,14.843287944793701,0.5659653260985629,0.0,0.32894736842105265,0.32894736842105265,1.1578947368421053,31.528806686401367,0.18798889219760895,0.2025401641925176,0.29876356323560077,0.38581880927085876,,
pamap2,0.1,ecofed_fixprec,1,1.0,0.0,31.477629636299987,73.31568549119999,0.21491761366877937,0.19857249160607657,0.14988814542690912,0.16650687158107758,12.706096172332764,0.3414187869003853,0.05,0.359518943998274,0.2594718235444641,1.5460526315789473,13.11196231842041,0.30861830711364746,0.40758495529492694,0.19857249160607657,0.19857249160607657,,
uci_har,1.0,oort,0,1.0,0.0,393.27514139279975,509.2758899512498,0.8842822445028224,0.8857595125834147,0.8885872562726339,0.7386042277018229,59.3465371131897,0.9578217762410469,0.25,1.0,1.0,4.0,0.5817776918411255,0.9001244306564331,0.8966180284818014,0.8823662400245667,0.8857595125834147,4.553666838,17.216712677128022
uci_har,0.25,fedavg_single,3,1.0,0.0,115.17117810240012,127.31897248781246,0.8693271027877302,0.8221920728683472,0.8221920728683472,0.1472684144973755,23.13864803314209,0.9319652438822102,0.1875,0.6907894736842105,0.6907894736842105,2.736842105263158,1.3599531650543213,0.7675602436065674,0.8692455689112345,0.9093993902206421,0.8221920728683472,23.36400748127782,29.149665251524926
uci_har,0.25,oort,4,1.0,0.0,115.20021800040013,127.31897248781245,0.8480747115192007,0.8384798169136047,0.8384798169136047,0.5938242077827454,24.265201330184937,0.9305606518764684,0.1875,0.6842105263157895,0.6842105263157895,2.736842105263158,7.992804050445557,0.7806809147198995,0.8707159757614136,0.8883610367774963,0.8384798169136047,15.00673690590232,18.369116063104197
uci_har,0.25,fedavg_single,6,1.0,0.0,113.10065545200001,127.31897248781245,0.8518145157284084,0.9015948176383972,0.9015948176383972,0.1435357928276062,22.224212408065796,0.8707575069050378,0.125,0.6907894736842105,0.6907894736842105,2.736842105263158,0.9067592620849609,0.707329511642456,0.8708290855089823,0.8775025606155396,0.9015948176383972,24.394663189359143,27.85196734388905
pamap2,0.1,ecofed_noQ,1,1.0,0.0,71.8201906794,73.31568549119999,0.34020348561061375,0.10003195703029633,0.12176413834095001,0.058165546506643295,17.01533603668213,0.9992772477215718,0.4,0.4090575760419873,0.3064453219656722,1.3960526315789472,15.131686210632324,0.2307446449995041,0.30659422775109607,0.38851602872212726,0.10003195703029633,64.07684300854356,
uci_har,0.25,oort,6,1.0,0.0,113.10065545200003,127.31897248781245,0.8391144633614374,0.8215134143829346,0.8215134143829346,0.5775364637374878,24.361615657806396,0.8707575069050378,0.125,0.7105263157894737,0.7105263157894737,2.8421052631578947,4.842830657958984,0.764393150806427,0.8720732927322388,0.8658522764841715,0.8215134143829346,15.232046518778638,17.6043381444009
pamap2,0.25,oort,6,1.0,0.0,132.99123806159992,179.349804936,0.4112450426404777,0.4900990128517151,0.5059406161308289,0.30099010467529297,29.664278745651245,0.5970430984349053,0.1,0.6710526315789473,0.6710526315789473,2.6315789473684212,11.699642181396484,0.2343234270811081,0.3905940552552541,0.4558580815792084,0.4900990128517151,56.53012926363656,83.87484884110214
pamap2,0.1,ecofed_fixdepth,1,1.0,0.0,6.8762342495999995,73.31568549119999,0.21774456579344376,0.228827103972435,0.1879194676876068,0.2083732783794403,7.641629695892334,0.17636399075375375,0.0,0.19298245614035087,0.19298245614035087,0.7368421052631579,9.138236045837402,0.228827103972435,0.228827103972435,0.228827103972435,0.228827103972435,,
uci_har,0.25,ecofed_fixprec,6,1.0,0.0,78.36088241095,127.31897248781245,0.8781274039615421,0.9071371952692667,0.9088338414827982,0.8915281097094218,22.141641855239868,0.6361558478803402,0.0,0.33213955132638784,0.21581128504735966,1.7907894736842105,0.5339662432670593,0.8504694104194641,0.8617803255716959,0.8781811992327372,0.9071371952692667,8.093946313348232,9.753142323484445
uci_har,0.25,ecofed,7,1.0,0.0,73.8934941246,127.31897248781245,0.8350316889283439,0.8474154472351074,0.7383780082066854,0.8454925815264384,28.829811573028564,0.6795508506727743,0.0,0.38383878312964154,0.2537324750231603,1.9736842105263157,0.8413450121879578,0.7938016255696615,0.8353127439816793,0.8568035364151001,0.8474154472351074,16.54407319435129,21.20008437182237
pamap2,0.25,fedprox,1,1.0,0.0,138.0609495336,183.28921372799994,0.29537620699438194,0.24033237993717194,0.3147970736026764,0.1230425089597702,36.60198402404785,0.5970511649484272,0.25,0.6710526315789473,0.6710526315789473,2.6315789473684212,28.272756576538086,0.2324491341908773,0.32193459073702496,0.25162458419799805,0.24033237993717194,58.413135067406024,71.48628760398407
pamap2,0.25,ecofed_fixtau,1,1.0,0.0,146.2227401316,183.28921372799994,0.4776741413862875,0.5195483068625132,0.3048897385597229,0.49312878648440045,39.67418837547302,0.8071471396734892,0.05,0.5725393014221278,0.31108960826516546,2.1521929824561403,6.25191068649292,0.44732075929641724,0.4026845594247182,0.5643975734710693,0.5195483068625132,18.81545583920538,19.324020668527442
uci_har,0.1,ecofed_fixtau,6,1.0,0.0,38.86396135719998,50.92758899512499,0.8244942688384563,0.8570297559102377,0.8566904266675314,0.8322587807973226,15.622624397277832,0.8421738965487184,0.125,0.30739726428461395,0.22824601618359375,1.6381578947368423,0.9718142747879028,0.6999208331108093,0.8340685367584229,0.8433435161908468,0.8570297559102377,12.032467164870674,14.08188203474351
pamap2,0.25,ecofed_fixprec,4,1.0,0.0,142.39331370630003,180.73489387199993,0.4205833916270596,0.5103036463260651,0.4310707449913025,0.4907898207505544,33.919153928756714,0.7954938078614423,0.3,0.5323410692055622,0.3088197342133537,2.206140350877193,3.3326261043548584,0.25065186123053235,0.3750525712966919,0.43981831272443134,0.5103036463260651,48.39862326649658,75.71236432462611
uci_har,0.25,ecofed_fixdepth,5,1.0,0.0,6.372094843199999,127.31897248781245,0.5059445827868243,0.5022056102752686,0.4655582010746002,0.41601628065109253,6.112335681915283,0.20321829625140056,0.0,0.212719298245614,0.212719298245614,0.7368421052631579,21.886762619018555,0.5022056102752686,0.5022056102752686,0.5022056102752686,0.5022056102752686,,
pamap2,1.0,energy_greedy,7,1.0,0.0,474.9497840784001,700.6342471679999,0.51987240109215,0.5160306692123413,0.5049660205841064,0.31721554199854535,92.62050747871399,0.8255470388584056,0.05,1.0,1.0,4.0,8.915362358093262,0.4840564529101054,0.5922634601593018,0.5248301029205322,0.5160306692123413,47.11985910575361,49.813475098176596
pamap2,0.1,energy_greedy,5,1.0,0.0,50.55449040240001,73.31568549119997,0.37051967237579275,0.2758069634437561,0.26206454634666443,0.304250568151474,15.12099575996399,0.5724343642804988,0.1,0.35526315789473684,0.35526315789473684,1.263157894736842,32.17148971557617,0.3347714990377426,0.37978055079778034,0.4172792136669159,0.2758069634437561,37.32252614424734,38.1720336387155
pamap2,0.25,fedavg,3,1.0,0.0,140.407854324,175.15856179199997,0.3523983448151231,0.41766858100891113,0.437794029712677,0.2535284757614136,30.191134452819824,0.7451954771033017,0.2,0.6578947368421053,0.6578947368421053,2.6315789473684212,20.25606918334961,0.18073705583810806,0.24551314612229666,0.40651681025822956,0.41766858100891113,102.48836932370843,
uci_har,0.25,static_depth,6,1.0,0.0,103.59885126929998,127.31897248781245,0.8523746824186774,0.8995588819185892,0.9005768497784933,0.8770501017570496,31.19609761238098,0.9705840160752999,0.0625,0.2995379257025401,0.04777793462608531,1.6157894736842102,0.49819305539131165,0.7966293493906657,0.8414206703503927,0.8682275811831156,0.8995588819185892,10.303929246595159,19.79252738938924
uci_har,0.25,ecofed,5,1.0,0.0,71.16448164200001,127.31897248781245,0.8211486405208706,0.8471892277399699,0.8793122967084249,0.8312408129374186,25.501599073410034,0.7226004114054153,0.0,0.36963595686452516,0.2524622900456282,1.9210526315789473,0.8587614893913269,0.8051125407218933,0.8189118703206381,0.8575952847798666,0.8471892277399699,4.93090663484364,35.56770048490525
uci_har,0.25,static_depth,3,1.0,0.0,113.55983903340004,127.31897248781246,0.8179971812073557,0.8425517678260803,0.8137088418006897,0.8425517678260803,30.582831859588623,0.9869260723603018,0.25,0.2617267593262196,0.19652616595120118,1.7894736842105263,1.8249866962432861,0.7655242681503296,0.8235493699709574,0.8250197966893514,0.8425517678260803,1.6612907096,34.440460888008076
uci_har,0.25,ecofed_fixprec,4,1.0,0.0,76.95815482119997,127.31897248781245,0.8636647360418455,0.8875692884127299,0.8585001627604166,0.8891528248786926,21.723001718521118,0.6881839123107257,0.0,0.344662994955257,0.21985487752340352,1.7315789473684209,0.9327212572097778,0.8366700609525045,0.8591788013776144,0.8771632115046183,0.8875692884127299,4.860684667180665,16.10000279310829
uci_har,1.0,ecofed,2,1.0,0.0,171.5177707432999,509.27588995124984,0.87455760195247,0.8741092681884766,0.8799909551938375,0.8401764631271362,35.12243700027466,0.6493527487528166,0.0,0.6154485809295105,0.42203872389654223,2.447368421052632,0.15942257642745972,0.8355389833450317,0.886551300684611,0.8741092681884766,0.8741092681884766,13.586873568864167,22.05381112299435
uci_har,0.1,energy_greedy,2,1.0,0.0,36.270551414399996,50.927588995125,0.8150040659589397,0.8371224999427795,0.8371224999427795,0.5096708536148071,11.619916200637817,0.618619956575522,0.0,0.35526315789473684,0.35526315789473684,1.263157894736842,5.254333972930908,0.7146250307559967,0.7212984959284464,0.8663047154744467,0.8371224999427795,17.474066730353503,20.84443295277292
pamap2,0.1,energy_greedy,6,1.0,0.0,46.26925878,71.7399219744,0.294811913875443,0.282920777797699,0.2420792132616043,0.20990099012851715,14.606896877288818,0.5601004454621428,0.05,0.32894736842105265,0.32894736842105265,1.1578947368421053,12.082219123840332,0.22685644030570984,0.23886139194170633,0.3533828357855479,0.282920777797699,,
uci_har,0.1,ecofed_fixtau,1,1.0,0.0,38.7055607971,50.92758899512499,0.7993958748270416,0.8215133945147196,0.8215134143829346,0.8159710367520651,16.119187831878662,0.8564547267316928,0.125,0.30906510833410133,0.2174997456653621,1.4530701754385966,5.6919379234313965,0.7132677435874939,0.8044339021046957,0.8259246548016866,0.8215133945147196,7.036966331421472,26.85149683172265
uci_har,0.25,ecofed_noZ,3,1.0,0.0,42.377881171100015,127.31897248781246,0.8366568488439103,0.8506956100463867,0.7908607522646586,0.8506956100463867,20.562164306640625,0.6257230818216596,0.0,0.24628336589204408,0.011605127366702744,1.4013157894736843,2.3874032497406006,0.8351996342341105,0.8400633533795675,0.8506956100463867,0.8506956100463867,8.353198006398904,32.252061505502965
uci_har,0.25,ecofed_noZ,2,1.0,0.0,43.14271723199999,127.31897248781246,0.8281783181448505,0.8394977847735087,0.8211740652720133,0.8400633335113525,20.808406591415405,0.6194141375839295,0.0,0.2749586913148314,0.034355044282774944,1.4013157894736843,0.6228758096694946,0.8172152439753214,0.8275081912676493,0.8394977847735087,0.8394977847735087,8.050355307762942,40.47757946867418
pamap2,0.25,ecofed_noQ,3,1.0,0.0,172.16601164550008,175.15856179199997,0.3708233308565243,0.40407735109329224,0.19419759511947632,0.40407735109329224,31.971052646636963,0.9989955821336365,0.5,0.6817203327777474,0.5950535446942246,2.6315789473684212,16.66223907470703,0.2677295704682668,0.32139745851357776,0.42254748940467834,0.40407735109329224,92.87194804415502,97.60757729285314
pamap2,0.25,fedavg_single,5,1.0,0.0,139.11877866479998,183.2892137279999,0.44342044300063943,0.41962286829948425,0.41962286829948425,0.19143496453762054,28.72175884246826,0.5972196470617929,0.3,0.6710526315789473,0.6710526315789473,2.6315789473684212,9.546814918518066,0.2665388286113739,0.37669117252031964,0.6174496610959371,0.41962286829948425,62.76867752119204,72.616950085163
pamap2,0.1,ecofed_fixtau,0,1.0,0.0,32.025113843999996,72.2939575488,0.2209774927683425,0.26318445305029553,0.2193624327580134,0.2456892877817154,15.290107011795044,0.3195095189177797,0.1,0.2908632267121474,0.2454045497281312,1.313157894736842,22.562442779541016,0.21196063359578451,0.2412313918272654,0.26318445305029553,0.26318445305029553,,
pamap2,0.25,ecofed_noQ,1,1.0,0.0,181.47954288,183.28921372799994,0.3581148202644956,0.06839245557785034,0.1057845950126648,0.06839245557785034,32.709068059921265,0.9994892332993037,0.8,0.6785615364796673,0.5584882025820307,2.5,21.353683471679688,0.30595504740873974,0.39863641063372296,0.3881964385509491,0.06839245557785034,55.508237341044705,60.28160726056286
uci_har,1.0,oort,2,1.0,0.0,384.86800895999994,509.27588995124984,0.8621414049982081,0.8581608533859253,0.8581608533859253,0.6295667886734009,55.14461088180542,0.942245295381081,0.25,1.0,1.0,4.0,2.0016281604766846,0.8935640851656595,0.8677751421928406,0.8722995122273763,0.8581608533859253,10.893211935055286,16.096478973875197
uci_har,0.1,oort,4,1.0,0.0,36.705179372399996,50.92758899512499,0.8188009115036621,0.8500169515609741,0.8642687201499939,0.5778757929801941,12.31149435043335,0.6179494594540492,0.0625,0.35526315789473684,0.35526315789473684,1.263157894736842,8.996342658996582,0.7122497260570526,0.7565886179606119,0.8664178252220154,0.8500169515609741,16.05747577845007,18.597171621031755
uci_har,0.1,ecofed_fixdepth,6,1.0,0.0,9.842986959599997,50.92758899512499,0.8190825458629092,0.8320325613021851,0.8320325613021851,0.21954530477523804,6.585860013961792,0.5804826765644023,0.0,0.25,0.25,0.8421052631578947,1.7954044342041016,0.718583881855011,0.8320325613021851,0.8320325613021851,0.8320325613021851,7.1960364071999985,7.1960364071999985
pamap2,0.1,ecofed_fixprec,5,1.0,0.0,34.02071262689998,73.31568549119997,0.45962748828082467,0.5120911697546641,0.41120700041453045,0.5120911697546641,12.781897068023682,0.3315002877858906,0.15,0.4016505835307626,0.2950112739031087,1.8289473684210527,5.373327732086182,0.23500586052735647,0.33876638611157733,0.5120911697546641,0.5120911697546641,21.87110314380448,22.356499428921083
uci_har,0.25,oort,2,1.0,0.0,116.28526882560004,127.31897248781246,0.8606138935854502,0.8316932320594788,0.8316932320594788,0.6185951828956604,23.05519199371338,0.9329940290131934,0.125,0.7039473684210527,0.7039473684210527,2.736842105263158,4.33311653137207,0.8151792883872986,0.883610467116038,0.8917543292045593,0.8316932320594788,10.893211935055286,16.096478973875197
uci_har,1.0,fedprox,3,1.0,0.0,378.1440694967994,509.27588995124984,0.8837213007129311,0.8867775201797485,0.8910756707191467,0.6984504063924154,61.486998558044434,0.9456523168352092,0.3125,1.0,1.0,4.0,9.196727752685547,0.8668702443440756,0.8897183537483215,0.9022734959920248,0.8867775201797485,9.566695600800003,41.58301861454803
pamap2,0.25,ecofed_fixtau,3,1.0,0.0,144.54895889899998,175.15856179199997,0.428955415409778,0.45948771635691327,0.3870883385340373,0.41653598348299664,39.45574927330017,0.8212013523071392,0.15,0.5976199570877432,0.31703053519461266,2.16359649122807,2.411897897720337,0.33629552523295086,0.480484406153361,0.48074578245480853,0.45948771635691327,41.855811644321925,43.14181735523593
uci_har,0.1,ecofed_noZ,3,1.0,0.0,34.8393226971,50.92758899512501,0.7756676003117878,0.8027372360229492,0.7645062804222107,0.8027372360229492,19.013686656951904,0.8588815886684478,0.0625,0.18640085902336367,0.051342017726452575,1.2052631578947368,4.994172096252441,0.7634882926940918,0.761452317237854,0.7816989024480184,0.8027372360229492,28.272779341909484,
pamap2,0.1,fedavg,2,1.0,0.0,49.4812010352,71.73992197439999,0.2693577846241403,0.2794554531574249,0.28217822313308716,0.14826732873916626,15.622600317001343,0.5725708348682816,0.05,0.3815789473684211,0.3815789473684211,1.368421052631579,44.90140914916992,0.12636138871312141,0.21757426112890244,0.3005775660276413,0.2794554531574249,,
uci_har,1.0,static_depth,1,1.0,0.0,263.9497313186,509.27588995124984,0.8651786084607515,0.8836104472478231,0.8858726421991984,0.8328243494033813,41.778656244277954,0.8658538317303556,0.0625,0.6424269775629682,0.35685026083546256,2.6526315789473687,0.5918480753898621,0.8735437194506327,0.8939034144083658,0.8836104472478231,0.8836104472478231,34.62378089563357,37.027045191566074
pamap2,0.1,ecofed_fixtau,1,1.0,0.0,28.19621474460001,73.31568549119999,0.19461553229810416,0.24310216307640076,0.15862363080183664,0.24310216307640076,13.970710039138794,0.31815145643528486,0.0,0.3404978940606578,0.27222153039530655,1.3614035087719298,10.083796501159668,0.26302332431077957,0.24683072169621786,0.24310216307640076,0.24310216307640076,,
uci_har,0.25,fedavg_q8,7,1.0,0.0,119.62769258399996,127.31897248781245,0.8400847968721894,0.8150661587715149,0.8150661587715149,0.589073657989502,28.85157561302185,0.994096173636874,0.3125,0.743421052631579,0.743421052631579,2.9473684210526314,12.360788345336914,0.764845609664917,0.8522791663805643,0.8685669104258219,0.8150661587715149,24.15579177080103,29.32510939037358
uci_har,0.1,fedavg_single,2,1.0,0.0,36.270551414399996,50.927588995125,0.8710130009447478,0.8849677443504333,0.8849677443504333,0.15066169202327728,10.517048597335815,0.618619956575522,0.0,0.35526315789473684,0.35526315789473684,1.263157894736842,1.2230281829833984,0.8252460062503815,0.8500169714291891,0.8695848981539408,0.8849677443504333,6.2421137983727135,11.373927941640904
uci_har,1.0,fedavg_single,7,1.0,0.0,381.5364861624003,509.2758899512498,0.8812147663388494,0.8868906100591024,0.8868906100591024,0.11808619151512782,53.69311881065369,0.9482914899280229,0.3125,1.0,1.0,4.0,1.8140934705734253,0.8845153450965881,0.8863250613212585,0.9005768696467081,0.8868906100591024,34.55943486880847,40.486955308870606
pamap2,1.0,fedavg_single,4,1.0,0.0,554.1005435424003,722.9395754879997,0.37826486170277995,0.3556228478749593,0.3556228478749593,0.09445706009864807,76.26624155044556,0.9581347977327603,0.15,1.0,1.0,4.0,14.358176231384277,0.27437126636505127,0.42905206481615704,0.4505845805009206,0.3556228478749593,146.8304839567901,162.70240059235914
uci_har,0.25,fedavg_q8,4,1.0,0.0,119.16782711759998,127.31897248781245,0.8316961929018739,0.8442484140396118,0.8489989638328552,0.6223278045654297,27.985456943511963,0.9911721534180256,0.25,0.7302631578947368,0.7302631578947368,2.8421052631578947,3.512303113937378,0.6929080188274384,0.8596312602361044,0.8702635367711385,0.8442484140396118,24.69492942440789,29.20548949090123
uci_har,1.0,fedavg_single,3,1.0,0.0,378.1440694967994,509.27588995124984,0.8905344822264966,0.8841759959856669,0.8841759959856669,0.08008143802483876,53.150593757629395,0.9456523168352092,0.3125,1.0,1.0,4.0,1.853006362915039,0.8833842277526855,0.9082682927449545,0.9073634147644043,0.8841759959856669,9.566695600800003,25.630043552833513
uci_har,0.25,fedavg_q8,5,1.0,0.0,119.78552857200005,127.31897248781245,0.8562612131909269,0.8537495732307434,0.8537495732307434,0.5961995124816895,28.378089904785156,0.9917866558700332,0.375,0.7631578947368421,0.7631578947368421,3.0526315789473686,9.105263710021973,0.7724804878234863,0.8617803255716959,0.8789729674657186,0.8537495732307434,20.112619787867494,27.340160953823833
uci_har,0.25,fedprox,1,1.0,0.0,119.5067585532,127.31897248781246,0.8511539960638861,0.842212438583374,0.842212438583374,0.578893780708313,26.911813974380493,0.9949554252582143,0.3125,0.6907894736842105,0.6907894736842105,2.736842105263158,10.042299270629883,0.7224295735359192,0.8252460161844889,0.8874561587969462,0.842212438583374,27.881511998144916,34.385722514496436
pamap2,0.25,fedavg_q8,3,1.0,0.0,140.45429399039992,175.15856179199997,0.37872229515088496,0.4223732352256775,0.3719289004802704,0.28097230195999146,35.063594341278076,0.7436872032739718,0.25,0.6907894736842105,0.6907894736842105,2.736842105263158,26.004865646362305,0.21628332138061523,0.3200906018416087,0.4397107462088267,0.4223732352256775,75.19423875552688,96.07026573448807
uci_har,1.0,fedavg_single,1,1.0,0.0,379.5222863267997,509.27588995124984,0.8850545217981174,0.8998981912930807,0.8998981912930807,0.09750028202931087,53.564688205718994,0.9494241904849254,0.3125,1.0,1.0,4.0,1.3319158554077148,0.885080873966217,0.8815744916598002,0.9029521346092224,0.8998981912930807,28.737901057448628,32.92172930821378
uci_har,0.1,fedavg_q8,7,1.0,0.0,37.26657492839998,50.927588995125,0.8348367853759745,0.8673226833343506,0.8673226833343506,0.4835425913333893,13.823506116867065,0.6146135529782227,0.125,0.4342105263157895,0.4342105263157895,1.5789473684210527,1.2878271341323853,0.7538174390792847,0.8228707114855448,0.8649473985036215,0.8673226833343506,13.958610948249289,18.40302528269151
pamap2,1.0,fedavg_paced,1,1.0,0.0,578.7103385568001,733.1568549119997,0.4821831241969903,0.5633322695891062,0.5699371496836344,0.46330030759175617,81.00011682510376,0.9706182926006643,0.2,1.0,1.0,4.0,13.396758079528809,0.3301374316215515,0.4529668688774109,0.5627996325492859,0.5633322695891062,170.70760169253748,192.45178550234198
pamap2,1.0,energy_greedy,6,1.0,0.0,514.2530091840001,717.399219744,0.46693292261769814,0.5250825186570486,0.5047854781150818,0.3098184863726298,89.52058339118958,0.8956053177660014,0.05,1.0,1.0,4.0,7.212436676025391,0.2943069289127986,0.3707095781962077,0.479042907555898,0.5250825186570486,113.20198910003501,302.4112429659573
uci_har,0.25,ecofed_fixtau,1,1.0,0.0,15.336462274499995,127.31897248781246,0.7241637333371665,0.7241262197494507,0.7241262197494507,0.733627438545227,10.19569993019104,0.44430740970455174,0.0,0.24285470470659543,0.1494093185167921,1.2732456140350878,6.551325798034668,0.7096482316652933,0.7241262197494507,0.7241262197494507,0.7241262197494507,13.740495594157352,
uci_har,0.1,energy_greedy,3,1.0,0.0,37.28482158239999,50.92758899512501,0.851712840334341,0.8808958530426025,0.8808958530426025,0.27146250009536743,11.93352198600769,0.6211168231357659,0.0,0.35526315789473684,0.35526315789473684,1.263157894736842,3.0265562534332275,0.804038017988205,0.8132564226786295,0.8551068902015686,0.8808958530426025,7.987187171388209,15.931502885022708
pamap2,0.1,ecofed,5,1.0,0.0,34.363144178100015,73.31568549119997,0.429755141868468,0.5020773510138193,0.5109193623065948,0.48716309666633606,14.933002471923828,0.3990024255774833,0.0,0.4511511900443407,0.3837541248771139,1.681578947368421,30.739530563354492,0.18951742351055145,0.3486737012863159,0.5020773510138193,0.5020773510138193,10.2415602444,20.661685048565
pamap2,1.0,fedavg_paced,5,1.0,0.0,580.1376935400002,733.1568549119996,0.6176261859648353,0.7187599738438925,0.7173750797907511,0.6896772185961405,82.1738018989563,0.9710232625381098,0.2,1.0,1.0,4.0,2.9634461402893066,0.33184191584587097,0.6512197653452555,0.6841376423835754,0.7187599738438925,91.59946108331417,95.16201129736912
pamap2,0.1,fedavg,3,1.0,0.0,41.30377631040002,70.06342471679999,0.22543170463382223,0.19419759511947632,0.18740198016166687,0.16440145671367645,14.742880582809448,0.5636000236015648,0.0,0.3026315789473684,0.3026315789473684,1.0526315789473684,54.881187438964844,0.14989545568823814,0.19724690665801367,0.3131207525730133,0.19419759511947632,,
pamap2,0.1,ecofed_noQ,0,1.0,0.0,71.01169477699999,72.2939575488,0.31278471602494307,0.28110018372535706,0.3159222900867462,0.3393893539905548,17.279243230819702,0.998624146267984,0.7,0.4321786460009851,0.3107703882096403,1.4657894736842105,11.304168701171875,0.2758011519908905,0.31087560455004376,0.30818404257297516,0.28110018372535706,,
uci_har,0.1,ecofed_fixtau,0,1.0,0.0,39.25519567089997,50.92758899512499,0.8308920220404463,0.8819138010342916,0.8870037396748861,0.836896280447642,16.056478023529053,0.8077457161717063,0.1875,0.29130961882129214,0.20568764331751282,1.5442982456140353,1.344467043876648,0.7467481096585592,0.7593032519022623,0.8508087396621704,0.8819138010342916,10.945090245888752,25.725447415412056
pamap2,0.25,ecofed_noZ,7,1.0,0.0,137.87059170839999,175.15856179199997,0.5027564336328185,0.547220766544342,0.4604460696379344,0.5521867871284485,41.60609292984009,0.8264373038823093,0.25,0.5654050035808416,0.16017098031884122,1.9000000000000001,2.3197736740112305,0.4501655399799347,0.4517337580521901,0.49172330896059674,0.547220766544342,17.409135099880217,18.052641401552847
uci_har,0.25,fedavg_single,4,1.0,0.0,115.20021800039996,127.31897248781245,0.8394589705637516,0.8673226833343506,0.8673226833343506,0.18425516784191132,22.929543018341064,0.9305606518764684,0.1875,0.6842105263157895,0.6842105263157895,2.736842105263158,1.735513687133789,0.7008822560310364,0.8542020320892334,0.8776156703631083,0.8673226833343506,25.26056763682707,28.425078665092904
pamap2,0.1,ecofed_noZ,2,1.0,0.0,10.828679282699998,71.73992197439999,0.2846395730614837,0.2777227759361267,0.14851485192775726,0.20272277295589447,10.003416776657104,0.48976175048183634,0.0,0.1587601534977585,0.04318121809540574,0.7539473684210526,7.24466609954834,0.43341584006945294,0.2777227759361267,0.2777227759361267,0.2777227759361267,7.3648648637428575,7.643210225054757
pamap2,1.0,fedavg,6,1.0,0.0,547.4450241288002,717.399219744,0.5196881999829221,0.5338283975919088,0.5385313630104065,0.330445537964503,76.51108479499817,0.9629247648140596,0.15,1.0,1.0,4.0,25.19719696044922,0.3001650273799896,0.5103135406970978,0.6132838328679403,0.5338283975919088,115.74963197756647,123.18513239299222
uci_har,0.25,ecofed_noZ,4,1.0,0.0,45.4735534577,127.31897248781245,0.8805556153326222,0.906571646531423,0.8615541060765585,0.906571646531423,20.97259211540222,0.6492554611502526,0.0,0.25938493537757196,0.008224977198952498,1.2934210526315788,1.8543143272399902,0.8206085165341696,0.8626852035522461,0.906571646531423,0.906571646531423,4.478787229398989,6.9523140361610185
uci_har,0.25,ecofed_noQ,1,1.0,0.0,126.70424148765001,127.31897248781246,0.8382047743504021,0.7794367074966431,0.7794367074966431,0.7539871335029602,25.16235327720642,0.9997986237336846,0.8125,0.683489632194265,0.6445734542397282,2.738157894736842,3.171140670776367,0.7061418294906616,0.7882592479387919,0.8804433941841125,0.7794367074966431,33.49599892469389,38.06989754150281
uci_har,0.25,ecofed_noZ,6,1.0,0.0,46.062378301399995,127.31897248781245,0.8552683286058903,0.8811220526695251,0.8663047353426615,0.8832711378733317,21.882981538772583,0.5336013511554327,0.0,0.2999268104698407,0.011114127118068896,1.3526315789473684,0.7997747659683228,0.8344078660011292,0.9077027440071106,0.8811220526695251,0.8811220526695251,8.958368189073477,10.04925045115149
uci_har,0.25,ecofed_fixprec,0,1.0,0.0,79.31671932639998,127.31897248781245,0.851354491159749,0.8703766663869222,0.8751272559165955,0.8293179670969645,22.157288551330566,0.6498203365575451,0.0,0.33716548607991054,0.21662060109741468,1.7618421052631583,0.22844170033931732,0.8071485161781311,0.8649473985036215,0.8536364634831747,0.8703766663869222,8.406355866179917,10.15867809137062
uci_har,0.1,fedavg_q8,5,1.0,0.0,37.05705542400001,50.92758899512499,0.8379616835762249,0.8629114627838135,0.8669833540916443,0.49270445108413696,13.854130268096924,0.6140597634754371,0.125,0.4605263157894737,0.4605263157894737,1.6842105263157894,3.5013105869293213,0.7426196336746216,0.7663160363833109,0.8881348172823588,0.8629114627838135,16.55287258916005,18.941987588984865
pamap2,0.25,fedavg_q8,5,1.0,0.0,137.02521529920003,183.2892137279999,0.42534847802993225,0.32917866110801697,0.32917866110801697,0.4212208390235901,35.33901619911194,0.5970248564362682,0.1,0.7039473684210527,0.7039473684210527,2.736842105263158,29.52134895324707,0.34142964084943134,0.44817299644152325,0.608288049697876,0.32917866110801697,46.96589021918569,50.979135083592105
pamap2,1.0,static_depth,0,1.0,0.0,442.07470141839957,722.9395754879997,0.4932941957301278,0.5391538540522257,0.3941458463668823,0.5391538540522257,59.00611400604248,0.876702927521839,0.15,0.6223006363703227,0.19211224735538024,2.473684210526316,5.571102142333984,0.4095382293065389,0.5348641475041708,0.5137522021929423,0.5391538540522257,111.11170626661315,146.80812714195855
pamap2,0.1,ecofed_noZ,3,1.0,0.0,12.584093943900001,70.06342471679999,0.15883755735197383,0.13382121920585632,0.12415055185556412,0.24385781586170197,10.602937459945679,0.5088337400255843,0.0,0.183482970240193,0.04329869437783107,0.9100877192982455,9.719451904296875,0.32453388969103497,0.13382121920585632,0.13382121920585632,0.13382121920585632,9.704280500765769,9.790635054211513
uci_har,0.25,static_depth,4,1.0,0.0,104.12934501859999,127.31897248781245,0.841400551409876,0.8441352844238281,0.835425853729248,0.8569166461626688,30.53341507911682,0.9703785692715943,0.125,0.31167171791671106,0.06757449475040292,1.6473684210526314,1.2208141088485718,0.8151792685190836,0.8735436995824178,0.8708290855089823,0.8441352844238281,8.241812534817196,20.737957880154372
uci_har,1.0,fedavg_q8,5,1.0,0.0,353.072898936,509.2758899512498,0.8742210757385649,0.8873430490493774,0.8873430490493774,0.6899671753247579,58.924190521240234,0.9157149448889921,0.1875,1.0,1.0,4.0,2.631120443344116,0.8775025606155396,0.8730912804603577,0.8778418699900309,0.8873430490493774,30.414709964193793,38.980234955341
pamap2,1.0,fedprox,4,1.0,0.0,554.1005435424003,722.9395754879997,0.33728656501788246,0.2995205620924632,0.3049036959807078,0.2724367082118988,85.29891920089722,0.9581347977327603,0.15,1.0,1.0,4.0,49.9089241027832,0.2934645513693492,0.4387248655160268,0.38951972126960754,0.2995205620924632,187.81622176286436,190.91469203061445
uci_har,0.1,ecofed_fixtau,4,1.0,0.0,39.1591702856,50.92758899512499,0.8247227237284223,0.8634769717852274,0.8716208537419637,0.8469630082448324,15.76151967048645,0.8491516937868697,0.0625,0.2669499258854059,0.2059135132192663,1.4482456140350877,2.137341022491455,0.7380386789639791,0.8209478656450907,0.8250197966893514,0.8634769717852274,8.50352333495221,27.406107240023655
pamap2,0.25,ecofed_fixdepth,0,1.0,0.0,57.69745384680001,180.73489387199993,0.3154783885870046,0.35023972392082214,0.30280089378356934,0.2578854262828827,18.87440848350525,0.4815490714785147,0.0,0.5657894736842105,0.5657894736842105,2.0,11.903526306152344,0.26040878891944885,0.25317520399888355,0.35023972392082214,0.35023972392082214,,
uci_har,0.1,oort,6,1.0,0.0,36.025229518799996,50.92758899512499,0.8000479085967847,0.842212438583374,0.842212438583374,0.26467594504356384,12.076646566390991,0.617045537983325,0.0,0.35526315789473684,0.35526315789473684,1.263157894736842,2.3563382625579834,0.6937563419342041,0.7288768092791239,0.8375749190648397,0.842212438583374,17.231996549732944,21.334951450915252
pamap2,1.0,static_depth,2,1.0,0.0,485.39081278079993,717.399219744,0.6209192537899698,0.704042891661326,0.6712046066919962,0.704042891661326,62.684077739715576,0.893670013818477,0.4,0.6358766189098873,0.47158183481247545,2.768421052631579,5.607969760894775,0.4660891095797221,0.6094059348106384,0.5888613859812418,0.704042891661326,51.22602079331087,66.84944418059608
uci_har,0.1,ecofed_noQ,0,1.0,0.0,50.293914146000006,50.92758899512499,0.7666656203780711,0.8439090847969055,0.8439090847969055,0.7651849389076233,13.682255029678345,0.9992527598741051,0.625,0.4047680705779475,0.31800515148767555,1.4210526315789473,13.35600757598877,0.5987444818019867,0.6327338417371114,0.8299965858459473,0.8439090847969055,26.164746251213057,29.07815708386902
pamap2,1.0,fedavg,2,1.0,0.0,549.8986983143998,717.399219744,0.5705052965759537,0.5859735806783041,0.584900975227356,0.37615511814753216,75.96299242973328,0.9593609307618733,0.25,1.0,1.0,4.0,19.188213348388672,0.3136138617992401,0.5041254063447317,0.6702970266342163,0.5859735806783041,108.25514415736144,113.15894515326855
pamap2,1.0,fedavg_paced,7,1.0,0.0,580.5252147168001,700.6342471679999,0.5214864543062115,0.5765812993049622,0.5765812993049622,0.6426206827163696,82.09017777442932,0.9750326567841503,0.35,1.0,1.0,4.0,1.7490094900131226,0.3417842934528987,0.5377243359883627,0.5663007497787476,0.5765812993049622,88.65025467460742,90.6686041396345
pamap2,1.0,energy_greedy,5,1.0,0.0,512.5269737256,733.1568549119996,0.6727628425471431,0.6866943637530009,0.6866943637530009,0.4462554653485616,92.09763216972351,0.8931871229611895,0.1,1.0,1.0,4.0,3.7255260944366455,0.5894321799278259,0.6578246553738912,0.7129008372624716,0.6866943637530009,22.019915018224943,23.17184594789451
pamap2,0.25,fedavg,7,1.0,0.0,142.18200943200003,175.15856179199997,0.33622744733717935,0.3034500777721405,0.24986931681632996,0.3034500777721405,31.470178842544556,0.7942265180581204,0.15,0.6644736842105263,0.6644736842105263,2.6315789473684212,39.436180114746094,0.23836904764175415,0.2659871031840642,0.4069524308045705,0.3034500777721405,126.31637276027182,
uci_har,0.1,oort,0,1.0,0.0,36.657019779600006,50.92758899512499,0.8197097362298045,0.8225314021110535,0.8764845728874207,0.4743807315826416,12.230323791503906,0.6168001876923125,0.0,0.35526315789473684,0.35526315789473684,1.263157894736842,5.837461948394775,0.5795724391937256,0.7587376832962036,0.8851939837137858,0.8225314021110535,15.46061214810226,17.386768368877814
uci_har,0.1,fedavg_paced,0,1.0,0.0,36.65701977959999,50.92758899512499,0.797703076120468,0.8527315855026245,0.8652867078781128,0.6141839027404785,12.230334758758545,0.6168001876923125,0.0,0.3201754385964912,0.3201754385964912,0.8421052631578947,5.824029922485352,0.6515100300312042,0.8341816465059916,0.8796516259511312,0.8527315855026245,12.0975037728,22.948397135223264
pamap2,1.0,fedavg_q8,4,1.0,0.0,522.3540505799999,722.9395754879997,0.3459518398100445,0.3089410364627838,0.309277484814326,0.27496005098025006,77.5684883594513,0.9397305893272704,0.05,1.0,1.0,4.0,37.40896224975586,0.2959037820498149,0.4082765579223633,0.40070653955141705,0.3089410364627838,186.73897599641916,188.74615792770024
uci_har,0.1,ecofed_noQ,2,1.0,0.0,50.184034886899994,50.927588995125,0.8047367954213871,0.783847987651825,0.783847987651825,0.6640651226043701,13.016817331314087,0.9986639032276566,0.5625,0.451294632244002,0.3681431719871485,1.5986842105263157,5.989313125610352,0.7239565551280975,0.7649586995442709,0.8309014836947123,0.783847987651825,17.29523785223169,20.200765103513994
uci_har,0.25,energy_greedy,6,1.0,0.0,113.10065545199998,127.31897248781245,0.8446858023300604,0.8601968288421631,0.8629114627838135,0.5273159146308899,25.204073667526245,0.8707575069050378,0.125,0.6973684210526315,0.6973684210526315,2.736842105263158,2.910365581512451,0.7845266262690226,0.8560117483139038,0.8770501216252645,0.8601968288421631,21.477277313320542,30.708411311718283
pamap2,0.1,ecofed_fixprec,4,1.0,0.0,30.803961187200017,72.29395754879998,0.33953689602777504,0.3043990284204483,0.29481033484141034,0.25796955823898315,12.240993738174438,0.28433514924211495,0.0,0.3881454842413666,0.29373886695338286,1.6671052631578949,13.149850845336914,0.18605433901151022,0.31281015276908875,0.3043990284204483,0.3043990284204483,,
pamap2,0.25,fedavg_paced,5,1.0,0.0,139.1187786648,183.2892137279999,0.5000829095555024,0.645786722501119,0.6190476020177206,0.5973154306411743,30.941027402877808,0.5972196470617929,0.3,0.6381578947368421,0.6381578947368421,2.736842105263158,3.3265609741210938,0.29881751537323,0.35293490688006085,0.6017896930376688,0.645786722501119,51.48374405418679,51.4996676952
pamap2,0.25,ecofed_fixdepth,5,1.0,0.0,62.089230291600025,183.2892137279999,0.36462357051362093,0.3761585056781769,0.3467561602592468,0.3761585056781769,19.52963399887085,0.4911632236053217,0.0,0.5394736842105263,0.5394736842105263,2.1052631578947367,6.974496841430664,0.3547459344069163,0.32310642302036285,0.3761585056781769,0.3761585056781769,59.99007772006681,
uci_har,0.25,energy_greedy,7,1.0,0.0,116.765286108,127.31897248781245,0.8589043699423035,0.8235493898391724,0.8235493898391724,0.6185951828956604,25.552664756774902,0.9326775383033705,0.25,0.6710526315789473,0.6710526315789473,2.6315789473684212,7.988796234130859,0.8158579270044962,0.8615541060765585,0.8788598577181498,0.8235493898391724,12.961520861308932,22.05451156862528
pamap2,0.1,oort,6,1.0,0.0,46.26925878,71.7399219744,0.28117012364005495,0.33465346693992615,0.34529703855514526,0.1329207867383957,14.479753494262695,0.5601004454621428,0.05,0.32894736842105265,0.32894736842105265,1.1578947368421053,12.998189926147461,0.16819306463003159,0.23267326255639395,0.2877887785434723,0.33465346693992615,,
pamap2,0.25,ecofed,5,1.0,0.0,152.7141571374001,183.2892137279999,0.5926316143203141,0.6354532837867737,0.4413550595442454,0.7102375825246176,39.4255211353302,0.8204430064300797,0.3,0.5815378592889227,0.30991092194609765,2.2530701754385962,3.5042948722839355,0.4221796045700709,0.6482369105021158,0.6609140435854594,0.6354532837867737,12.704547834766386,13.385982923355932
uci_har,0.1,ecofed,4,1.0,0.0,44.16691402154999,50.92758899512499,0.8371277505118337,0.8532971342404684,0.8553331096967062,0.881687581539154,16.905325412750244,0.8978062421864235,0.0625,0.3107661356981924,0.25663502676916555,1.6030701754385965,3.565244197845459,0.7859970728556315,0.7771745324134827,0.8699242273966471,0.8532971342404684,6.872229853807203,14.198483659523049
pamap2,0.25,fedprox,2,1.0,0.0,134.08023368639996,179.349804936,0.4301485622898593,0.4309405982494354,0.30915841460227966,0.23985148966312408,34.69826364517212,0.5978447912627829,0.05,0.6776315789473685,0.6776315789473685,2.6315789473684212,75.16703796386719,0.27995049953460693,0.34669966499010724,0.5470297038555145,0.4309405982494354,61.65251850990298,63.35712297945914
uci_har,1.0,fedavg_q8,4,1.0,0.0,357.48977864519935,509.2758899512498,0.861142407669685,0.8493382930755615,0.857369085152944,0.6601063211758932,60.912909507751465,0.9193829386278077,0.25,1.0,1.0,4.0,3.904385805130005,0.8917543292045593,0.8801040450731913,0.8818006912867228,0.8493382930755615,24.45327310493593,27.94775317098656
uci_har,0.25,ecofed_noQ,2,1.0,0.0,126.3687245261,127.31897248781246,0.7941840255556463,0.8184594511985779,0.8184594511985779,0.7410926222801208,24.753249406814575,0.9996245323195944,0.75,0.6888142627160863,0.6357401469369819,2.6508771929824566,1.3012038469314575,0.551068902015686,0.7500282923380533,0.8822531302769979,0.8184594511985779,38.27283491813555,41.836454617848524
pamap2,0.1,static_depth,7,1.0,0.0,64.24562357200003,70.06342471679999,0.394623327659072,0.2799268066883087,0.07605854421854019,0.2799268066883087,22.330007076263428,0.9826327321359138,0.2,0.34006436262874307,0.0,1.0842105263157895,2.688995361328125,0.21001045405864716,0.308328981200854,0.4901550809542338,0.2799268066883087,30.54925773858051,31.58852283549222
uci_har,0.1,fedprox,3,1.0,0.0,37.28482158239999,50.92758899512501,0.8168770997103574,0.861214816570282,0.861214816570282,0.44655582308769226,13.30602741241455,0.6211168231357659,0.0,0.35526315789473684,0.35526315789473684,1.263157894736842,0.9874422550201416,0.7147946953773499,0.7448252439498901,0.8463974793752035,0.861214816570282,17.189458510284897,22.971516049405597
uci_har,0.25,fedavg_paced,1,1.0,0.0,119.50675855320003,127.31897248781246,0.8417940041732657,0.8884741465250651,0.8917543292045593,0.6904196341832479,23.359372854232788,0.9949554252582143,0.3125,0.7763157894736842,0.7763157894736842,3.0526315789473686,5.229640007019043,0.6450628042221069,0.8842891057332357,0.8926592071851095,0.8884741465250651,29.86577935647698,31.319483133600002
uci_har,1.0,ecofed,4,1.0,0.0,174.32642242999995,509.2758899512498,0.8547092624599821,0.8618934551874796,0.8566904266675314,0.8903970122337341,37.317728996276855,0.6261506038160661,0.0625,0.5993207286261133,0.4158084849266303,2.3947368421052637,0.33394014835357666,0.853523333867391,0.8793122967084249,0.8618934551874796,0.8618934551874796,21.65716905597946,24.14406712983833
uci_har,1.0,static_depth,0,1.0,0.0,269.307987274,509.2758899512498,0.8830216345855006,0.8942427237828573,0.8927722970644633,0.8844022154808044,44.122066020965576,0.8826885341254542,0.0625,0.6845953332928835,0.48602864905016535,2.8421052631578942,0.36041370034217834,0.8470761179924011,0.8638163208961487,0.8957131505012512,0.8942427237828573,16.155801225081653,27.407162538760655
pamap2,0.1,ecofed_fixdepth,0,1.0,0.0,6.7574324496000004,72.2939575488,0.26932326924633776,0.2740348279476166,0.2228109985589981,0.10598031431436539,8.054501056671143,0.16935289934383313,0.0,0.18640350877192982,0.18640350877192982,0.631578947368421,11.02155590057373,0.2740348279476166,0.2740348279476166,0.2740348279476166,0.2740348279476166,,
uci_har,0.1,ecofed_fixtau,7,1.0,0.0,39.343917119900006,50.927588995125,0.8150314774596286,0.8590657114982605,0.846623698870341,0.8281868497530619,16.354543209075928,0.8190501932752341,0.0625,0.3145759969159235,0.25097111283835494,1.669736842105263,2.4729080200195312,0.7720845937728882,0.8039814631144205,0.8572559754053751,0.8590657114982605,8.788768118370092,16.89262894408895
uci_har,0.25,ecofed_fixdepth,4,1.0,0.0,6.1662096066,127.31897248781245,0.743012569625169,0.7495758533477783,0.7495758533477783,0.4241601526737213,6.150887966156006,0.24362458860432523,0.0,0.1337719298245614,0.1337719298245614,0.42105263157894735,4.996829986572266,0.7495758533477783,0.7495758533477783,0.7495758533477783,0.7495758533477783,,
uci_har,0.25,oort,7,1.0,0.0,116.76528610800005,127.31897248781245,0.8577746428827964,0.8707159757614136,0.8707159757614136,0.6114692687988281,25.385910272598267,0.9326775383033705,0.25,0.6776315789473685,0.6776315789473685,2.6315789473684212,1.135618805885315,0.7432417273521423,0.877276341120402,0.861214796702067,0.8707159757614136,18.214212787387233,21.011732528153477
uci_har,0.25,ecofed,6,1.0,0.0,70.81852482999999,127.31897248781245,0.8629000382427525,0.8874561587969462,0.8879086176554362,0.8790860573450724,27.205721378326416,0.622743970225976,0.0,0.3552169922144331,0.2475651872592838,1.763157894736842,0.4881254732608795,0.7965162396430969,0.8634769717852274,0.8882479270299276,0.8874561587969462,7.060910981323412,16.624862748727377
uci_har,1.0,ecofed,6,1.0,0.0,178.74005260590002,509.2758899512498,0.8752580964244993,0.8858726421991984,0.891867438952128,0.8443615039189657,40.46989965438843,0.6507154613279376,0.0625,0.682242038968342,0.4683349666790573,2.5473684210526324,0.3788318336009979,0.8773894309997559,0.8770501017570496,0.8858726421991984,0.8858726421991984,15.429438628827759,22.170736479942843
pamap2,0.1,static_depth,0,1.0,0.0,64.33532530040004,72.2939575488,0.25904198696705033,0.16174615919589996,0.14181175827980042,0.16174615919589996,22.27859401702881,0.9517363329611196,0.2,0.3501172930354719,0.0,1.131578947368421,3.184957265853882,0.17478341857592264,0.2876608669757843,0.3397257924079895,0.16174615919589996,,
pamap2,1.0,oort,2,1.0,0.0,566.1779327879997,717.399219744,0.6044037139772015,0.6664191484451294,0.6664191484451294,0.5485148628552755,84.04129433631897,0.9689055353550031,0.25,1.0,1.0,4.0,7.7732672691345215,0.4376237591107686,0.5320132076740265,0.6688943902651469,0.6664191484451294,68.6615929439626,92.61553407655975
uci_har,0.1,ecofed_noZ,1,1.0,0.0,37.010643271099994,50.92758899512499,0.8189608610457811,0.8528446952501932,0.8367831707000732,0.8528446952501932,19.178460836410522,0.8565982841021089,0.1875,0.2011717617765741,0.05178724526678515,1.2131578947368422,1.7671335935592651,0.7503676017125448,0.8007012804349264,0.8410813212394714,0.8528446952501932,11.786805468938152,25.55129389974177
pamap2,0.25,fedavg,0,1.0,0.0,131.64275950560005,180.73489387199993,0.27393003436440344,0.1902599036693573,0.20565228164196014,0.13398940861225128,29.120586156845093,0.5954570556205676,0.15,0.6842105263157895,0.6842105263157895,2.736842105263158,39.789302825927734,0.18512911101182303,0.2879131982723872,0.3128942648569743,0.1902599036693573,79.8314914946297,
pamap2,0.1,fedavg_q8,4,1.0,0.0,49.787107862400006,72.29395754879998,0.29510614460487694,0.32652032375335693,0.37850114703178406,0.2122129648923874,16.54454255104065,0.5727421847588806,0.1,0.3815789473684211,0.3815789473684211,1.368421052631579,13.981330871582031,0.22394650429487228,0.30145512024561566,0.2791656156380971,0.32652032375335693,,
pamap2,0.25,ecofed_fixtau,4,1.0,0.0,137.66178051600002,180.73489387199993,0.36675815260037486,0.3926318387190501,0.23441837231318155,0.3926318387190501,39.208545207977295,0.7695732882513685,0.1,0.52851086185969,0.2862240582844607,1.8969298245614035,5.7266926765441895,0.2503154128789902,0.34477247794469196,0.37883757551511127,0.3926318387190501,,
uci_har,1.0,fedavg,3,1.0,0.0,378.1440694967994,509.27588995124984,0.885436026831013,0.8924329876899719,0.8924329876899719,0.6938129266103109,54.7303671836853,0.9456523168352092,0.3125,1.0,1.0,4.0,5.811919689178467,0.8745616873105367,0.8923198779424032,0.9013686180114746,0.8924329876899719,11.986872619998108,40.707317278623776
pamap2,0.1,ecofed_noQ,2,1.0,0.0,70.3480760768,71.73992197439999,0.325668770087891,0.32400989532470703,0.24430693686008453,0.32400989532470703,16.97984528541565,0.9991388193966837,0.6,0.41300612316668767,0.3229437707388043,1.4596491228070176,29.24231719970703,0.12400989979505539,0.27640263984600705,0.27929043769836426,0.32400989532470703,66.63862723995935,67.26177541042331
uci_har,0.25,ecofed_noQ,4,1.0,0.0,126.54321780125002,127.31897248781245,0.8168610452125058,0.8092975616455078,0.8259246945381165,0.7777400612831116,25.56266450881958,0.9997662706565863,0.8125,0.6781092727583509,0.6286660127344339,2.655263157894737,2.4540348052978516,0.6671190857887268,0.8212871750195821,0.8906232317288717,0.8092975616455078,30.87520331135929,48.04993621510451
pamap2,0.25,fedavg_paced,4,1.0,0.0,134.7301855368,180.73489387199993,0.30763012961133096,0.3032214641571045,0.30010934670766193,0.31583816806475323,30.03127694129944,0.5972419554530491,0.1,0.7236842105263158,0.7236842105263158,2.8421052631578947,11.561790466308594,0.31979140639305115,0.3521742820739746,0.3181932866573334,0.3032214641571045,,
pamap2,0.1,ecofed_fixtau,6,1.0,0.0,30.300927142800003,71.7399219744,0.3584632734091434,0.39224421977996826,0.36204620202382404,0.34719472130139667,15.11944317817688,0.3213193157737814,0.0,0.40209710968761875,0.33239850904176305,1.9710526315789476,6.050334453582764,0.27178216973940533,0.29059405128161114,0.39224421977996826,0.39224421977996826,,
pamap2,0.25,fedavg_q8,0,1.0,0.0,135.2514351072001,180.73489387199993,0.2928462779454527,0.19202624261379242,0.21650265157222748,0.1299520581960678,35.95370364189148,0.5962638814435853,0.2,0.7236842105263158,0.7236842105263158,2.8421052631578947,85.46400451660156,0.21011018256346384,0.2929598738749822,0.35654808084170025,0.19202624261379242,79.60580262581288,
pamap2,1.0,fedprox,5,1.0,0.0,565.7655826056007,733.1568549119996,0.6326685956353715,0.7578566074371338,0.635133683681488,0.48503248890240985,89.46511602401733,0.9628076794969719,0.2,1.0,1.0,4.0,17.088550567626953,0.4372003773848216,0.6449344754219055,0.6536699732144674,0.7578566074371338,53.03139631627059,60.033350543187446
uci_har,0.25,fedavg_single,0,1.0,0.0,118.13112931679998,127.31897248781245,0.8553814763507389,0.8571428656578064,0.8571428656578064,0.2429589480161667,23.50594210624695,0.9939668177384381,0.1875,0.6710526315789473,0.6710526315789473,2.6315789473684212,3.1572461128234863,0.7112317482630411,0.8574821949005127,0.8945820530255636,0.8571428656578064,30.422284303664874,33.740073548051164
uci_har,0.1,fedprox,4,1.0,0.0,36.70517937239999,50.92758899512499,0.820287084703818,0.8561248779296875,0.8568035364151001,0.5839837193489075,13.29678726196289,0.6179494594540492,0.0625,0.3815789473684211,0.3815789473684211,1.368421052631579,2.433065414428711,0.7173396646976471,0.7500282724698385,0.8756928046544393,0.8561248779296875,16.8016590107527,20.48924379892852
uci_har,1.0,fedavg_q8,7,1.0,0.0,354.17618404319995,509.2758899512498,0.8677545756153163,0.8810089429219564,0.8825924595197042,0.6760547359784445,60.93840003013611,0.9188915622013442,0.25,1.0,1.0,4.0,0.6780300140380859,0.8396108945210775,0.8764845728874207,0.8842891057332357,0.8810089429219564,37.359596683887695,49.881305907922886
pamap2,0.1,ecofed_fixdepth,2,1.0,0.0,7.6252503227999995,71.73992197439999,0.3388417554154486,0.35173267126083374,0.3391089141368866,0.20767326653003693,8.076343297958374,0.17255258635325352,0.0,0.21929824561403505,0.21929824561403505,0.8421052631578947,5.861752986907959,0.2653465270996094,0.35173267126083374,0.35173267126083374,0.35173267126083374,,
uci_har,0.1,ecofed_noZ,4,1.0,0.0,37.356617462200006,50.92758899512499,0.8259470347816409,0.8332767883936564,0.8288655281066895,0.8600836992263794,19.25537657737732,0.8875122376031992,0.0,0.20350264585280578,0.057832556644001755,1.2412280701754386,2.0952892303466797,0.737133800983429,0.8387060364087423,0.829657256603241,0.8332767883936564,7.234226290100503,9.91756402934247
uci_har,0.1,ecofed_fixprec,2,1.0,0.0,45.24559935110001,50.927588995125,0.8018986704593136,0.8471892277399699,0.8489989837010702,0.8364438414573669,13.955361366271973,0.9197977814031301,0.3125,0.2921327643676581,0.2050543841922359,1.7894736842105263,0.9268138408660889,0.7129284143447876,0.7848659753799438,0.8171021342277527,0.8471892277399699,10.278101157068248,30.339995260080602
uci_har,1.0,fedavg,6,1.0,0.0,375.582653976,509.2758899512498,0.8733337994774397,0.8829317887624105,0.8877955079078674,0.6580703655878702,55.483686208724976,0.9455913813256122,0.375,1.0,1.0,4.0,1.7895801067352295,0.8698110977808634,0.8535233537356058,0.8924329876899719,0.8829317887624105,36.820106251629795,42.92549015376771
pamap2,0.25,fedavg,4,1.0,0.0,134.7301855367999,180.73489387199993,0.28553937319796585,0.26318445801734924,0.2644461393356323,0.17083017528057098,30.81806516647339,0.5972419554530491,0.1,0.6710526315789473,0.6710526315789473,2.6315789473684212,67.16329193115234,0.24097905059655508,0.228194127480189,0.3848094840844472,0.26318445801734924,,
pamap2,0.1,ecofed_noZ,5,1.0,0.0,14.053693882499996,73.31568549119997,0.3880456056404854,0.40044742822647095,0.24960051476955414,0.40044742822647095,10.867671728134155,0.4545231659793962,0.0,0.2514824045978683,0.0434845223558306,0.9403508771929825,6.460021495819092,0.4550974667072296,0.40044742822647095,0.40044742822647095,0.40044742822647095,6.47172120477289,6.577832918917214
uci_har,0.1,ecofed_fixdepth,3,1.0,0.0,8.6840535024,50.92758899512501,0.8204536101620098,0.8408551216125488,0.8408551216125488,0.18289786577224731,6.280050754547119,0.6101963935545426,0.0,0.27631578947368424,0.27631578947368424,0.9473684210526315,3.824272394180298,0.7047845125198364,0.8408551216125488,0.8408551216125488,0.8408551216125488,7.260011616,8.6840535024
uci_har,1.0,static_depth,5,1.0,0.0,274.88211220700003,509.2758899512498,0.8352590549042237,0.8547675609588623,0.8690193295478821,0.8547675609588623,42.81954646110535,0.8501844780341482,0.125,0.6417168216076083,0.5270821878737169,2.878947368421053,0.2592058479785919,0.8522791465123495,0.8482072154680887,0.867548922697703,0.8547675609588623,23.419897258547213,28.98241482807327
pamap2,0.1,ecofed_noQ,6,1.0,0.0,70.0624742938,71.7399219744,0.3296267598049272,0.29975247383117676,0.29678216576576233,0.29975247383117676,16.898946285247803,0.9990513183985261,0.5,0.42607552249493313,0.3345930378443566,1.5078947368421054,21.428611755371094,0.19405940175056458,0.2356435606877009,0.3156765600045522,0.29975247383117676,52.5289038009731,54.10269369418348
uci_har,0.1,fedavg_q8,0,1.0,0.0,37.8206293776,50.92758899512499,0.8400418203556049,0.8350865244865417,0.8428910970687866,0.40956905484199524,14.380336999893188,0.6159307728922834,0.125,0.40789473684210525,0.40789473684210525,1.4736842105263157,4.810815811157227,0.775534451007843,0.848094125588735,0.8832711180051168,0.8350865244865417,10.409565708647541,15.020968692459753
pamap2,0.1,ecofed_noQ,5,1.0,0.0,71.90297999510001,73.31568549119997,0.3776238430683928,0.43016937375068665,0.12400127947330475,0.43016937375068665,17.420828104019165,0.9991627645912753,0.45,0.41094521188672717,0.2924628577052852,1.381578947368421,30.539541244506836,0.08501118421554565,0.3063811659812927,0.3423884113629659,0.43016937375068665,32.46644818027358,34.82744297227585
uci_har,0.1,ecofed_fixtau,3,1.0,0.0,38.62309495499999,50.92758899512501,0.7933957754937135,0.8474154472351074,0.8506956299146017,0.8366700609525045,16.13693332672119,0.8206273579537042,0.25,0.3042314830832113,0.2458216493999853,1.482017543859649,4.978610515594482,0.6594276626904806,0.7579459150632223,0.7738943696022034,0.8474154472351074,15.902809465492734,37.607737181046616
pamap2,0.1,fedavg,0,1.0,0.0,41.94836733600001,72.2939575488,0.20727647135429453,0.19354024529457092,0.21044662594795227,0.12616704404354095,14.55455207824707,0.5519209646212685,0.0,0.32894736842105265,0.32894736842105265,1.1578947368421053,26.23586082458496,0.13827908039093018,0.21860543390115103,0.24417529503504434,0.19354024529457092,,
pamap2,1.0,fedprox,6,1.0,0.0,547.4450241288002,717.399219744,0.5242907408503934,0.5400164922078451,0.5325082540512085,0.3094884554545085,86.5970504283905,0.9629247648140596,0.15,1.0,1.0,4.0,31.456207275390625,0.2929042875766754,0.5487623711427053,0.600907584031423,0.5400164922078451,122.80688562410826,128.55027833405305
pamap2,0.25,fedavg_paced,0,1.0,0.0,131.6427595056,180.73489387199993,0.35950012266380654,0.37025822202364606,0.3198755184809367,0.319370836019516,29.809068202972412,0.5954570556205676,0.15,0.625,0.625,2.4210526315789473,3.1652321815490723,0.2634367843468984,0.28984775642553967,0.37766002615292865,0.37025822202364606,86.36320783276588,
pamap2,0.25,ecofed_fixprec,2,1.0,0.0,151.8071027417,179.349804936,0.5901612435122252,0.672937273979187,0.5937293569246928,0.6666666467984518,33.66775822639465,0.8838168127808632,0.35,0.49560367520468074,0.30568390786766725,2.2811403508771932,2.8250081539154053,0.3035478542248408,0.6342409253120422,0.662953774134318,0.672937273979187,28.758171116293674,29.39730727314922
uci_har,0.25,fedavg,5,1.0,0.0,114.0256284311999,127.31897248781245,0.8378743857580339,0.8761452436447144,0.8853070735931396,0.5609093904495239,23.893569707870483,0.9318104684020808,0.0625,0.6842105263157895,0.6842105263157895,2.736842105263158,1.2033106088638306,0.6542246341705322,0.8660784959793091,0.8761452436447144,0.8761452436447144,28.88411350116586,32.12672838976201
pamap2,1.0,oort,3,1.0,0.0,567.2492512776001,700.6342471679999,0.45337688371864204,0.4555671711762746,0.4405819873015086,0.4709879755973816,84.5890326499939,0.9639915479058669,0.2,1.0,1.0,4.0,8.367101669311523,0.4033803790807724,0.4502526521682739,0.4893709719181061,0.4555671711762746,75.72983833362274,79.16030703299556
uci_har,0.25,ecofed_fixtau,5,1.0,0.0,12.011500005599999,127.31897248781245,0.7213355796975226,0.7217509150505066,0.6420088410377502,0.7217509150505066,8.451111555099487,0.46861992588012313,0.0,0.1821408671805559,0.11264894403896489,0.8526315789473685,18.4896297454834,0.7217509150505066,0.7217509150505066,0.7217509150505066,0.7217509150505066,,
uci_har,0.25,fedavg_single,2,1.0,0.0,116.28526882560001,127.31897248781246,0.8744990920985416,0.8829317688941956,0.8829317688941956,0.16830675303936005,23.10479187965393,0.9329940290131934,0.125,0.6907894736842105,0.6907894736842105,2.736842105263158,4.7137131690979,0.7706141769886017,0.900237520535787,0.8992195328076681,0.8829317688941956,18.299556451158487,23.266298115425663
pamap2,0.25,oort,1,1.0,0.0,138.06094953359994,183.28921372799994,0.2557818208149856,0.12336209416389465,0.12336209416389465,0.05656759440898895,30.643909215927124,0.5970511649484272,0.25,0.6710526315789473,0.6710526315789473,2.6315789473684212,21.328813552856445,0.2507723520199458,0.4417811731497447,0.16086076200008392,0.12336209416389465,51.464358799583415,53.5154952920515
uci_har,0.25,ecofed_fixdepth,1,1.0,0.0,5.2757532984,127.31897248781246,0.6792581597928318,0.6813709139823914,0.6464200615882874,0.427214115858078,5.965362787246704,0.2497722150150785,0.0,0.1337719298245614,0.1337719298245614,0.42105263157894735,3.7486114501953125,0.6813709139823914,0.6813709139823914,0.6813709139823914,0.6813709139823914,,
uci_har,1.0,fedavg_paced,5,1.0,0.0,391.25924698320017,509.2758899512498,0.8731695090319296,0.8864381909370422,0.8864381909370422,0.7926705082257589,58.70492434501648,0.958489621504218,0.25,1.0,1.0,4.0,0.3503475487232208,0.8778418898582458,0.879764715830485,0.8898314634958903,0.8864381909370422,30.628416681824497,35.018906492805705
uci_har,0.25,fedprox,5,1.0,0.0,114.0256284311999,127.31897248781245,0.8355317536979485,0.8754665851593018,0.8863250613212585,0.5626060366630554,26.539254426956177,0.9318104684020808,0.0625,0.6842105263157895,0.6842105263157895,2.736842105263158,1.432294249534607,0.6620291769504547,0.8633638819058737,0.8795385162035624,0.8754665851593018,28.765264846297498,32.16641636175396
pamap2,0.25,ecofed_fixprec,1,1.0,0.0,149.21273930639998,183.28921372799994,0.5382595610301134,0.6662405331929525,0.41962289810180664,0.6927665869394938,34.85147213935852,0.8330312425354942,0.25,0.5943582720610633,0.32681278731073615,2.3074561403508773,4.757050514221191,0.2219026337067286,0.5491637488206228,0.6246937314669291,0.6662405331929525,43.478031148781156,44.07641149854737
uci_har,0.25,ecofed_fixdepth,0,1.0,0.0,6.664492608599999,127.31897248781245,0.8226958548621877,0.8364438414573669,0.8384798169136047,0.4346793293952942,6.39719033241272,0.24251241040845184,0.0,0.1600877192982456,0.1600877192982456,0.5263157894736842,1.1879829168319702,0.8364438414573669,0.8364438414573669,0.8364438414573669,0.8364438414573669,6.664492608599999,
uci_har,0.1,ecofed_noQ,4,1.0,0.0,50.17193123174999,50.92758899512499,0.8018093459700166,0.7794367074966431,0.7919918298721313,0.7641669511795044,13.17931056022644,0.9983227399124711,0.625,0.4441898470157966,0.33829653147456606,1.5342105263157895,8.526424407958984,0.7154733836650848,0.7381518085797628,0.8267164429028829,0.7794367074966431,19.210552383851326,34.780389833282214
uci_har,0.1,oort,3,1.0,0.0,37.2848215824,50.92758899512501,0.8436311652642219,0.8812351822853088,0.8812351822853088,0.44960978627204895,11.856151103973389,0.6211168231357659,0.0,0.35526315789473684,0.35526315789473684,1.263157894736842,6.973511219024658,0.7889379262924194,0.8109942475954691,0.8581608335177103,0.8812351822853088,11.473047910969607,17.558975223882722
pamap2,1.0,fedavg_q8,6,1.0,0.0,521.4950884679998,717.399219744,0.5007697892284282,0.4845709602038066,0.4807755748430888,0.27920791506767273,77.05770921707153,0.9407213865820817,0.25,1.0,1.0,4.0,32.09392547607422,0.2909240921338399,0.5364686449368795,0.6154290437698364,0.4845709602038066,109.31479419159712,116.37899437667355
pamap2,0.1,ecofed_fixtau,5,1.0,0.0,28.7748268524,73.31568549119997,0.38784346007933546,0.4074784318606059,0.5376584529876709,0.4074784318606059,14.485954999923706,0.31120557073736227,0.0,0.26058978551372536,0.20137925919793584,1.2210526315789474,15.603591918945312,0.27229146659374237,0.3545328676700592,0.4074784318606059,0.4074784318606059,,
pamap2,1.0,static_depth,3,1.0,0.0,433.7566983496001,700.6342471679999,0.44656261773024186,0.45879071950912476,0.45033978422482807,0.45879071950912476,60.39252829551697,0.889717591564108,0.1,0.6942218167683132,0.27206032039836947,2.531578947368421,0.8874160051345825,0.4483359456062317,0.47063947717348736,0.5261369546254476,0.45879071950912476,65.17051409604488,71.57407693385898
uci_har,1.0,fedavg_single,0,1.0,0.0,387.3510490464,509.2758899512498,0.8826728052606507,0.8868906100591024,0.8868906100591024,0.09931003302335739,55.69868779182434,0.9566620975518775,0.25,1.0,1.0,4.0,0.9782431125640869,0.8625720938046774,0.8888134956359863,0.894355853398641,0.8868906100591024,22.210872843951943,28.231898226463997
pamap2,1.0,fedavg_q8,2,1.0,0.0,519.9874021367998,717.399219744,0.5466990339928112,0.6061056057612101,0.626980185508728,0.4338283836841583,77.33805322647095,0.9381463918620426,0.15,1.0,1.0,4.0,21.199695587158203,0.29414190848668414,0.46204620599746704,0.636056105295817,0.6061056057612101,115.10877569456011,121.07798137297442
uci_har,1.0,fedprox,7,1.0,0.0,381.5364861624003,509.2758899512498,0.8682180238245796,0.8803302844365438,0.8822531501452128,0.6644044915835062,63.206315755844116,0.9482914899280229,0.3125,1.0,1.0,4.0,1.1459022760391235,0.86370321114858,0.8743354876836141,0.8822531302769979,0.8803302844365438,36.423209861142844,44.720439391741046
uci_har,0.25,oort,1,1.0,0.0,119.50675855320003,127.31897248781246,0.869142808559293,0.8361045122146606,0.8361045122146606,0.6542246341705322,23.2695472240448,0.9949554252582143,0.3125,0.7171052631578947,0.7171052631578947,2.8421052631578947,11.517184257507324,0.8235493898391724,0.8839497764905294,0.8617803454399109,0.8361045122146606,5.2416266736,18.124642677478167
pamap2,0.25,ecofed,7,1.0,0.0,143.50635019679999,175.15856179199997,0.4751826232952742,0.5408607920010885,0.5287506580352783,0.5252657334009806,39.12008023262024,0.8083840261992146,0.25,0.5595554077450328,0.30591672816415194,2.0793859649122806,0.8096596002578735,0.405122846364975,0.47124935189882916,0.5243073801199595,0.5408607920010885,27.023867684470225,27.730070772320634
uci_har,0.1,ecofed,5,1.0,0.0,44.103092389699995,50.92758899512499,0.8122453936800269,0.8560117483139038,0.856916626294454,0.782829999923706,16.759010791778564,0.8994639394649047,0.0625,0.30567449702451843,0.24815661791397053,1.52280701754386,0.9875504970550537,0.709308902422587,0.7064811587333679,0.7969686587651571,0.8560117483139038,7.3343242976524,14.219319166160808
uci_har,0.25,ecofed_fixdepth,7,1.0,0.0,6.607543203,127.31897248781245,0.6175078721241267,0.6223278045654297,0.6223278045654297,0.40753307938575745,6.092331409454346,0.24918950888461378,0.0,0.1600877192982456,0.1600877192982456,0.5263157894736842,3.604783773422241,0.6223278045654297,0.6223278045654297,0.6223278045654297,0.6223278045654297,,
pamap2,0.25,energy_greedy,4,1.0,0.0,134.73018553679995,180.73489387199993,0.33598397715032424,0.2654554545879364,0.26469847559928894,0.2538481056690216,30.584518909454346,0.5972419554530491,0.1,0.6578947368421053,0.6578947368421053,2.6315789473684212,42.915733337402344,0.3329968899488449,0.3080158233642578,0.40777189532915753,0.2654554545879364,,
uci_har,0.25,static_depth,2,1.0,0.0,109.05519584720003,127.31897248781246,0.8308221141374384,0.8470761179924011,0.848546544710795,0.8727519512176514,30.91534113883972,0.9736446282348855,0.1875,0.3006251847608102,0.13085804744514606,1.7157894736842105,0.7616682052612305,0.7976473371187845,0.8419861992200216,0.8579346140225729,0.8470761179924011,12.740285271338573,31.703234192183896
uci_har,1.0,energy_greedy,2,1.0,0.0,341.95295751840007,509.27588995124984,0.8631561533447211,0.8624589840571085,0.8624589840571085,0.6219884753227234,56.71271276473999,0.8746988359656143,0.125,1.0,1.0,4.0,1.636511206626892,0.8819138209025065,0.8751272559165955,0.8660784959793091,0.8624589840571085,25.402488043440623,36.31537638672206
pamap2,0.25,ecofed_fixprec,6,1.0,0.0,148.71896986209998,179.349804936,0.49225211593917184,0.5921617150306702,0.47896039485931396,0.5659240881601969,34.55188703536987,0.8168802602140597,0.2,0.5783495027913537,0.3066313715611462,2.114912280701754,4.607416152954102,0.36757424970467883,0.37194719910621643,0.571864664554596,0.5921617150306702,46.43893154070595,47.72015869492855
pamap2,0.25,ecofed_noQ,6,1.0,0.0,176.5256410479001,179.349804936,0.43518220532576285,0.3596534729003906,0.3480198085308075,0.249504953622818,32.975642919540405,0.9990647253815639,0.6,0.6937129567887731,0.5885926530569888,2.615789473684211,13.984864234924316,0.24438943962256113,0.3354785492022832,0.4993399182955424,0.3596534729003906,69.93090382391453,76.62314978109372
pamap2,1.0,energy_greedy,1,1.0,0.0,564.0093907344,733.1568549119997,0.5136161970504918,0.5192287166913351,0.4822627007961273,0.23426014681657156,94.71869349479675,0.9417210304101338,0.2,1.0,1.0,4.0,34.23041534423828,0.3611377477645874,0.605837861696879,0.6300202210744222,0.5192287166913351,96.9077179902463,100.8453214728085
uci_har,1.0,fedavg_single,5,1.0,0.0,379.80277367280036,509.2758899512498,0.8810168854641371,0.8893790245056152,0.8893790245056152,0.20291822155316672,53.87881088256836,0.9484438727618085,0.25,1.0,1.0,4.0,1.1094670295715332,0.870037317276001,0.9084945122400919,0.9008030891418457,0.8893790245056152,33.86894874574405,40.42878066015044
pamap2,0.1,fedprox,2,1.0,0.0,49.4812010352,71.73992197439999,0.27316396279615446,0.28316831588745117,0.28341585397720337,0.15371286869049072,16.178788900375366,0.5725708348682816,0.05,0.3815789473684211,0.3815789473684211,1.368421052631579,43.620704650878906,0.1258663348853588,0.21699669708808264,0.30066006382306415,0.28316831588745117,,
pamap2,1.0,static_depth,5,1.0,0.0,494.14602503439994,733.1568549119996,0.5998196978030427,0.6372643113136292,0.6304463545481364,0.6872270305951437,68.49433159828186,0.8980211135049967,0.15,0.6375583051663098,0.4696467118989884,2.763157894736842,4.703319072723389,0.4231383800506592,0.6040268540382385,0.6262916922569275,0.6372643113136292,54.478664541401784,55.89899382453305
pamap2,0.25,ecofed_fixtau,7,1.0,0.0,134.03019552759997,175.15856179199997,0.5182282159862701,0.5487018823623657,0.4477260808149974,0.55201256275177,38.94739365577698,0.7386145854762408,0.25,0.5693027569666188,0.2976926616095859,2.0491228070175436,2.0221567153930664,0.3928384780883789,0.4528663555781047,0.5824185411135355,0.5487018823623657,20.355120330215296,21.194127092077096
uci_har,1.0,fedavg_q8,0,1.0,0.0,359.53021134600016,509.2758899512498,0.8804642746197935,0.8858726223309835,0.8954869508743286,0.7553444107373556,59.270833253860474,0.9232910067229992,0.3125,1.0,1.0,4.0,2.285924196243286,0.8692455689112345,0.8775025606155396,0.8963918089866638,0.8858726223309835,20.75041081864758,28.806816283796188
pamap2,1.0,static_depth,7,1.0,0.0,423.5917788587999,700.6342471679999,0.5248774540231634,0.5650810201962789,0.4248126844565074,0.5650810201962789,61.077271461486816,0.8758250424032629,0.05,0.613835968426641,0.20003397849971563,2.357894736842105,3.558251142501831,0.5082767009735107,0.4999999900658925,0.5575012962023417,0.5650810201962789,42.41743864394427,67.93792918153613
uci_har,1.0,fedavg,5,1.0,0.0,379.80277367280036,509.2758899512498,0.8751900834042959,0.8908494512240092,0.8908494512240092,0.7120235363642374,55.61388444900513,0.9484438727618085,0.25,1.0,1.0,4.0,2.6318676471710205,0.8597443898518881,0.8828186790148417,0.8808958331743876,0.8908494512240092,31.40868199014416,42.25832990999578
uci_har,0.1,ecofed_fixdepth,2,1.0,0.0,9.509438973600002,50.927588995125,0.8202510534846262,0.8323718905448914,0.8262640237808228,0.4825246036052704,6.605035066604614,0.582388135928611,0.0,0.27631578947368424,0.27631578947368424,0.9473684210526315,2.6265554428100586,0.7257097562154134,0.8323718905448914,0.8323718905448914,0.8323718905448914,7.1387188536,7.1387188536
pamap2,0.25,fedprox,7,1.0,0.0,142.18200943200003,175.15856179199997,0.35770719258773676,0.28724515438079834,0.29717719554901123,0.28724515438079834,36.16530752182007,0.7942265180581204,0.15,0.6644736842105263,0.6644736842105263,2.6315789473684212,44.80269241333008,0.19589649885892868,0.24577452739079794,0.5082767208417257,0.28724515438079834,73.43350991293315,77.05039253785155
uci_har,0.1,ecofed_fixprec,1,1.0,0.0,43.58285054334999,50.92758899512499,0.8199489414114649,0.8692455689112345,0.8794254064559937,0.8428910772005717,14.438567876815796,0.8409541320139204,0.375,0.3238299109721991,0.19380049980063802,1.7653508771929822,0.7299343943595886,0.7430154879887899,0.8431172966957092,0.8229838212331136,0.8692455689112345,7.84565914211999,13.105359072675139
pamap2,0.25,energy_greedy,6,1.0,0.0,132.99123806160006,179.349804936,0.3325662056697014,0.30990099906921387,0.2839109003543854,0.1881188154220581,30.019920825958252,0.5970430984349053,0.1,0.6644736842105263,0.6644736842105263,2.6315789473684212,35.094947814941406,0.22698019941647848,0.34595709045728046,0.34884488582611084,0.30990099906921387,,
pamap2,0.1,oort,1,1.0,0.0,49.77800777519999,73.31568549119999,0.1931441313329472,0.191754549741745,0.2214765101671219,0.06104186549782753,14.978594064712524,0.5643481531260678,0.15,0.32894736842105265,0.32894736842105265,1.1578947368421053,25.4420166015625,0.2540747821331024,0.21540428201357523,0.16991584251324335,0.191754549741745,,
uci_har,0.1,fedprox,5,1.0,0.0,36.963129715200004,50.92758899512499,0.8207049845154551,0.8629114627838135,0.8629114627838135,0.5008482933044434,12.838740587234497,0.6175898615230917,0.0,0.35526315789473684,0.35526315789473684,1.263157894736842,2.535351037979126,0.646759420633316,0.7078384757041931,0.8803302844365438,0.8629114627838135,19.840795971086102,20.88868960490289
uci_har,1.0,fedprox,2,1.0,0.0,381.70951239359954,509.27588995124984,0.8606650847775625,0.8574821750322977,0.8633638620376587,0.6254948576291403,62.94490694999695,0.945909976197988,0.25,1.0,1.0,4.0,1.8397363424301147,0.8658522963523865,0.8879086176554362,0.8755796949068705,0.8574821750322977,24.9120130849265,31.206132296571532
uci_har,0.25,energy_greedy,2,1.0,0.0,116.28526882560001,127.31897248781246,0.8469603434294211,0.8435697555541992,0.8435697555541992,0.6236851215362549,24.013150215148926,0.9329940290131934,0.125,0.6710526315789473,0.6710526315789473,2.6315789473684212,2.448059320449829,0.7212984959284464,0.8281868696212769,0.8780680696169535,0.8435697555541992,23.473873130625858,33.437385529487095
pamap2,0.1,ecofed_fixprec,7,1.0,0.0,37.69453715399999,70.06342471679999,0.3509372784810912,0.3916187485059102,0.34492071469624835,0.4177557130654653,13.776601791381836,0.4611339217178459,0.1,0.3707784949455451,0.2507317734035186,1.486842105263158,4.170397758483887,0.20979264378547668,0.40076669057210285,0.3973688781261444,0.3916187485059102,14.634963855599999,
pamap2,0.1,fedavg_paced,5,1.0,0.0,50.55449040240001,73.31568549119997,0.37097165104280083,0.4340044856071472,0.4378395676612854,0.45477789640426636,15.115530014038086,0.5724343642804988,0.1,0.3092105263157895,0.3092105263157895,1.263157894736842,3.041238784790039,0.2770853340625763,0.20592308541138968,0.3914988835652669,0.4340044856071472,48.98339219040001,49.84336402008697
pamap2,0.25,static_depth,3,1.0,0.0,166.8640008656,175.15856179199997,0.3927491975775804,0.2898588478565216,0.28881338238716125,0.29639309644699097,36.94006562232971,0.9900742052941014,0.45,0.25424577430319606,0.25424577430319606,1.594736842105263,7.086437225341797,0.331155260403951,0.5155950486660004,0.39388395349184674,0.2898588478565216,36.617319317557445,38.227847818228156
uci_har,1.0,static_depth,7,1.0,0.0,269.6471650606,509.2758899512498,0.8754675710412035,0.889492134253184,0.8920936584472656,0.8238886992136637,41.53912973403931,0.8550876440420007,0.0625,0.5856845409017135,0.4697786559706667,2.6842105263157894,0.16628393530845642,0.8546544512112936,0.8810089230537415,0.8868906299273173,0.889492134253184,19.153068825322595,30.766240696440065
uci_har,0.1,fedavg_single,6,1.0,0.0,36.025229518799996,50.92758899512499,0.8502367598468841,0.8954869508743286,0.8954869508743286,0.1438751220703125,10.78455638885498,0.617045537983325,0.0,0.35526315789473684,0.35526315789473684,1.263157894736842,1.5637476444244385,0.7583983838558197,0.7861101826032003,0.8790860772132874,0.8954869508743286,14.563748623593524,18.184000487859176
pamap2,0.1,fedavg,5,1.0,0.0,50.55449040240002,73.31568549119997,0.363766846549303,0.2665388286113739,0.1236816868185997,0.2665388286113739,15.091471910476685,0.5724343642804988,0.1,0.35526315789473684,0.35526315789473684,1.263157894736842,30.99285888671875,0.2937040627002716,0.34505167603492737,0.5034622251987457,0.2665388286113739,33.074356870931084,35.036534790731636
pamap2,0.25,static_depth,1,1.0,0.0,177.0444325064,183.28921372799994,0.4849090047157899,0.4723553955554962,0.12048577517271042,0.4723553955554962,37.59324502944946,0.995252057055766,0.45,0.2368568708734739,0.2368568708734739,1.5315789473684212,11.733260154724121,0.3008415897687276,0.478960245847702,0.6546287536621094,0.4723553955554962,23.798229899376754,25.782222008013168
uci_har,1.0,ecofed,0,1.0,0.0,178.15972370269992,509.2758899512498,0.8740273031445029,0.8695848981539408,0.8695848981539408,0.8701504270235697,36.45842385292053,0.6213747188674645,0.0625,0.6552655271886517,0.4038236535088006,2.431578947368421,0.37437477707862854,0.8493383129437765,0.8648342887560526,0.8695848981539408,0.8695848981539408,14.93531608802359,17.750382474018526
uci_har,0.25,fedprox,0,1.0,0.0,118.13112931679998,127.31897248781245,0.8597771994282486,0.8696979880332947,0.8625721335411072,0.4394299387931824,27.44744062423706,0.9939668177384381,0.1875,0.6710526315789473,0.6710526315789473,2.6315789473684212,4.255244731903076,0.776608963807424,0.8424386183420817,0.8875692884127299,0.8696979880332947,23.56172815093167,34.021596568957214
pamap2,0.25,energy_greedy,2,1.0,0.0,134.08023368640002,179.349804936,0.4362200667066626,0.39628714323043823,0.38836634159088135,0.1507425755262375,29.058597087860107,0.5978447912627829,0.05,0.6578947368421053,0.6578947368421053,2.6315789473684212,111.61205291748047,0.27953795591990155,0.4523927370707194,0.5248349905014038,0.39628714323043823,40.754619678255025,46.832029212368184
uci_har,0.25,energy_greedy,3,1.0,0.0,115.17117810240005,127.31897248781246,0.8514392402294152,0.8686800003051758,0.8686800003051758,0.6287750005722046,24.361663818359375,0.9319652438822102,0.1875,0.6907894736842105,0.6907894736842105,2.736842105263158,2.705756187438965,0.8132564226786295,0.8638163208961487,0.873430609703064,0.8686800003051758,7.987187171388209,19.57993524292668
pamap2,0.1,fedavg_single,2,1.0,0.0,49.4812010352,71.73992197439999,0.2868255387393517,0.28019800782203674,0.28019800782203674,0.1329207867383957,14.191789627075195,0.5725708348682816,0.05,0.3815789473684211,0.3815789473684211,1.368421052631579,26.878074645996094,0.19492574781179428,0.24240924417972565,0.3309405893087387,0.28019800782203674,,
uci_har,0.25,ecofed_noQ,7,1.0,0.0,126.48074598015002,127.31897248781245,0.8322346600863042,0.7821513414382935,0.8459450006484985,0.7821513414382935,24.878318309783936,0.9996632621253503,0.75,0.6596871731321192,0.6315368126260225,2.6526315789473687,2.8385839462280273,0.6942653357982635,0.8167627851168314,0.885080873966217,0.7821513414382935,31.701869884310497,34.9010081454362
pamap2,0.1,static_depth,2,1.0,0.0,63.64560989120001,71.73992197439999,0.4844179779073968,0.4658415913581848,0.10000000149011612,0.4982673227787018,21.745307683944702,0.9641087317539737,0.05,0.33450444339623564,0.0,1.0736842105263158,2.5328285694122314,0.37557755907376605,0.4771452148755391,0.49942244092623395,0.4658415913581848,14.513502555586612,16.381873372335598
uci_har,1.0,fedavg_paced,3,1.0,0.0,389.3542682328001,509.27588995124984,0.8894230675896007,0.9101911584536234,0.9118878046671549,0.7720846136411031,58.2694947719574,0.956583195315636,0.3125,1.0,1.0,4.0,0.6106761693954468,0.8756927847862244,0.8942427237828573,0.9041963617006937,0.9101911584536234,31.560064218845632,34.26191176675756
uci_har,0.1,static_depth,0,1.0,0.0,49.11761166100002,50.92758899512499,0.8572551249624171,0.8812351822853088,0.08585001528263092,0.8812351822853088,23.361865043640137,0.9949901585324005,0.375,0.41442792283911906,0.0,1.2526315789473683,5.210785388946533,0.7943671544392904,0.8373486995697021,0.8706028660138448,0.8812351822853088,5.70141737156977,13.389470273431176
uci_har,1.0,oort,4,1.0,0.0,394.5827708087998,509.2758899512498,0.8656110996291364,0.8545413414637247,0.8701504270235697,0.67232213417689,59.67587494850159,0.9536770220011167,0.1875,1.0,1.0,4.0,7.818779945373535,0.8778418699900309,0.8823662598927816,0.8732043902079264,0.8545413414637247,15.00673690590232,18.369116063104197
uci_har,0.1,energy_greedy,0,1.0,0.0,36.65701977959999,50.92758899512499,0.8562688812402757,0.8788598775863647,0.8788598775863647,0.3837801218032837,11.973423957824707,0.6168001876923125,0.0,0.32894736842105265,0.32894736842105265,1.1578947368421053,2.674025535583496,0.7840176522731781,0.8146137396494547,0.8762583533922831,0.8788598775863647,10.861850345456098,15.666733267939842
uci_har,0.1,fedavg,5,1.0,0.0,36.963129715200004,50.92758899512499,0.8372145795229463,0.8411944508552551,0.8411944508552551,0.45605701208114624,12.593161582946777,0.6175898615230917,0.0,0.35526315789473684,0.35526315789473684,1.263157894736842,6.409023761749268,0.7901255488395691,0.8132564226786295,0.8690193295478821,0.8411944508552551,10.785704093464458,18.124370019736517
pamap2,1.0,ecofed,7,1.0,0.0,447.8340045546002,700.6342471679999,0.5171138397680378,0.5479177435239156,0.5270953178405762,0.5344136555989584,84.05477237701416,0.8828019905974918,0.05,0.988269727876026,0.8238561604259528,3.6842105263157903,0.9682910442352295,0.5459139247735342,0.5428646008173624,0.4969506859779358,0.5479177435239156,61.786742765827334,62.59699388546683
pamap2,0.1,fedprox,4,1.0,0.0,48.280195104,72.29395754879998,0.2777543502655455,0.3065859079360962,0.33106231689453125,0.19732525944709778,15.972681283950806,0.5659653260985629,0.0,0.32894736842105265,0.32894736842105265,1.1578947368421053,15.565964698791504,0.22066615521907806,0.2482126255830129,0.27193203568458557,0.3065859079360962,,
pamap2,0.1,static_depth,5,1.0,0.0,64.8304755696,73.31568549119997,0.41230761685271333,0.2195589691400528,0.0025567275006324053,0.2195589691400528,22.349074363708496,0.9592526227539298,0.2,0.33383153804631205,0.0,1.0684210526315787,2.86055064201355,0.27207841475804645,0.3545328676700592,0.31841908891995746,0.2195589691400528,21.01674757219029,21.91681944290892
pamap2,0.1,static_depth,6,1.0,0.0,63.217268950799976,71.7399219744,0.3990121040611061,0.2938118875026703,0.09034653753042221,0.2938118875026703,22.120473861694336,0.9567185458284163,0.05,0.3377433310326249,0.0,1.1263157894736842,3.313471555709839,0.21287128825982413,0.38085809350013733,0.49455446004867554,0.2938118875026703,23.332538905798458,23.990226730215674
pamap2,1.0,fedavg_single,1,1.0,0.0,564.2517933479998,733.1568549119997,0.49727150789975383,0.34824757774670917,0.34824757774670917,0.159688929716746,80.03696703910828,0.963150390351073,0.2,1.0,1.0,4.0,20.43572235107422,0.49579206109046936,0.6028550068537394,0.5999787052472433,0.34824757774670917,47.65152560635192,52.93372046898937
uci_har,0.1,ecofed_fixtau,5,1.0,0.0,37.974722372399995,50.92758899512499,0.811511586281375,0.8443614840507507,0.8457188010215759,0.7684651215871176,15.57083511352539,0.8300288905576177,0.0625,0.31761266950762307,0.2388405029921131,1.412719298245614,3.29192852973938,0.7776269714037577,0.8210609555244446,0.8366700609525045,0.8443614840507507,5.342719217247279,28.637977382943458
pamap2,0.25,ecofed,3,1.0,0.0,148.0388826117,175.15856179199997,0.4680653281258932,0.5098449091116587,0.45521867275238037,0.5098449091116587,39.178293228149414,0.8602029325719223,0.2,0.5761648629748813,0.3095937744243871,2.1188596491228067,1.3475887775421143,0.4041644831498464,0.4753441313902537,0.4736887911955516,0.5098449091116587,26.936201157096104,36.1638168375144
pamap2,0.1,static_depth,3,1.0,0.0,64.4801702252,70.06342471679999,0.4082599539879378,0.47987455129623413,0.1515943557024002,0.4472033381462097,22.502323627471924,0.9765965221834436,0.2,0.33782797056014563,0.0,1.0789473684210527,2.2891533374786377,0.21414880454540253,0.3753267178932826,0.3870883385340373,0.47987455129623413,20.61120681772885,22.492021220885082
uci_har,0.25,ecofed_fixtau,7,1.0,0.0,17.097339210900003,127.31897248781245,0.7919803551022452,0.7991177439689636,0.7991177439689636,0.7186969518661499,10.123759508132935,0.37339097041575053,0.0,0.21406117362361798,0.13865408769918883,1.1065789473684209,2.5309507846832275,0.7798891464869181,0.7991177439689636,0.7991177439689636,0.7991177439689636,15.496905665771404,
uci_har,1.0,energy_greedy,7,1.0,0.0,344.75985775559957,509.2758899512498,0.8742586062542,0.8798778454462687,0.884175976117452,0.6768465240796407,59.863789558410645,0.8789641063230702,0.1875,1.0,1.0,4.0,0.5140424370765686,0.8743354678153992,0.8771632313728333,0.8778418699900309,0.8798778454462687,12.961520861308932,22.412846232556852
pamap2,0.1,energy_greedy,3,1.0,0.0,41.3037763104,70.06342471679999,0.2573377711189892,0.21562990546226501,0.272347092628479,0.21562990546226501,13.996970653533936,0.5636000236015648,0.0,0.3026315789473684,0.3026315789473684,1.0526315789473684,19.793752670288086,0.24137479811906815,0.2608468383550644,0.31155253450075787,0.21562990546226501,,
pamap2,0.25,oort,5,1.0,0.0,139.1187786648,183.2892137279999,0.3731172811936217,0.25822946429252625,0.13742409646511078,0.25822946429252625,31.190767288208008,0.5972196470617929,0.3,0.6776315789473685,0.6776315789473685,2.6315789473684212,52.00674819946289,0.18429743746916452,0.42494940757751465,0.4643656114737193,0.25822946429252625,71.60174551535596,72.82878854323056
uci_har,0.1,fedavg_paced,2,1.0,0.0,36.270551414399996,50.927588995125,0.8188112306310741,0.8554462194442749,0.8554462194442749,0.6155412197113037,11.755405902862549,0.618619956575522,0.0,0.37280701754385964,0.37280701754385964,1.1578947368421053,2.193242311477661,0.7047845423221588,0.823775589466095,0.861214796702067,0.8554462194442749,11.757181454399998,16.977007840698963
pamap2,1.0,ecofed,5,1.0,0.0,481.2833818218,733.1568549119996,0.6359293774377137,0.6973474025726318,0.6780653993288676,0.7058698137601217,84.0283899307251,0.8860786534615439,0.1,0.9895507751613231,0.8330798240872518,3.6789473684210527,3.1342661380767822,0.5071907937526703,0.6092468500137329,0.6971343358357748,0.6973474025726318,56.593003488172,57.897486889064545
uci_har,0.1,fedavg,4,1.0,0.0,36.70517937239999,50.92758899512499,0.8041220797327497,0.8391584753990173,0.8394978046417236,0.5490329265594482,12.488640785217285,0.6179494594540492,0.0625,0.3815789473684211,0.3815789473684211,1.368421052631579,4.695912837982178,0.6907024085521698,0.7311390042304993,0.8487727840741476,0.8391584753990173,17.479977649965164,22.023134870870845
pamap2,0.25,ecofed_noZ,6,1.0,0.0,142.55546376499996,179.349804936,0.5002969695718807,0.5556930700937907,0.4602310160795848,0.5556930700937907,40.97798275947571,0.8153166922772385,0.05,0.6439376107999153,0.1829207792935062,1.9100877192982455,5.044297218322754,0.39843234419822693,0.44900989532470703,0.5415016611417135,0.5556930700937907,25.22385175679865,27.14170100278747
pamap2,0.25,ecofed_fixtau,2,1.0,0.0,140.8576198274,179.349804936,0.5871769062013381,0.7045379479726156,0.4622112214565277,0.7210395932197571,39.085845708847046,0.8170853362898398,0.2,0.5691124529375886,0.32707245017113995,2.0978070175438597,2.7438852787017822,0.36666666467984516,0.5749174952507019,0.6255775491396586,0.7045379479726156,22.708276173636936,22.951629911551485
pamap2,1.0,static_depth,1,1.0,0.0,486.12059395040006,733.1568549119997,0.5935873367800564,0.6493022243181864,0.42420369386672974,0.6529242396354675,64.7310242652893,0.8963081038850157,0.15,0.6252780256863025,0.4346458873858296,2.6526315789473682,6.500530242919922,0.6254394253094991,0.48503249883651733,0.5917758544286092,0.6493022243181864,21.860549765564265,23.90649379371024
pamap2,0.1,fedavg_q8,2,1.0,0.0,50.8928962128,71.73992197439999,0.2911796817854415,0.29158416390419006,0.29158416390419006,0.14826732873916626,16.450722217559814,0.5808413012367758,0.1,0.4342105263157895,0.4342105263157895,1.5789473684210527,51.959693908691406,0.12821782007813454,0.2282178228100141,0.26146864394346875,0.29158416390419006,,
pamap2,0.25,oort,0,1.0,0.0,131.64275950559997,180.73489387199993,0.3524139814541788,0.38405248522758484,0.28387585282325745,0.2593994438648224,29.65224814414978,0.5954570556205676,0.15,0.6842105263157895,0.6842105263157895,2.736842105263158,18.000829696655273,0.32307174801826477,0.3359407881895701,0.36218353112538654,0.38405248522758484,76.53593609877359,
uci_har,1.0,fedavg_single,6,1.0,0.0,375.582653976,509.2758899512498,0.8922740829695306,0.9095124999682108,0.9095124999682108,0.16898541152477264,54.16176891326904,0.9455913813256122,0.375,1.0,1.0,4.0,0.7572996616363525,0.876823902130127,0.9032914837201437,0.9231987198193868,0.9095124999682108,39.11026130068735,45.71275827642453
uci_har,0.1,fedprox,6,1.0,0.0,36.025229518799996,50.92758899512499,0.8178422410866213,0.8520529270172119,0.8520529270172119,0.4129623472690582,12.893060684204102,0.617045537983325,0.0,0.35526315789473684,0.35526315789473684,1.263157894736842,2.134718179702759,0.7295554876327515,0.7764958739280701,0.8224182923634847,0.8520529270172119,14.833540984978441,17.060327730040783
uci_har,0.1,fedavg_paced,1,1.0,0.0,37.179538128,50.92758899512499,0.8437422548440088,0.8622328042984009,0.8622328042984009,0.6613505482673645,11.809643507003784,0.6193326136560898,0.0,0.3991228070175438,0.3991228070175438,1.4736842105263157,4.111584663391113,0.7421106100082397,0.8217396338780721,0.878294308980306,0.8622328042984009,4.086855733199999,12.113746965599999
pamap2,0.1,fedavg_single,6,1.0,0.0,46.26925878,71.7399219744,0.2355856046093958,0.21980197727680206,0.21980197727680206,0.02054455503821373,14.613072872161865,0.5601004454621428,0.05,0.35526315789473684,0.35526315789473684,1.263157894736842,13.645517349243164,0.05000000074505806,0.20907590414086977,0.2644389520088832,0.21980197727680206,,
pamap2,0.25,ecofed_fixtau,6,1.0,0.0,141.96244103100005,179.349804936,0.5181033117167475,0.6146039764086405,0.47623762488365173,0.6042904456456503,37.97764587402344,0.8063550528973817,0.15,0.5791926308710668,0.3227959255406062,2.180263157894737,2.541297674179077,0.32838283479213715,0.5599009990692139,0.45214521884918213,0.6146039764086405,27.57952224055448,29.606629563218533
uci_har,0.1,oort,1,1.0,0.0,37.179538128000004,50.92758899512499,0.7959595906508429,0.6990159749984741,0.5622667074203491,0.4716660976409912,11.927189826965332,0.6193326136560898,0.0,0.3815789473684211,0.3815789473684211,1.368421052631579,15.969382286071777,0.7210722863674164,0.7724239428838094,0.8979753653208414,0.6990159749984741,16.522548558891213,20.113616311334837
pamap2,0.1,fedavg_single,5,1.0,0.0,50.55449040240002,73.31568549119997,0.2816572599711152,0.1620326042175293,0.1527644544839859,0.1620326042175293,14.348744869232178,0.5724343642804988,0.1,0.35526315789473684,0.35526315789473684,1.263157894736842,18.1397647857666,0.24576541781425476,0.30584850907325745,0.41323105494181317,0.1620326042175293,39.36367534138285,40.72866846635436
uci_har,0.1,energy_greedy,7,1.0,0.0,36.3693625848,50.927588995125,0.8236204735830055,0.8092975616455078,0.8092975616455078,0.3322022259235382,12.653747797012329,0.6161636471928962,0.0,0.32894736842105265,0.32894736842105265,1.1578947368421053,6.714863300323486,0.7429589629173279,0.8158579270044962,0.8778418898582458,0.8092975616455078,12.961520861308932,17.881851541969592
uci_har,1.0,energy_greedy,5,1.0,0.0,365.53650914879967,509.2758899512498,0.8804057366667859,0.8859857519467672,0.894808272520701,0.7103269100189209,58.25923252105713,0.9196502306209976,0.125,1.0,1.0,4.0,1.2113776206970215,0.8745617071787516,0.8770501216252645,0.8922067681948344,0.8859857519467672,3.7060740695999996,14.947201259417875
pamap2,0.1,fedavg_q8,1,1.0,0.0,49.0225156536,73.31568549119999,0.16960370980477782,0.16682645678520203,0.16682645678520203,0.05720677599310875,15.896108865737915,0.5642248121393565,0.0,0.3815789473684211,0.3815789473684211,1.368421052631579,34.53508377075195,0.19207414984703064,0.20187493662039438,0.1310322806239128,0.16682645678520203,,
uci_har,0.25,oort,0,1.0,0.0,118.1311293168,127.31897248781245,0.8750911088769423,0.8927723169326782,0.8965049386024475,0.517475426197052,23.306032419204712,0.9939668177384381,0.1875,0.6842105263157895,0.6842105263157895,2.736842105263158,0.8185535073280334,0.8186856706937155,0.8896052638689677,0.8872299591700236,0.8927723169326782,4.553666838,17.216712677128022
pamap2,0.25,ecofed_noZ,5,1.0,0.0,149.23496372289998,183.2892137279999,0.5851290711777599,0.6036007404327393,0.48897411425908405,0.7138596177101135,42.33888077735901,0.8672260484380776,0.2,0.5966231893816363,0.19099534785018166,1.9587719298245616,3.573948621749878,0.3984233538309733,0.5388302902380625,0.6919143398602804,0.6036007404327393,19.088993641446503,19.3633328139978
pamap2,0.1,ecofed_noZ,7,1.0,0.0,22.565665182600032,70.06342471679999,0.33768902638690446,0.3348144292831421,0.14244641363620758,0.36905384063720703,14.503676176071167,0.43568655427821523,0.0,0.2576778551129081,0.04389400842490088,1.0991228070175438,4.592777729034424,0.3550270100434621,0.3535459041595459,0.3348144292831421,0.3348144292831421,8.775786610776748,8.989131108533128
pamap2,0.1,ecofed_noZ,6,1.0,0.0,13.004012144699997,71.7399219744,0.23147061520499232,0.22549505531787872,0.22549505531787872,0.25396040081977844,10.674607038497925,0.4713375009690004,0.0,0.22542348693614345,0.04346149441330784,0.7890350877192983,5.847732067108154,0.3501650194327037,0.22549505531787872,0.22549505531787872,0.22549505531787872,,
uci_har,0.25,ecofed_noZ,1,1.0,0.0,50.78123282415001,127.31897248781246,0.811002992802082,0.8112204670906067,0.7960638006528219,0.8112204670906067,23.573976516723633,0.5896444296484039,0.0,0.3567064337820073,0.01659922002996692,1.5263157894736843,1.2262123823165894,0.8297703862190247,0.8443614840507507,0.8112204670906067,0.8112204670906067,10.033587418858998,32.41488171895128
pamap2,0.25,oort,3,1.0,0.0,140.407854324,175.15856179199997,0.3600428147304857,0.32828018069267273,0.2916884422302246,0.32828018069267273,30.794633150100708,0.7451954771033017,0.2,0.6710526315789473,0.6710526315789473,2.6315789473684212,45.92313003540039,0.2381948083639145,0.3499738574028015,0.4377940396467845,0.32828018069267273,72.41153279983602,76.35813394230944
uci_har,0.1,fedavg_single,0,1.0,0.0,36.6570197796,50.92758899512499,0.8349609867901832,0.898201584815979,0.898201584815979,0.12623006105422974,10.626554012298584,0.6168001876923125,0.0,0.32894736842105265,0.32894736842105265,1.1578947368421053,0.9863916039466858,0.6140142381191254,0.7015043497085571,0.9032914638519287,0.898201584815979,17.672388564754076,19.777459391086076
uci_har,0.25,ecofed_fixprec,2,1.0,0.0,78.26392917459998,127.31897248781246,0.83103643222936,0.8441352844238281,0.8502431909243265,0.8416468699773153,20.784302234649658,0.6984617256798732,0.0,0.33513632967275075,0.22250768872766455,1.855263157894737,0.19705136120319366,0.7772876421610514,0.8199298779169718,0.8373487194379171,0.8441352844238281,15.575421417632496,41.413228791632825
pamap2,1.0,energy_greedy,0,1.0,0.0,514.4194573271999,722.9395754879997,0.3982898036639076,0.4399024347464244,0.49970560272534686,0.2661283512910207,91.01055383682251,0.9136271703220223,0.0,1.0,1.0,4.0,3.972740411758423,0.35444528857866925,0.41416435440381366,0.3795104722181956,0.4399024347464244,158.7124027193029,161.66793199662325
uci_har,0.1,ecofed,0,1.0,0.0,44.09165428139999,50.92758899512499,0.8497956633821413,0.8899445732434591,0.8844022154808044,0.8501300613085429,16.66773509979248,0.8934406874491896,0.3125,0.2748751260646931,0.21748982520105678,1.5232456140350876,0.9228970408439636,0.7876936992009481,0.8228707114855448,0.8775025407473246,0.8899445732434591,6.597135238254676,16.867331623175367
uci_har,0.25,ecofed_fixtau,0,1.0,0.0,12.178920688800002,127.31897248781245,0.7620425421198556,0.7638276219367981,0.7505938410758972,0.7638276219367981,9.166272640228271,0.4330131646417307,0.0,0.18792189362388256,0.09276876856684416,0.7973684210526316,8.080821990966797,0.7638276219367981,0.7638276219367981,0.7638276219367981,0.7638276219367981,6.954530006628767,
uci_har,0.1,fedavg_paced,3,1.0,0.0,37.28482158239999,50.92758899512501,0.8114604844062443,0.854428231716156,0.8564642071723938,0.6759416460990906,11.730762720108032,0.6211168231357659,0.0,0.4057017543859649,0.4057017543859649,1.4736842105263157,2.143014430999756,0.7760434448719025,0.8241149385770162,0.8275082111358643,0.854428231716156,9.7447933656,9.7447933656
uci_har,0.1,ecofed_fixprec,3,1.0,0.0,43.641432291099996,50.92758899512501,0.8052494395439899,0.8387060165405273,0.8387060165405273,0.7569279670715332,13.639169454574585,0.8832778927178807,0.1875,0.29423513781584093,0.19369230797164994,1.5236842105263158,4.7803497314453125,0.745390772819519,0.8167628248532613,0.8056780894597372,0.8387060165405273,8.44561761504528,43.603545860091494
pamap2,1.0,fedavg_paced,4,1.0,0.0,571.1191555439999,722.9395754879997,0.39328162430980584,0.42148203651110333,0.45310791333516437,0.42148203651110333,78.8461492061615,0.9683931204436953,0.15,1.0,1.0,4.0,3.667579174041748,0.3281184335549672,0.420893261830012,0.4020523130893707,0.42148203651110333,216.5239985301003,
uci_har,1.0,oort,1,1.0,0.0,383.6614445135998,509.27588995124984,0.9006859292191283,0.9066847761472067,0.9069109956423441,0.7223164836565653,58.817686557769775,0.922449493923911,0.3125,1.0,1.0,4.0,1.461411952972412,0.8901707927385966,0.9103042682011923,0.9084945122400919,0.9066847761472067,5.2416266736,18.124642677478167
uci_har,1.0,fedprox,4,1.0,0.0,383.1761852688,509.2758899512498,0.8564252416051439,0.8445877234141032,0.8553331096967062,0.6526410977045695,62.592570543289185,0.9501608606686708,0.1875,1.0,1.0,4.0,3.8592989444732666,0.8718470732371012,0.8807827234268188,0.881687601407369,0.8445877234141032,34.98293351764118,47.201824633557095
uci_har,0.1,ecofed_fixprec,7,1.0,0.0,44.079095402600004,50.927588995125,0.7820244503064468,0.8105417887369791,0.8138219714164734,0.7563623984654745,14.583343267440796,0.865037867865665,0.25,0.2874548933344611,0.17556877865654846,1.5864035087719297,0.653839111328125,0.749688963095347,0.7882592479387919,0.7961768905321757,0.8105417887369791,25.992584336751094,
pamap2,0.25,ecofed_fixprec,7,1.0,0.0,145.3596887168,175.15856179199997,0.4546557014408017,0.5276180406411489,0.4365743100643158,0.5178602437178293,34.66346096992493,0.8148419631443893,0.35,0.4925417144450545,0.2974694929595394,1.9438596491228073,2.413935899734497,0.29543474316596985,0.4093047579129537,0.4118313292662303,0.5276180406411489,54.50974486585827,60.455419188589595
uci_har,0.25,fedprox,2,1.0,0.0,116.28526882560001,127.31897248781246,0.8589559688261299,0.84764164686203,0.84764164686203,0.6437054872512817,26.642749309539795,0.9329940290131934,0.125,0.6907894736842105,0.6907894736842105,2.736842105263158,3.9448397159576416,0.7813030183315277,0.8820269107818604,0.8845153252283732,0.84764164686203,17.289443927337363,24.71982025945791
pamap2,0.25,fedavg_q8,7,1.0,0.0,140.97212953439993,175.15856179199997,0.36770952334138435,0.3486670255661011,0.35912179946899414,0.3486670255661011,34.41530919075012,0.7932458193375795,0.2,0.6973684210526315,0.6973684210526315,2.736842105263158,31.963741302490234,0.2062205970287323,0.28611255685488385,0.45582854747772217,0.3486670255661011,67.68683137584677,74.31010276726045
pamap2,0.25,ecofed,0,1.0,0.0,149.25456385020004,180.73489387199993,0.38792591671134913,0.4766590893268585,0.47506096959114075,0.49945329626401264,38.249574184417725,0.8266233941805959,0.3,0.590211070157319,0.32587187643737864,2.1741228070175445,1.183524250984192,0.35057616233825684,0.2819412847359975,0.3486415942509969,0.4766590893268585,111.8021744654931,116.83810005566312
uci_har,0.1,ecofed_fixprec,4,1.0,0.0,43.85442050440001,50.92758899512499,0.8367401280018505,0.894355853398641,0.890962560971578,0.8864381909370422,13.165592908859253,0.8721930579219013,0.1875,0.2796888867405331,0.19195637888233075,1.3078947368421054,0.524712324142456,0.755570650100708,0.8134826421737671,0.8445877234141032,0.894355853398641,7.112179735825065,13.283485760677658
pamap2,0.25,fedavg_paced,3,1.0,0.0,140.40785432400008,175.15856179199997,0.3411916170429392,0.41540337602297467,0.39684614539146423,0.35284892717997235,30.402300596237183,0.7451954771033017,0.2,0.5789473684210527,0.5789473684210527,2.1052631578947367,2.589700222015381,0.18452692031860352,0.31381773948669434,0.36870535214742023,0.41540337602297467,,
pamap2,0.25,fedavg,6,1.0,0.0,132.9912380615999,179.349804936,0.37389549745825457,0.37821781635284424,0.3678217828273773,0.2878713011741638,31.363271474838257,0.5970430984349053,0.1,0.6710526315789473,0.6710526315789473,2.6315789473684212,51.72831726074219,0.21394388874371847,0.34397690494855243,0.44207920630772907,0.37821781635284424,69.04542063842763,88.00259984897087
uci_har,0.1,ecofed_noZ,2,1.0,0.0,38.898835536200004,50.927588995125,0.8070704231775188,0.8450401624043783,0.8267164429028829,0.8420993089675903,19.34733247756958,0.9100637324020849,0.125,0.22017311268353876,0.04484434427929824,1.210964912280702,1.7470144033432007,0.7372469305992126,0.8016061584154764,0.8315801421801249,0.8450401624043783,10.305199782375169,36.19485822191849
uci_har,0.25,fedavg,6,1.0,0.0,113.10065545200001,127.31897248781245,0.8353894812550202,0.8778418898582458,0.8778418898582458,0.5405496954917908,24.147055864334106,0.8707575069050378,0.125,0.6907894736842105,0.6907894736842105,2.736842105263158,1.773037075996399,0.6784865856170654,0.868566890557607,0.8742223580678304,0.8778418898582458,25.67282447656522,28.77993889898975
uci_har,0.1,ecofed_noQ,1,1.0,0.0,50.3392313014,50.92758899512499,0.8201205329087412,0.8282999396324158,0.8282999396324158,0.7655242681503296,13.176980018615723,0.9990765015647461,0.8125,0.4977456586729895,0.36317857481995736,1.692105263157895,4.1940693855285645,0.8045470118522644,0.758963922659556,0.814048190911611,0.8282999396324158,5.2416266736,30.60498846456392
pamap2,0.25,ecofed,2,1.0,0.0,147.94618556179995,179.349804936,0.5858304685559041,0.6238448818524679,0.5456270575523376,0.6238448818524679,37.51348376274109,0.8569696115178433,0.15,0.5402949971930499,0.30682860188927447,2.075438596491228,2.209655523300171,0.38201319177945453,0.605940580368042,0.6691419084866842,0.6238448818524679,25.22588300801909,26.597732924805477
pamap2,0.1,fedavg_q8,7,1.0,0.0,41.401601342400006,70.06342471679999,0.2920031246024366,0.2605854570865631,0.18191322684288025,0.2605854570865631,15.859140634536743,0.5450599065130228,0.1,0.35526315789473684,0.35526315789473684,1.263157894736842,26.129924774169922,0.23719289153814316,0.23985014855861664,0.42237324515978497,0.2605854570865631,,
pamap2,0.1,ecofed_noQ,4,1.0,0.0,71.05160279680001,72.29395754879998,0.29697069879919163,0.2684834599494934,0.26015645265579224,0.2684834599494934,17.261428117752075,0.9990934381098928,0.55,0.39986600745822964,0.29112887839320445,1.368421052631579,29.108901977539062,0.2066616266965866,0.25494153797626495,0.2668853501478831,0.2684834599494934,,
uci_har,0.25,ecofed,1,1.0,0.0,71.48776027559998,127.31897248781246,0.8305069658997914,0.8609885573387146,0.8323719104131063,0.8609885573387146,28.087969303131104,0.5960024985263965,0.0,0.3923691482853632,0.24830376854575342,2.0526315789473686,3.191196918487549,0.7774007519086202,0.8280737400054932,0.8380273580551147,0.8609885573387146,9.335326074286982,15.00415436504023
pamap2,1.0,fedavg_paced,6,1.0,0.0,566.3065336872,717.399219744,0.5673105949028902,0.5836633443832397,0.6306930581728617,0.5587458610534668,80.28163027763367,0.973279712799089,0.15,1.0,1.0,4.0,2.829711675643921,0.45412541429201764,0.588943878809611,0.6465346614519755,0.5836633443832397,63.12734566733306,66.12253939953044
uci_har,0.1,fedavg_q8,2,1.0,0.0,37.599529732799994,50.927588995125,0.8524281428049254,0.8534102439880371,0.8534102439880371,0.49032914638519287,14.245885610580444,0.6172683423229096,0.0625,0.4605263157894737,0.4605263157894737,1.6842105263157894,2.514258623123169,0.8025110363960266,0.8885872761408488,0.8775025407473246,0.8534102439880371,8.062886628456102,13.139977534152896
uci_har,0.25,fedavg_q8,6,1.0,0.0,119.80497048719988,127.31897248781245,0.8436103996818479,0.8802171945571899,0.8802171945571899,0.5381743907928467,28.201151609420776,0.9942310343955402,0.25,0.7697368421052632,0.7697368421052632,3.0526315789473686,2.135777711868286,0.7178486585617065,0.8622327645619711,0.8807827234268188,0.8802171945571899,24.87176018386925,29.427985314780685
uci_har,0.1,fedavg_paced,4,1.0,0.0,36.705179372399996,50.92758899512499,0.8158012024181375,0.8656260371208191,0.8656260371208191,0.6057007312774658,11.946672201156616,0.6179494594540492,0.0625,0.3464912280701754,0.3464912280701754,1.1578947368421053,1.7157750129699707,0.6757719814777374,0.8355389634768168,0.8804433941841125,0.8656260371208191,10.061413071339471,14.404867312799999
pamap2,0.25,fedavg_single,4,1.0,0.0,134.7301855367999,180.73489387199993,0.2969080912476495,0.2624274492263794,0.2624274492263794,0.11304567009210587,28.282748699188232,0.5972419554530491,0.1,0.6710526315789473,0.6710526315789473,2.6315789473684212,53.92328643798828,0.21011019249757132,0.2968289951483409,0.413743793964386,0.2624274492263794,,
uci_har,0.1,ecofed_noQ,6,1.0,0.0,50.13459712119998,50.92758899512499,0.7977166888541694,0.8371224999427795,0.8371224999427795,0.6942653656005859,13.093875646591187,0.9976772346768724,0.75,0.4887829944575691,0.36224501651759095,1.689473684210526,4.954195499420166,0.7037665247917175,0.7326094309488932,0.8512611786524454,0.8371224999427795,21.41077691226652,26.654961061441877
pamap2,0.1,fedavg_single,1,1.0,0.0,49.77800777519999,73.31568549119999,0.20910609151037435,0.22850750386714935,0.22850750386714935,0.09076382219791412,14.484432458877563,0.5643481531260678,0.15,0.32894736842105265,0.32894736842105265,1.1578947368421053,11.999094009399414,0.19079577922821045,0.19718759755293527,0.15883668760458627,0.22850750386714935,,
uci_har,0.1,fedavg_q8,4,1.0,0.0,37.07843620199999,50.92758899512499,0.8179636446607905,0.8489989638328552,0.8486596345901489,0.5643026828765869,14.076822757720947,0.6141407036605837,0.125,0.4605263157894737,0.4605263157894737,1.6842105263157894,3.4284420013427734,0.7019002437591553,0.7488971948623657,0.8691324591636658,0.8489989638328552,16.33051731959411,19.936804019623175
uci_har,1.0,fedavg_q8,6,1.0,0.0,352.1659782443999,509.2758899512498,0.8810519699143512,0.9044225811958313,0.9044225811958313,0.6269652843475342,57.34201502799988,0.9123432151430523,0.4375,1.0,1.0,4.0,1.7805609703063965,0.8716208537419637,0.8680013418197632,0.8980884552001953,0.9044225811958313,36.08166680230099,40.324344900532175
pamap2,1.0,fedavg,4,1.0,0.0,554.1005435424003,722.9395754879997,0.34135217956455566,0.3165110647678375,0.3220624128977458,0.25704432527224225,76.4721314907074,0.9581347977327603,0.15,1.0,1.0,4.0,48.383636474609375,0.2889225383599599,0.43426697452863056,0.38792160153388977,0.3165110647678375,188.76644202819546,192.60906875566673
uci_har,0.1,energy_greedy,4,1.0,0.0,36.705179372399996,50.92758899512499,0.8156292026278587,0.8608754873275757,0.8585001826286316,0.489311158657074,12.246638536453247,0.6179494594540492,0.0625,0.32894736842105265,0.32894736842105265,1.1578947368421053,6.926614284515381,0.6817102134227753,0.7985522150993347,0.8754665652910868,0.8608754873275757,16.22060431581078,20.966601304905456
pamap2,0.1,fedavg_paced,4,1.0,0.0,48.28019510400001,72.29395754879998,0.2867568435222021,0.2891748547554016,0.28261417150497437,0.27226847410202026,14.996989488601685,0.5659653260985629,0.0,0.3684210526315789,0.3684210526315789,1.1578947368421053,14.067173957824707,0.2805955111980438,0.25107242663701373,0.3239128589630127,0.2891748547554016,,
uci_har,0.1,fedprox,7,1.0,0.0,36.3693625848,50.927588995125,0.8022056070951039,0.8262640237808228,0.8001357316970825,0.5721072554588318,13.229849815368652,0.6161636471928962,0.0,0.35526315789473684,0.35526315789473684,1.263157894736842,3.487400770187378,0.7762130796909332,0.7604343295097351,0.8467367887496948,0.8262640237808228,17.25148627459813,24.126999203547136
pamap2,0.25,energy_greedy,3,1.0,0.0,140.407854324,175.15856179199997,0.3269342900756036,0.2765290141105652,0.2898588478565216,0.2765290141105652,30.855345249176025,0.7451954771033017,0.2,0.6776315789473685,0.6776315789473685,2.6315789473684212,53.651222229003906,0.1968984156847,0.31660568714141846,0.42158912618954975,0.2765290141105652,93.80315548841574,101.64247582234621
pamap2,0.1,fedavg,7,1.0,0.0,40.82455538400001,70.06342471679999,0.3393924232196137,0.3544171452522278,0.18139047920703888,0.23314166069030762,14.187400817871094,0.5534921172419758,0.0,0.3026315789473684,0.3026315789473684,1.0526315789473684,24.767236709594727,0.27313122153282166,0.28576406836509705,0.3781146506468455,0.3544171452522278,,
uci_har,0.1,ecofed_noZ,7,1.0,0.0,41.57208257245002,50.927588995125,0.8295902197835008,0.8764845530192057,0.8655129472414652,0.8591788212458292,20.70365285873413,0.8834630627169024,0.0625,0.25462379043394195,0.0661686060060613,1.2828947368421053,0.8152937293052673,0.7919918497403463,0.8294310569763184,0.8722995320955912,0.8764845530192057,5.799635626971255,21.63165404150181
pamap2,0.25,oort,2,1.0,0.0,134.08023368640002,179.349804936,0.4453160063635969,0.5086633563041687,0.4091584086418152,0.23663365840911865,29.459779739379883,0.5978447912627829,0.05,0.6710526315789473,0.6710526315789473,2.6315789473684212,41.49860763549805,0.2264851505557696,0.38135312994321185,0.5495874484380087,0.5086633563041687,74.21146105772031,78.9395455395651
uci_har,1.0,ecofed,5,1.0,0.0,171.2631475034,509.2758899512498,0.8755101577076709,0.8836104472478231,0.8773894309997559,0.8761452436447144,32.90119671821594,0.6709835988238205,0.0,0.5494174835497375,0.36568037367539175,2.221052631578947,0.2102108746767044,0.8521660367647806,0.8828186790148417,0.8836104472478231,0.8836104472478231,14.965951911703938,20.969799092867813
pamap2,0.25,ecofed_fixprec,0,1.0,0.0,147.46879103500004,180.73489387199993,0.3952063964582383,0.42165027062098187,0.4075195590655009,0.5046681861082712,34.55178880691528,0.7772103360254192,0.25,0.5717738707524415,0.3048245829036753,2.0666666666666664,3.3976051807403564,0.3818655808766683,0.357052743434906,0.4082765579223633,0.42165027062098187,94.6453113341928,98.04728100045995
uci_har,0.25,ecofed_fixdepth,3,1.0,0.0,4.3761912924,127.31897248781246,0.8543290774903527,0.8615541458129883,0.8615541458129883,0.30777060985565186,5.585707187652588,0.24916945963308748,0.0,0.1337719298245614,0.1337719298245614,0.42105263157894735,2.281924247741699,0.8615541458129883,0.8615541458129883,0.8615541458129883,0.8615541458129883,3.5391217775999997,3.5391217775999997
pamap2,1.0,fedavg_single,2,1.0,0.0,549.8986983143998,717.399219744,0.5707611938826179,0.5890263915061951,0.5890263915061951,0.1067656750480334,75.76064109802246,0.9593609307618733,0.25,1.0,1.0,4.0,6.847015380859375,0.35008250673611957,0.46881187955538434,0.6490923961003622,0.5890263915061951,118.40996675589139,123.22366877985522
pamap2,0.25,fedavg_q8,2,1.0,0.0,134.9857267824001,179.349804936,0.454800461285339,0.45990097522735596,0.28069308400154114,0.21262376010417938,34.72567653656006,0.5981358131364541,0.15,0.7105263157894737,0.7105263157894737,2.8421052631578947,74.57027435302734,0.28943894306818646,0.38976897795995075,0.48473597566286725,0.45990097522735596,56.09135181328685,57.98912983843165
uci_har,0.25,fedavg_single,7,1.0,0.0,116.76528610800005,127.31897248781245,0.8488265667445403,0.8649473786354065,0.8649473786354065,0.15066169202327728,23.287340879440308,0.9326775383033705,0.25,0.6907894736842105,0.6907894736842105,2.736842105263158,0.8429554104804993,0.7266711890697479,0.882705569267273,0.8884741465250651,0.8649473786354065,24.049823076565914,27.231288377310996
pamap2,0.25,oort,7,1.0,0.0,142.182009432,175.15856179199997,0.4011658226378272,0.39780449867248535,0.32017773389816284,0.39780449867248535,30.466803789138794,0.7942265180581204,0.15,0.6644736842105263,0.6644736842105263,2.6315789473684212,33.57604217529297,0.23871754109859467,0.38822094599405926,0.4667189319928487,0.39780449867248535,53.54253726597087,60.021405797528345
pamap2,0.25,fedavg_single,2,1.0,0.0,134.08023368639996,179.349804936,0.43502139625709546,0.3465346395969391,0.3465346395969391,0.13044553995132446,27.6237473487854,0.5978447912627829,0.05,0.6776315789473685,0.6776315789473685,2.6315789473684212,34.710243225097656,0.34265677134195965,0.41683168212572735,0.550495058298111,0.3465346395969391,53.403080678224036,59.05051664429655
uci_har,1.0,fedavg,2,1.0,0.0,381.70951239359954,509.27588995124984,0.8635702735663017,0.8529578049977621,0.8587264021237692,0.6274177233378092,56.26718807220459,0.945909976197988,0.25,1.0,1.0,4.0,0.9447880983352661,0.8583870530128479,0.8839497764905294,0.8823662400245667,0.8529578049977621,24.620248160207506,31.452119196894575
uci_har,1.0,energy_greedy,1,1.0,0.0,340.40814074520006,509.27588995124984,0.9013322560357211,0.9061192274093628,0.9061192274093628,0.6969799598058065,57.72846484184265,0.8504742292255109,0.25,1.0,1.0,4.0,2.9519641399383545,0.8954869508743286,0.8996719916661581,0.9126795729001363,0.9061192274093628,6.676815894847124,14.282956206256456
uci_har,1.0,oort,6,1.0,0.0,381.17229512400024,509.2758899512498,0.8861609880906691,0.8863250811894735,0.8864381909370422,0.6828413009643555,59.1073682308197,0.9233316464620903,0.375,1.0,1.0,4.0,1.9257103204727173,0.8864381909370422,0.8903970122337341,0.8859857519467672,0.8863250811894735,15.232046518778638,17.6043381444009
pamap2,1.0,fedprox,1,1.0,0.0,564.2517933479998,733.1568549119997,0.49273095952182955,0.40044742822647095,0.3542132725318273,0.23713646829128265,89.95881128311157,0.963150390351073,0.2,1.0,1.0,4.0,32.600887298583984,0.4461489220460256,0.6056248148282369,0.5984872778256735,0.40044742822647095,77.56509124000029,83.86153135925939
uci_har,1.0,fedavg_single,4,1.0,0.0,383.1761852688,509.2758899512498,0.8886487982196173,0.8883610367774963,0.8883610367774963,0.19907250006993613,53.95699405670166,0.9501608606686708,0.1875,1.0,1.0,4.0,1.6981219053268433,0.8920936584472656,0.9071371952692667,0.9055536786715189,0.8883610367774963,29.383889373131012,35.5440541582033
uci_har,0.1,ecofed_noZ,5,1.0,0.0,37.8515637326,50.92758899512499,0.8173500569924119,0.8503563006718954,0.7421106298764547,0.8142744104067484,19.45203447341919,0.8810094817981146,0.125,0.22926825673578516,0.044896466174736756,1.2298245614035088,0.3650332987308502,0.7871281504631042,0.7890510161717733,0.8261508941650391,0.8503563006718954,6.258653981860113,24.244450497290178
uci_har,0.25,fedavg_q8,3,1.0,0.0,119.7544990488,127.31897248781246,0.8569188168669795,0.8306752443313599,0.8306752443313599,0.5900916457176208,28.808375358581543,0.9929674733795117,0.3125,0.75,0.75,2.9473684210526314,3.617030620574951,0.7780794203281403,0.8789729674657186,0.8851939837137858,0.8306752443313599,17.259441582297395,22.81300850746971
uci_har,0.1,fedavg,7,1.0,0.0,36.3693625848,50.927588995125,0.817921186124819,0.8466236591339111,0.8466236591339111,0.3372921645641327,12.26618218421936,0.6161636471928962,0.0,0.35526315789473684,0.35526315789473684,1.263157894736842,3.0294511318206787,0.7215812802314758,0.7667684753735861,0.8669833739598592,0.8466236591339111,15.542968201943903,19.20180377820514
uci_har,0.1,fedprox,2,1.0,0.0,36.270551414399996,50.927588995125,0.8332576852881024,0.8639293909072876,0.8639293909072876,0.6504920125007629,12.818774938583374,0.618619956575522,0.0,0.35526315789473684,0.35526315789473684,1.263157894736842,1.610437035560608,0.7405836284160614,0.7832824190457662,0.8525053660074869,0.8639293909072876,14.004582607540504,16.906375780381147
pamap2,0.1,ecofed,0,1.0,0.0,34.7479490277,72.2939575488,0.2871660040381501,0.2825300693511963,0.30801581343015033,0.21339053412278494,14.619400024414062,0.415250598052115,0.0,0.4643674754976029,0.3768958326641332,2.003947368421053,5.1986188888549805,0.2033812701702118,0.22222221891085306,0.2825300693511963,0.2825300693511963,,
pamap2,1.0,oort,7,1.0,0.0,574.8730572863998,700.6342471679999,0.4790918323453367,0.5121972362200419,0.5194284717241923,0.4387523929278056,91.65499496459961,0.968645273625271,0.25,1.0,1.0,4.0,3.3155677318573,0.4113085865974426,0.4715978403886159,0.511587381362915,0.5121972362200419,84.11177832997195,134.03171218160693
pamap2,0.1,fedavg_q8,6,1.0,0.0,48.0197476536,71.7399219744,0.27783860423257467,0.2698019742965698,0.2685643434524536,0.1522277295589447,16.063232421875,0.5646419923400061,0.1,0.40789473684210525,0.40789473684210525,1.4736842105263157,22.258365631103516,0.1957920789718628,0.2161716173092524,0.37070955832799274,0.2698019742965698,,
uci_har,0.25,ecofed_noQ,0,1.0,0.0,126.57245930434996,127.31897248781245,0.8021435808179702,0.8391584753990173,0.8391584753990173,0.780454695224762,25.417458534240723,0.999844126579843,0.8125,0.6700894694155948,0.6110619508000581,2.5749999999999997,1.9714642763137817,0.618086189031601,0.6735663612683614,0.8708290855089823,0.8391584753990173,40.3520220310892,43.33088791478846
pamap2,1.0,fedavg_q8,3,1.0,0.0,528.8391948336001,700.6342471679999,0.42579292973741556,0.43666144212086994,0.43256664276123047,0.45155950387318927,79.74502801895142,0.9467530240852826,0.3,1.0,1.0,4.0,17.315967559814453,0.35825056831041974,0.458006610472997,0.4262937704722087,0.43666144212086994,108.80847283784557,114.44935915581226
uci_har,0.25,fedavg_single,1,1.0,0.0,119.5067585532,127.31897248781246,0.8508715417989461,0.8751272559165955,0.8751272559165955,0.15269765257835388,23.700504779815674,0.9949554252582143,0.3125,0.6907894736842105,0.6907894736842105,2.736842105263158,4.3791375160217285,0.6515100002288818,0.8673227032025655,0.8820269107818604,0.8751272559165955,25.74261280682971,29.778122742646495
uci_har,0.1,static_depth,7,1.0,0.0,48.6851427076,50.927588995125,0.796493276113498,0.8120121955871582,0.2955547869205475,0.8120121955871582,23.765429973602295,0.9939955592863997,0.25,0.38675914068415806,0.0,1.2842105263157895,4.567168712615967,0.7041058739026388,0.7715190649032593,0.7997964223225912,0.8120121955871582,16.820443423285184,20.653443742226557
pamap2,1.0,energy_greedy,2,1.0,0.0,493.9508018663998,717.399219744,0.6185171471050674,0.6928217808405558,0.6966171662012736,0.3882838288942973,89.70173287391663,0.9112251053891682,0.0,1.0,1.0,4.0,12.515925407409668,0.42136964201927185,0.63803631067276,0.6878712972005209,0.6928217808405558,40.754619678255025,44.525151064756926
pamap2,1.0,fedavg_q8,7,1.0,0.0,531.1937258784001,700.6342471679999,0.4786730472360701,0.5031364262104034,0.49538246790568036,0.36861823002497357,78.25426054000854,0.9494667653286593,0.2,1.0,1.0,4.0,21.465957641601562,0.3022303481896718,0.49311726291974384,0.5825056433677673,0.5031364262104034,127.87413649104032,160.46964892956163
uci_har,0.25,ecofed,0,1.0,0.0,70.28288387245,127.31897248781245,0.8676742529021702,0.8822531501452128,0.8762583335240682,0.8750141263008118,26.99110174179077,0.6469118294392588,0.0,0.37699291395981965,0.25481727167813295,1.905263157894737,1.2258408069610596,0.8150661786397299,0.8772763212521871,0.8750141461690267,0.8822531501452128,11.698538792035324,13.654969340721097
uci_har,0.25,ecofed_fixtau,4,1.0,0.0,11.2388103678,127.31897248781245,0.8379367802125531,0.8473023176193237,0.8276212811470032,0.8473023176193237,8.443162441253662,0.4690847645520796,0.0,0.1921164658462915,0.0809879230239341,0.7842105263157895,2.1097571849823,0.8473023176193237,0.8473023176193237,0.8473023176193237,0.8473023176193237,7.57650369431509,11.2388103678
pamap2,0.1,ecofed_fixprec,2,1.0,0.0,30.992009232599983,71.73992197439999,0.41340328686602773,0.4377887745698293,0.29900989433129627,0.4377887745698293,12.499213457107544,0.30212190844716125,0.05,0.42654137273688614,0.3136564858274765,1.9578947368421054,6.25853157043457,0.39034653703371686,0.39653465151786804,0.4377887745698293,0.4377887745698293,20.04281061371823,20.286814236617897
pamap2,0.25,fedavg_q8,1,1.0,0.0,136.5879406848,183.28921372799994,0.3141071616392237,0.35346755385398865,0.35346755385398865,0.12400127947330475,35.54349422454834,0.5966495129560477,0.15,0.7039473684210527,0.7039473684210527,2.736842105263158,37.382144927978516,0.2678171992301941,0.3426014681657155,0.20379247764746347,0.35346755385398865,66.23657110775092,67.98262293769801
uci_har,0.25,oort,5,1.0,0.0,114.0256284311999,127.31897248781245,0.867350594581829,0.8591788411140442,0.8591788411140442,0.5480149388313293,24.527035236358643,0.9318104684020808,0.0625,0.6973684210526315,0.6973684210526315,2.736842105263158,7.463948726654053,0.8363307515780131,0.867096483707428,0.886551300684611,0.8591788411140442,4.9934207183999995,15.378560841742885
uci_har,0.25,ecofed,2,1.0,0.0,67.18895575910001,127.31897248781246,0.83567555825245,0.8545413414637247,0.8526184757550558,0.8569166461626688,24.601056575775146,0.7108154221923455,0.0,0.3769005219121893,0.254754451950804,2.059210526315789,0.3338407278060913,0.8002488414446512,0.8321456909179688,0.8540889024734497,0.8545413414637247,11.408966272003402,40.3389803302015
pamap2,0.25,fedprox,6,1.0,0.0,132.9912380615999,179.349804936,0.3586657514183241,0.3675742447376251,0.3012376129627228,0.2930693030357361,35.419509172439575,0.5970430984349053,0.1,0.6710526315789473,0.6710526315789473,2.6315789473684212,49.32155990600586,0.2144389400879542,0.33028052747249603,0.4110561013221741,0.3675742447376251,87.89653815572268,101.38704943106804
pamap2,1.0,fedavg_paced,2,1.0,0.0,565.7657172648001,717.399219744,0.5719358054843952,0.6415016452471415,0.6204620401064554,0.5672442118326823,76.33846116065979,0.9690313070950037,0.25,1.0,1.0,4.0,1.9889755249023438,0.476485143105189,0.43028052647908527,0.6214521328608195,0.6415016452471415,72.09247113039946,73.7992416723722
pamap2,1.0,fedavg_single,5,1.0,0.0,565.7655826056007,733.1568549119996,0.5574989224903989,0.5881538192431132,0.5881538192431132,0.07084265599648158,79.20429182052612,0.9628076794969719,0.2,1.0,1.0,4.0,8.916543006896973,0.23596463104089102,0.6367316345373789,0.6272504727045695,0.5881538192431132,108.95847207267207,111.09708736548056
uci_har,0.25,fedavg_paced,3,1.0,0.0,115.1711781024,127.31897248781246,0.8585075886130209,0.8730912605921427,0.8730912605921427,0.6996945937474569,23.140597105026245,0.9319652438822102,0.1875,0.9013157894736842,0.9013157894736842,3.473684210526316,10.66113567352295,0.8118425607681274,0.826716423034668,0.8699242075284322,0.8730912605921427,13.712048236449467,25.704286499763544
uci_har,0.25,ecofed,3,1.0,0.0,68.0215313241,127.31897248781246,0.850019100860198,0.8547675609588623,0.8553330898284912,0.8547675609588623,25.259650707244873,0.685046438033822,0.0,0.3633103992234308,0.253208730164177,1.9500000000000002,1.3978960514068604,0.7536477843920389,0.8623458941777548,0.8499038418134054,0.8547675609588623,6.04400214255482,11.499081801032636
pamap2,0.25,energy_greedy,1,1.0,0.0,138.0609495336,183.28921372799994,0.2537591675608966,0.12400127947330475,0.12400127947330475,0.05656759440898895,30.810930967330933,0.5970511649484272,0.25,0.6644736842105263,0.6644736842105263,2.6315789473684212,24.680912017822266,0.11974006642897923,0.4120592375596364,0.47896026571591693,0.12400127947330475,70.55095890070021,74.42572161451032
uci_har,0.25,fedavg,1,1.0,0.0,119.5067585532,127.31897248781246,0.841314778587571,0.8398371338844299,0.8398371338844299,0.589073657989502,23.011414766311646,0.9949554252582143,0.3125,0.6907894736842105,0.6907894736842105,2.736842105263158,7.599919319152832,0.6912114024162292,0.8206085165341696,0.878294308980306,0.8398371338844299,28.72061651569969,35.19840430938614
pamap2,0.25,ecofed_fixprec,3,1.0,0.0,150.5555739405,175.15856179199997,0.47459011304749144,0.5500958363215128,0.48832549651463825,0.5657780170440674,36.02556085586548,0.8832703961766792,0.2,0.5738360852738068,0.31269502268938004,2.078070175438596,2.014439821243286,0.3919672469298045,0.4252483050028483,0.5024394591649374,0.5500958363215128,17.17666551443072,32.797177392961935
pamap2,0.25,fedprox,3,1.0,0.0,140.407854324,175.15856179199997,0.3532141209621758,0.42707788944244385,0.4333507716655731,0.2569262981414795,35.58217096328735,0.7451954771033017,0.2,0.6578947368421053,0.6578947368421053,2.6315789473684212,12.2986421585083,0.18727130442857742,0.3022303481896718,0.39998258153597516,0.42707788944244385,99.07721393037326,
pamap2,1.0,oort,0,1.0,0.0,565.3504317120002,722.9395754879997,0.35992695175697675,0.352931280930837,0.46379005908966064,0.352931280930837,84.74942207336426,0.9608874575207389,0.15,1.0,1.0,4.0,11.103044509887695,0.3044831355412801,0.424005389213562,0.37278156479199726,0.352931280930837,,
uci_har,1.0,fedavg_single,2,1.0,0.0,381.70951239359954,509.27588995124984,0.8912784338728896,0.8934509754180908,0.8934509754180908,0.19624476631482443,53.663918256759644,0.945909976197988,0.25,1.0,1.0,4.0,0.5255256295204163,0.8953738212585449,0.909964938958486,0.8997850815455118,0.8934509754180908,9.941766847214293,20.18312390108618
uci_har,0.1,fedavg_q8,1,1.0,0.0,37.546328024400005,50.92758899512499,0.8208114641518875,0.8232100605964661,0.8232100605964661,0.3461146950721741,14.316097021102905,0.616312132795647,0.0625,0.4605263157894737,0.4605263157894737,1.6842105263157894,8.632983207702637,0.7505938112735748,0.7475398580233256,0.8770501017570496,0.8232100605964661,3.6200845332,21.057862756236457
uci_har,0.25,ecofed_noZ,5,1.0,0.0,44.689045875699975,127.31897248781245,0.8233427359144273,0.8409682114919027,0.8120122154553732,0.8409682114919027,21.356462240219116,0.6822650285171786,0.0,0.2754725281058941,0.0015029174279483704,1.3210526315789477,1.1652175188064575,0.7759303251902262,0.8286392688751221,0.8409682114919027,0.8409682114919027,17.302890562660533,37.0614048456846
pamap2,0.1,fedavg_paced,3,1.0,0.0,41.30377631039999,70.06342471679999,0.2732474650603536,0.30423417687416077,0.2177208513021469,0.21824359893798828,14.071070194244385,0.5636000236015648,0.0,0.29605263157894735,0.29605263157894735,0.9473684210526315,9.613025665283203,0.147673811763525,0.208747165898482,0.3179125289122264,0.30423417687416077,,
pamap2,0.1,static_depth,1,1.0,0.0,64.86553752760004,73.31568549119999,0.33001333471948696,0.12400127947330475,0.03643336519598961,0.197187602519989,22.098679780960083,0.9563832056650459,0.2,0.3360452062355553,0.0,1.0736842105263158,2.2957355976104736,0.31905826926231384,0.5281772712866465,0.5090018212795258,0.12400127947330475,16.889163886093066,17.867829660088134
pamap2,1.0,oort,4,1.0,0.0,571.1566451087998,722.9395754879997,0.3819800306213813,0.3984355330467224,0.4039868811766307,0.39347295959790546,87.23395609855652,0.9682646889128096,0.15,1.0,1.0,4.0,9.35611629486084,0.31735217571258545,0.4565564692020416,0.3683236638704936,0.3984355330467224,170.03959225498863,178.38169827822912
pamap2,0.1,ecofed_fixdepth,4,1.0,0.0,6.0057280896,72.29395754879998,0.14845917897180932,0.1415594220161438,0.12717637419700623,0.11203633248806,7.997094392776489,0.18356734228905788,0.0,0.17982456140350878,0.17982456140350878,0.631578947368421,23.066186904907227,0.1415594220161438,0.1415594220161438,0.1415594220161438,0.1415594220161438,,
uci_har,1.0,energy_greedy,0,1.0,0.0,354.4331782836,509.2758899512498,0.882364604703427,0.8842891057332357,0.8883610367774963,0.7569279472033182,59.482861280441284,0.8917500455375513,0.1875,1.0,1.0,4.0,1.0162692070007324,0.8828186988830566,0.9013686180114746,0.8818007111549377,0.8842891057332357,10.861850345456098,16.99495467884417
pamap2,0.25,ecofed_fixdepth,7,1.0,0.0,80.65534614239995,175.15856179199997,0.37554770910128926,0.46053319176038104,0.3203519781430562,0.3711448013782501,22.95958971977234,0.4826717014992762,0.0,0.7894736842105263,0.7894736842105263,3.3684210526315788,9.73328971862793,0.26224080224831897,0.3509322206179301,0.46053319176038104,0.46053319176038104,39.29783406734972,76.94109722250074
pamap2,0.25,ecofed,4,1.0,0.0,148.4327669836,180.73489387199993,0.39646171595413027,0.47228531042734784,0.3525107304255168,0.47741609811782837,38.768744230270386,0.8173445070772891,0.2,0.5626535269401526,0.30862651535183755,2.3482456140350876,7.915394306182861,0.31272605061531067,0.3720245560010274,0.4362856348355611,0.47228531042734784,90.35034718399915,96.6905415345647
pamap2,0.1,oort,5,1.0,0.0,50.55449040240002,73.31568549119997,0.3666211823197806,0.29338446259498596,0.25631192326545715,0.29338446259498596,14.815263986587524,0.5724343642804988,0.1,0.35526315789473684,0.35526315789473684,1.263157894736842,35.73823165893555,0.3318951725959778,0.2808138926823934,0.5002663234869639,0.29338446259498596,34.23927381778258,34.86499425764116
uci_har,0.25,ecofed_noQ,3,1.0,0.0,126.5762697591001,127.31897248781246,0.8001687714348227,0.8591788411140442,0.8591788411140442,0.7533084750175476,25.139353275299072,0.9997405911606569,0.875,0.676085362250449,0.6316346141544164,2.642105263157895,2.9694314002990723,0.5824567079544067,0.6631602644920349,0.8872299591700236,0.8591788411140442,40.410604083392364,42.366973236232006
pamap2,1.0,oort,6,1.0,0.0,548.8475889888003,717.399219744,0.5577053468182629,0.5921617348988851,0.5995874802271525,0.3940594096978505,83.6358094215393,0.9611370726864772,0.15,1.0,1.0,4.0,6.998554706573486,0.49727723002433777,0.564026415348053,0.5396039485931396,0.5921617348988851,72.09617163140044,77.43051436088375
uci_har,0.1,ecofed,2,1.0,0.0,44.554127303899996,50.927588995125,0.8001111495015867,0.8371224999427795,0.8216265042622884,0.8419861992200216,16.659188270568848,0.9063317848668252,0.125,0.30932408455894483,0.2508989026368312,1.914035087719298,3.2793729305267334,0.7079515854517618,0.7847528656323751,0.8171021540959676,0.8371224999427795,8.509188425790963,40.79112164757012
pamap2,0.25,fedavg,1,1.0,0.0,138.0609495336,183.28921372799994,0.307523824918539,0.2937040627002716,0.32694151997566223,0.12400127947330475,30.70628571510315,0.5970511649484272,0.25,0.6710526315789473,0.6710526315789473,2.6315789473684212,16.121002197265625,0.23031852642695108,0.3483541011810303,0.2462980697552363,0.2937040627002716,70.0623974557548,72.72496011032574
uci_har,0.25,ecofed_noQ,5,1.0,0.0,126.63625503109995,127.31897248781245,0.8111796750119371,0.8177807927131653,0.8398371338844299,0.8028503656387329,25.415276527404785,0.999773070024031,0.875,0.6973388762904427,0.6461086514089971,2.7605263157894737,2.3524768352508545,0.6394638419151306,0.7459563215573629,0.8363307317097982,0.8177807927131653,39.17765603093833,47.278674633688404
pamap2,1.0,fedprox,7,1.0,0.0,565.0577450784006,700.6342471679999,0.4615291877990323,0.4469419817129771,0.4459836184978485,0.3870012164115906,92.20942997932434,0.9665116425166285,0.35,1.0,1.0,4.0,19.595462799072266,0.3076319893201192,0.5101934174696604,0.5193413496017456,0.4469419817129771,122.55764903302416,133.3814776656695
pamap2,0.25,fedavg_single,3,1.0,0.0,140.407854324,175.15856179199997,0.36093493489753836,0.35729220509529114,0.35729220509529114,0.023784631863236427,28.506028413772583,0.7451954771033017,0.2,0.6578947368421053,0.6578947368421053,2.6315789473684212,11.251607894897461,0.18191322684288025,0.3417842785517375,0.4081721603870392,0.35729220509529114,67.3227993633702,100.58200930239806
uci_har,0.25,fedavg_paced,5,1.0,0.0,114.02562843119996,127.31897248781245,0.8302178153286739,0.8755796750386556,0.8755796750386556,0.8148399591445923,24.73010778427124,0.9318104684020808,0.0625,0.8289473684210527,0.8289473684210527,3.3684210526315788,3.475886821746826,0.652867317199707,0.8310145934422811,0.833955446879069,0.8755796750386556,27.799880049600006,27.799880049600006
uci_har,0.1,ecofed_fixdepth,1,1.0,0.0,9.3689943072,50.92758899512499,0.798755714106661,0.8001357316970825,0.8001357316970825,0.4418052136898041,6.246802091598511,0.6062558648917056,0.0,0.2565789473684211,0.2565789473684211,0.8421052631578947,14.273695945739746,0.7706141869227091,0.8001357316970825,0.8001357316970825,0.8001357316970825,5.523420682799999,7.3594985988
uci_har,0.1,ecofed_fixprec,0,1.0,0.0,45.23024787184998,50.92758899512499,0.8265449519735737,0.8500169515609741,0.8426648378372192,0.8003619511922201,13.985854387283325,0.8965458760894088,0.3125,0.2730518268954115,0.15737720352610995,1.5767543859649125,0.3435450494289398,0.7659766872723898,0.8137088616689047,0.8282999396324158,0.8500169515609741,7.829625258584688,27.184650463676974
pamap2,0.25,ecofed_fixdepth,1,1.0,0.0,50.4696504636,183.28921372799994,0.238859110970841,0.24640460312366486,0.3934164345264435,0.24640460312366486,16.394062995910645,0.5389121773515736,0.0,0.5263157894736842,0.5263157894736842,1.894736842105263,8.91018295288086,0.09811441600322723,0.2778310353557269,0.24640460312366486,0.24640460312366486,48.556761858233195,49.24248467077286
pamap2,0.25,fedprox,5,1.0,0.0,139.11877866479998,183.2892137279999,0.4516700086268771,0.39245766401290894,0.39245766401290894,0.42154043912887573,36.4584801197052,0.5972196470617929,0.3,0.6710526315789473,0.6710526315789473,2.6315789473684212,35.0854606628418,0.36593160033226013,0.43943752845128375,0.621604343255361,0.39245766401290894,49.90918386712294,54.99410584351951
pamap2,0.25,ecofed_noZ,0,1.0,0.0,148.8536416424,180.73489387199993,0.4298819211873277,0.49751871824264526,0.2244932254155477,0.49751871824264526,42.691513776779175,0.8449096529006146,0.2,0.6581574419325753,0.1577505518798122,2.055263157894737,6.266388893127441,0.3308941026528676,0.3939776321252187,0.40970645348231,0.49751871824264526,25.147061916438673,103.99238199516827
pamap2,0.1,fedprox,6,1.0,0.0,46.26925878,71.7399219744,0.26921045123126297,0.2759900987148285,0.2599009871482849,0.1527227759361267,15.301381587982178,0.5601004454621428,0.05,0.35526315789473684,0.35526315789473684,1.263157894736842,38.71277618408203,0.19232673943042755,0.22912541031837463,0.2948019752899806,0.2759900987148285,,
pamap2,0.1,fedavg_q8,0,1.0,0.0,47.0688756288,72.2939575488,0.20578123755798014,0.16426949203014374,0.16426949203014374,0.10648498684167862,15.48250699043274,0.557360135604917,0.15,0.40789473684210525,0.40789473684210525,1.4736842105263157,50.79735565185547,0.13802674412727356,0.1908486783504486,0.24131549894809723,0.16426949203014374,,
pamap2,0.25,fedavg_paced,1,1.0,0.0,138.06094953359997,183.28921372799994,0.25407791539855656,0.22382017970085144,0.20432512958844504,0.1137743666768074,31.072276830673218,0.5970511649484272,0.25,0.7105263157894737,0.7105263157894737,2.9473684210526314,7.5840535163879395,0.21838713188966116,0.27953553199768066,0.2560988614956538,0.22382017970085144,,
uci_har,0.25,fedavg,0,1.0,0.0,118.13112931679998,127.31897248781245,0.8616768527412473,0.8574821949005127,0.8574821949005127,0.49609771370887756,23.665818691253662,0.9939668177384381,0.1875,0.6710526315789473,0.6710526315789473,2.6315789473684212,4.728884220123291,0.7928967277208964,0.8555593291918436,0.8855333129564921,0.8574821949005127,20.120236287579978,28.80681197041235
uci_har,0.1,ecofed_noQ,3,1.0,0.0,50.068525077800004,50.92758899512501,0.8023745236230521,0.8415337800979614,0.8435697555541992,0.7064811587333679,13.103580951690674,0.9982930114730709,0.625,0.48533381574278134,0.3522376596525146,1.6263157894736844,4.502650260925293,0.6793349385261536,0.7236738006273905,0.8250197966893514,0.8415337800979614,23.434822816980184,28.515022376261225
uci_har,0.1,ecofed_fixprec,5,1.0,0.0,44.974217928700014,50.92758899512499,0.8013050865111999,0.8606492479642233,0.834973414738973,0.8436828454335531,13.15174913406372,0.9193127451589772,0.1875,0.2916874344649155,0.19369576911211592,1.5539473684210527,2.27528715133667,0.7082909146944681,0.8094107111295065,0.7964031298955282,0.8606492479642233,12.621989825584643,32.18032265165958
uci_har,0.25,fedavg_q8,1,1.0,0.0,118.36626669959983,127.31897248781246,0.8281102945952067,0.838819146156311,0.838819146156311,0.556498110294342,27.455595016479492,0.9943655792892199,0.1875,0.75,0.75,2.9473684210526314,3.9367220401763916,0.5931455492973328,0.860762357711792,0.884628434975942,0.838819146156311,30.54019453450484,34.28000277301567
uci_har,0.1,ecofed_fixdepth,4,1.0,0.0,8.717081796599999,50.92758899512499,0.8141692499139725,0.8320325613021851,0.8320325613021851,0.4787919819355011,6.085878133773804,0.6152581849597439,0.0,0.25,0.25,0.8421052631578947,3.199922561645508,0.6297930081685384,0.8320325613021851,0.8320325613021851,0.8320325613021851,7.353551928,7.353551928
pamap2,0.25,oort,4,1.0,0.0,134.73018553679995,180.73489387199993,0.2851411089285657,0.25914710760116577,0.25914710760116577,0.259651780128479,29.939841270446777,0.5972419554530491,0.1,0.6842105263157895,0.6842105263157895,2.736842105263158,20.506465911865234,0.21002607544263205,0.2915299783150355,0.3193708558877309,0.25914710760116577,,
pamap2,0.1,ecofed_fixtau,7,1.0,0.0,31.6884272664,70.06342471679999,0.3796642568650396,0.4025962750116984,0.40529709060986835,0.27844572563966113,15.941647052764893,0.3443053538077791,0.05,0.19958709489601936,0.1649993412653674,0.4052631578947368,5.972352027893066,0.3815995951493581,0.24028576413790384,0.4025962750116984,0.4025962750116984,,
uci_har,0.1,oort,5,1.0,0.0,36.9631297152,50.92758899512499,0.834946297452321,0.8588395118713379,0.8588395118713379,0.49643704295158386,12.226464986801147,0.6175898615230917,0.0,0.3815789473684211,0.3815789473684211,1.368421052631579,5.857457160949707,0.730573445558548,0.7768351833025614,0.8924329876899719,0.8588395118713379,14.828434248970655,17.653483673010108
uci_har,1.0,fedprox,1,1.0,0.0,379.5222863267997,509.27588995124984,0.8828121620248713,0.9046487808227539,0.9046487808227539,0.6935867071151733,62.03324508666992,0.9494241904849254,0.3125,1.0,1.0,4.0,2.337332010269165,0.8520529468854269,0.8680013616879781,0.8933378656705221,0.9046487808227539,29.362956541827355,35.58279092217007
uci_har,0.25,fedavg_q8,2,1.0,0.0,120.32100713039996,127.31897248781246,0.8447015441870009,0.8364438414573669,0.8411944508552551,0.6253817677497864,28.073513507843018,0.9948346666730347,0.1875,0.75,0.75,2.9473684210526314,3.060321807861328,0.7524601221084595,0.847641666730245,0.8799909353256226,0.8364438414573669,21.9987784362511,26.471947584768927
uci_har,0.25,ecofed,4,1.0,0.0,69.04985214515001,127.31897248781245,0.8598041236030144,0.8898314634958903,0.8741092681884766,0.8971835772196451,25.272123336791992,0.6972309522471364,0.0,0.371658318653611,0.2554254043671927,1.95921052631579,0.2917111814022064,0.8249066869417826,0.841759979724884,0.8980884353319804,0.8898314634958903,6.667524272750166,15.086127686908142
pamap2,0.25,static_depth,6,1.0,0.0,172.02636189999998,179.349804936,0.5126632215326076,0.5415841341018677,0.2487623691558838,0.5415841341018677,35.97596597671509,0.9956748949520533,0.2,0.22628754500888815,0.22628754500888815,1.5421052631578949,20.03023910522461,0.2979373037815094,0.4527227779229482,0.5286303460597992,0.5415841341018677,26.3430497006801,27.46811631173394
uci_har,0.25,static_depth,5,1.0,0.0,107.44918554440002,127.31897248781245,0.8447915468911731,0.8674358129501343,0.8719602028528849,0.8469630082448324,30.328203439712524,0.9822432891122109,0.0625,0.2899081290734446,0.11964839760742063,1.7157894736842103,0.7524760961532593,0.7895034551620483,0.8185725609461466,0.8725257515907288,0.8674358129501343,21.86297409423865,43.76154251908403
pamap2,0.1,ecofed_fixprec,6,1.0,0.0,32.31756582329999,71.7399219744,0.35389948262623416,0.3708745837211609,0.366996705532074,0.35866337021191913,12.460056066513062,0.34799082757467836,0.05,0.4174203236116778,0.30017230339131734,1.7228070175438597,11.382669448852539,0.23630362749099731,0.27013200521469116,0.3708745837211609,0.3708745837211609,,
pamap2,1.0,fedavg_single,3,1.0,0.0,559.4873144400002,700.6342471679999,0.4677921165533016,0.47874194383621216,0.47874194383621216,0.052970901131629944,79.24209141731262,0.9660717395695382,0.2,1.0,1.0,4.0,5.554825305938721,0.35459138949712116,0.46898414691289264,0.4975605408350627,0.47874194383621216,122.02273826197495,126.14793594316959
uci_har,1.0,fedprox,0,1.0,0.0,387.3510490464,509.2758899512498,0.8749321999444082,0.8801040848096212,0.8888134757677714,0.6924556096394857,65.84746718406677,0.9566620975518775,0.25,1.0,1.0,4.0,1.010421633720398,0.8706028858820597,0.8618934750556946,0.8839497963587443,0.8801040848096212,27.578555791232077,35.45479402453019
uci_har,1.0,static_depth,4,1.0,0.0,274.577821765,509.2758899512498,0.8897620802977997,0.8946951826413473,0.8966180284818014,0.8701504270235697,42.44575309753418,0.8569223205352319,0.0,0.6339351875049827,0.4770627313670552,2.7263157894736842,0.20358283817768097,0.8648342887560526,0.8859857519467672,0.8887003858884176,0.8946951826413473,19.160464154857625,23.67986834155558
uci_har,0.1,oort,2,1.0,0.0,36.270551414399996,50.927588995125,0.8168059679760231,0.8496776223182678,0.8496776223182678,0.6589752435684204,11.738361358642578,0.618619956575522,0.0,0.3815789473684211,0.3815789473684211,1.368421052631579,1.4159023761749268,0.6988462805747986,0.7621309757232666,0.8737699190775553,0.8496776223182678,18.9449849007307,20.717388368832463
pamap2,0.25,ecofed_noZ,2,1.0,0.0,139.4497924007,179.349804936,0.6117197768683864,0.6983498334884644,0.3706270555655162,0.696039617061615,39.83559274673462,0.8378266004694154,0.15,0.6025365589398575,0.18282049905530098,2.0171052631578945,5.64979362487793,0.408003310362498,0.5833333333333334,0.6678217848141988,0.6983498334884644,20.467256479663728,21.71927295875871
uci_har,0.1,ecofed_fixtau,2,1.0,0.0,38.525819337199984,50.927588995125,0.791469588604527,0.8232100407282511,0.8286393086115519,0.8198167681694031,15.869332075119019,0.8606200137666338,0.1875,0.31537126746560346,0.22756892093824474,1.5456140350877192,1.0553029775619507,0.729329248269399,0.7852052847544352,0.8043207923571268,0.8232100407282511,10.754367775799999,
pamap2,1.0,ecofed,1,1.0,0.0,481.6049686160002,733.1568549119997,0.6198172170729106,0.6535634398460388,0.6398210128148397,0.6421647071838379,81.29811429977417,0.858523858077485,0.1,0.996037973960599,0.7884950033613908,3.568421052631579,0.4738471210002899,0.48439331849416095,0.6696495215098063,0.618941088517507,0.6535634398460388,36.897340511266115,39.61077958271458
uci_har,1.0,ecofed,7,1.0,0.0,178.0555967205,509.2758899512498,0.8680384464647353,0.8764845728874207,0.8764845728874207,0.8262640039126078,39.18852615356445,0.6311851563592593,0.0,0.6863156375881906,0.4745970000390607,2.5736842105263156,0.10491663217544556,0.8642687400182089,0.8591788411140442,0.8764845728874207,0.8764845728874207,13.94346308554773,15.632480472676825
pamap2,1.0,fedprox,2,1.0,0.0,549.8986983143998,717.399219744,0.5590357727179559,0.5712046225865682,0.5775577624638876,0.3646864692370097,85.14404940605164,0.9593609307618733,0.25,1.0,1.0,4.0,26.209272384643555,0.2825907568136851,0.4825907548268636,0.6764851609865824,0.5712046225865682,108.61555550066305,116.27526757656871
pamap2,1.0,ecofed,0,1.0,0.0,478.2616326523999,722.9395754879997,0.4598729070601791,0.5154344340165457,0.45487425724665326,0.521238108476003,81.45353770256042,0.8780379718968075,0.05,0.9917634668800371,0.7932883485561609,3.6368421052631574,1.9903589487075806,0.32307174305121106,0.4028093119462331,0.5127428770065308,0.5154344340165457,295.6544890530887,320.4612909409857
pamap2,0.1,fedavg,1,1.0,0.0,49.77800777519999,73.31568549119999,0.1942968723889179,0.16235218942165375,0.16235218942165375,0.08628954738378525,15.659159898757935,0.5643481531260678,0.15,0.32894736842105265,0.32894736842105265,1.1578947368421053,27.159809112548828,0.2511984705924988,0.22371364633242288,0.12847555180390677,0.16235218942165375,,
pamap2,1.0,ecofed,3,1.0,0.0,470.65805596800016,700.6342471679999,0.4938951927199427,0.555148979028066,0.5479177435239156,0.5507928133010864,81.64348292350769,0.8915238795340239,0.1,0.985045648507861,0.7925731730532093,3.594736842105264,3.7484676837921143,0.38944066564242047,0.46941975752512616,0.5273566842079163,0.555148979028066,81.03742019918224,83.2497135443244
pamap2,1.0,fedavg,3,1.0,0.0,559.4873144400002,700.6342471679999,0.4304398930771056,0.4265551467736562,0.4078236718972524,0.43099843462308246,78.35186576843262,0.9660717395695382,0.2,1.0,1.0,4.0,22.829687118530273,0.3438752293586731,0.4323052763938904,0.47874194383621216,0.4265551467736562,117.91491989452823,121.94263508863796
pamap2,0.25,ecofed_fixdepth,4,1.0,0.0,72.71604042839999,180.73489387199993,0.3045338517129378,0.30456724762916565,0.2916982173919678,0.30456724762916565,23.006493091583252,0.4458220909131558,0.0,0.6644736842105263,0.6644736842105263,2.736842105263158,5.322824001312256,0.2712591489156087,0.25931533177693683,0.30456724762916565,0.30456724762916565,,
pamap2,0.1,fedavg_paced,0,1.0,0.0,41.94836733600001,72.2939575488,0.2590015680954591,0.27050215005874634,0.27378249168395996,0.17083017528057098,13.874144554138184,0.5519209646212685,0.0,0.3026315789473684,0.3026315789473684,0.9473684210526315,3.1434547901153564,0.2682311236858368,0.2634367843468984,0.23012868563334146,0.27050215005874634,,
uci_har,0.25,ecofed_fixprec,5,1.0,0.0,77.04790202880001,127.31897248781245,0.832161038428095,0.7885985771814982,0.795498251914978,0.7438072562217712,21.32892417907715,0.6988871100468376,0.0,0.3421336582848849,0.2209485297651259,1.8,0.07807774841785431,0.769709308942159,0.8351996541023254,0.8699242075284322,0.7885985771814982,6.022995240092861,36.78464798907024
uci_har,1.0,fedavg_q8,2,1.0,0.0,356.0772601488002,509.27588995124984,0.8586229145502462,0.8431172966957092,0.8631376624107361,0.6248161991437277,57.67569661140442,0.9130129732268812,0.375,1.0,1.0,4.0,1.3850258588790894,0.8618934551874796,0.8617803454399109,0.8857595324516296,0.8431172966957092,23.149727146642903,28.225504860274306
uci_har,0.25,fedavg_single,5,1.0,0.0,114.0256284311999,127.31897248781245,0.8463832825516784,0.9056667685508728,0.9056667685508728,0.15371564030647278,22.934672117233276,0.9318104684020808,0.0625,0.6842105263157895,0.6842105263157895,2.736842105263158,1.495029330253601,0.6535459756851196,0.8675489028294882,0.8784073988596598,0.9056667685508728,28.744864209152365,31.899249274504943
uci_har,0.1,fedavg_paced,7,1.0,0.0,36.3693625848,50.927588995125,0.7836624172053316,0.8408551216125488,0.8299965858459473,0.6291143298149109,12.157234907150269,0.6161636471928962,0.0,0.3991228070175438,0.3991228070175438,1.263157894736842,1.0723299980163574,0.7170003652572632,0.7550050814946493,0.8100893497467041,0.8408551216125488,14.230030061999999,36.3693625848
pamap2,1.0,fedavg_single,6,1.0,0.0,547.4450241288002,717.399219744,0.48452123033455957,0.5037953654925028,0.5037953654925028,0.011056105295817057,76.63102436065674,0.9629247648140596,0.15,1.0,1.0,4.0,17.181659698486328,0.2146039605140686,0.4381188054879506,0.5679043034712473,0.5037953654925028,126.64895674890244,191.45582308103064
uci_har,0.25,fedavg_paced,0,1.0,0.0,118.13112931679993,127.31897248781245,0.8336258254329263,0.8497907320658366,0.8570297559102377,0.7949327031771342,23.685718297958374,0.9939668177384381,0.1875,0.7631578947368421,0.7631578947368421,2.9473684210526314,2.123309850692749,0.7275195121765137,0.8803302645683289,0.8571428656578064,0.8497907320658366,30.8408060088,30.8408060088
uci_har,1.0,fedavg_paced,1,1.0,0.0,390.1285542887999,509.27588995124984,0.8905763960550673,0.9126795530319214,0.9126795530319214,0.7898427645365397,58.58480739593506,0.9597030480500408,0.3125,1.0,1.0,4.0,0.7463135719299316,0.8891528248786926,0.9051012396812439,0.9005768497784933,0.9126795530319214,30.34731801857538,33.76661912794822
uci_har,0.1,ecofed,3,1.0,0.0,44.00012823,50.92758899512501,0.8069301333838438,0.870037317276001,0.86460808912913,0.870037317276001,16.534481287002563,0.8855207307487596,0.125,0.2837452682602393,0.22419569458345864,1.5618421052631577,0.9285699725151062,0.7456170121828715,0.7873543699582418,0.8309014836947123,0.870037317276001,19.70057549098196,30.47836446478062
pamap2,0.1,ecofed_fixprec,0,1.0,0.0,30.72440198639999,72.2939575488,0.2904486932723135,0.31348304947217304,0.31121204296747845,0.2050635019938151,12.567173957824707,0.29745905057799893,0.0,0.34254070897218947,0.254792583732637,1.3973684210526316,8.915051460266113,0.20565228660901388,0.258137767513593,0.31348304947217304,0.31348304947217304,,
uci_har,0.1,ecofed_noZ,0,1.0,0.0,38.811544982600005,50.92758899512499,0.8552197313972789,0.8856464227040609,0.8589526216189066,0.8678882519404093,19.925639867782593,0.8718141769006414,0.0625,0.2170805110996711,0.06327212941950576,1.255701754385965,1.7041157484054565,0.7752516667048136,0.8415337602297465,0.8741092483202616,0.8856464227040609,8.391842752864937,12.875069595063795
pamap2,0.1,ecofed,1,1.0,0.0,33.200091412500015,73.31568549119999,0.25646797980212654,0.2645147542158763,0.24672419329484305,0.2876318395137787,13.696823596954346,0.4120095797359034,0.0,0.4219169630382576,0.3478950408334242,1.8052631578947367,11.208085060119629,0.21178226048747698,0.22392670810222626,0.2645147542158763,0.2645147542158763,,
pamap2,0.1,ecofed,2,1.0,0.0,30.564170934600014,71.73992197439999,0.40611885139867754,0.44537954529126483,0.44397688905398053,0.44537954529126483,13.451311826705933,0.3495742432311746,0.0,0.48353711913488917,0.3950161746551544,1.9956140350877192,5.194309711456299,0.294306938846906,0.3848184843858083,0.44537954529126483,0.44537954529126483,19.392763486528015,19.91413093936424
pamap2,0.1,fedavg_paced,6,1.0,0.0,46.26925878000003,71.7399219744,0.3326503335188483,0.39653465151786804,0.3853960335254669,0.3465346395969391,14.467136144638062,0.5601004454621428,0.05,0.3684210526315789,0.3684210526315789,1.263157894736842,5.587502479553223,0.22524753212928772,0.2943069338798523,0.3634488383928935,0.39653465151786804,,
uci_har,1.0,oort,3,1.0,0.0,382.1378514719998,509.27588995124984,0.8741253534573723,0.8788598775863647,0.8824793299039205,0.71224973599116,56.25732946395874,0.9440536027316175,0.3125,1.0,1.0,4.0,2.4526195526123047,0.8686800003051758,0.8828186988830566,0.8969573577245077,0.8788598775863647,17.78777784110796,21.71558431048306
uci_har,0.1,fedprox,1,1.0,0.0,37.17953812799999,50.92758899512499,0.847437554336568,0.8401764631271362,0.8652867078781128,0.5188326835632324,13.474781036376953,0.6193326136560898,0.0,0.35526315789473684,0.35526315789473684,1.263157894736842,1.5441807508468628,0.8206650614738464,0.8380273580551147,0.8572559754053751,0.8401764631271362,4.086855733199999,13.244385213167774
pamap2,0.1,fedavg_single,3,1.0,0.0,41.30377631040002,70.06342471679999,0.2924801641413113,0.3538944125175476,0.3538944125175476,0.06534239649772644,13.786213636398315,0.5636000236015648,0.0,0.3026315789473684,0.3026315789473684,1.0526315789473684,13.015610694885254,0.10912179574370384,0.14566997438669205,0.38682698210080463,0.3538944125175476,39.06732686195384,
pamap2,0.25,fedavg_paced,7,1.0,0.0,142.1820094319999,175.15856179199997,0.4061917673315454,0.49555673201878864,0.4866701662540436,0.4286461075146993,30.79221510887146,0.7942265180581204,0.15,0.6381578947368421,0.6381578947368421,2.4210526315789473,3.0019655227661133,0.188447467982769,0.40433873732884723,0.4757797618707021,0.49555673201878864,60.37190358812635,68.53658000084499
pamap2,0.1,fedavg_paced,2,1.0,0.0,49.48120103520004,71.73992197439999,0.3326268179177496,0.3849009871482849,0.3839108943939209,0.3103960454463959,14.60415768623352,0.5725708348682816,0.05,0.3684210526315789,0.3684210526315789,1.263157894736842,9.81515121459961,0.19480197504162788,0.31468647221724194,0.3846534689267476,0.3849009871482849,40.73605683726739,45.233436650572
pamap2,0.25,ecofed_noZ,4,1.0,0.0,146.85603223529998,180.73489387199993,0.4187743681406956,0.5084531903266907,0.37614600857098895,0.5084531903266907,41.61807084083557,0.8331176157566904,0.1,0.6342732782230679,0.15943188143974377,2.005263157894737,4.5391058921813965,0.3096139232317607,0.3890991707642873,0.47438809275627136,0.5084531903266907,81.77621698356565,87.37324697670577
pamap2,0.25,energy_greedy,0,1.0,0.0,131.6427595055999,180.73489387199993,0.30406015058022506,0.2730254828929901,0.2730254828929901,0.22760534286499023,29.656834602355957,0.5954570556205676,0.15,0.6776315789473685,0.6776315789473685,2.6315789473684212,27.53287124633789,0.2011102686325709,0.29767011602719623,0.3470434844493866,0.2730254828929901,,
pamap2,0.25,static_depth,0,1.0,0.0,173.44050673600006,180.73489387199993,0.35286779551786734,0.42846328020095825,0.18016654253005981,0.42846328020095825,37.548052072525024,0.9955688652659257,0.25,0.22541024671963322,0.22541024671963322,1.5947368421052632,13.405688285827637,0.3028009037176768,0.33223988115787506,0.3848094840844472,0.42846328020095825,34.94634913492632,
pamap2,0.1,static_depth,4,1.0,0.0,64.01450565840004,72.29395754879998,0.282934294101874,0.25586676597595215,0.07595255970954895,0.26318445801734924,22.19203805923462,0.961569899092459,0.1,0.3488306744638936,0.0,1.1368421052631579,2.502469301223755,0.19135334839423498,0.2284464637438456,0.3302212059497833,0.25586676597595215,,
uci_har,1.0,fedavg,0,1.0,0.0,387.3510490464,509.2758899512498,0.882367190826798,0.8911887804667155,0.8941296339035034,0.7245786786079407,58.419899702072144,0.9566620975518775,0.25,1.0,1.0,4.0,1.3416889905929565,0.8718470732371012,0.8775025606155396,0.887569268544515,0.8911887804667155,23.643734119070622,32.182955448722254
pamap2,0.1,fedavg,6,1.0,0.0,46.26925878,71.7399219744,0.26638831813830277,0.27153465151786804,0.24430693686008453,0.18613861501216888,14.753322839736938,0.5601004454621428,0.05,0.35526315789473684,0.35526315789473684,1.263157894736842,49.38688278198242,0.19133663177490234,0.22458745539188385,0.30981847643852234,0.27153465151786804,,
pamap2,0.1,fedavg_single,4,1.0,0.0,48.280195104,72.29395754879998,0.32112663134112185,0.4087812304496765,0.4087812304496765,0.13373707234859467,14.088030099868774,0.5659653260985629,0.0,0.32894736842105265,0.32894736842105265,1.1578947368421053,5.311441898345947,0.20994196832180023,0.2482967476050059,0.29481032490730286,0.4087812304496765,,
uci_har,1.0,fedavg_paced,2,1.0,0.0,389.38230986879995,509.27588995124984,0.8618476404901791,0.8761452237764994,0.8898314634958903,0.7097613414128622,58.748751640319824,0.9528332224105569,0.25,1.0,1.0,4.0,0.36464112997055054,0.863703191280365,0.8570297559102377,0.8710552851359049,0.8761452237764994,30.620058631553256,37.829447728042126
uci_har,0.25,ecofed_fixtau,6,1.0,0.0,11.637770936999999,127.31897248781245,0.7532479780578304,0.7553443908691406,0.7180183529853821,0.7560230493545532,8.549030780792236,0.4572113986925791,0.0,0.22304431685414414,0.12652259810468075,1.0157894736842104,5.899335861206055,0.7553443908691406,0.7553443908691406,0.7553443908691406,0.7553443908691406,7.054584914323632,10.03436014504668
uci_har,0.25,energy_greedy,1,1.0,0.0,119.50675855320003,127.31897248781246,0.8837461549387031,0.8591788411140442,0.8585001826286316,0.6297929883003235,23.777965784072876,0.9949554252582143,0.3125,0.6907894736842105,0.6907894736842105,2.736842105263158,5.426321506500244,0.8229838411013285,0.8775025606155396,0.8965049187342325,0.8591788411140442,6.676815894847124,14.282956206256456
pamap2,0.25,energy_greedy,5,1.0,0.0,139.11877866479995,183.2892137279999,0.47294798620743816,0.17641419172286987,0.1243208721280098,0.17641419172286987,31.025634765625,0.5972196470617929,0.3,0.6710526315789473,0.6710526315789473,2.6315789473684212,57.98347091674805,0.3526153216759364,0.5891125996907552,0.6904229124387106,0.17641419172286987,22.019915018224943,23.17184594789451
pamap2,1.0,fedavg_q8,0,1.0,0.0,522.4562665944005,722.9395754879997,0.38392595192907797,0.3462023635705312,0.3863235016663869,0.23433426022529602,79.98273611068726,0.9395082295143635,0.15,1.0,1.0,4.0,21.806396484375,0.29396921396255493,0.3711834450562795,0.45756582419077557,0.3462023635705312,233.97413291266338,255.23546753524263
uci_har,0.1,fedavg,3,1.0,0.0,37.28482158239999,50.92758899512501,0.8022465331456912,0.8262640237808228,0.8384798169136047,0.35120460391044617,13.05306363105774,0.6211168231357659,0.0,0.35526315789473684,0.35526315789473684,1.263157894736842,9.738481521606445,0.664574146270752,0.723447581132253,0.8655129472414652,0.8262640237808228,16.836207246648478,19.57037081846595
pamap2,0.25,ecofed_noQ,4,1.0,0.0,177.88530501870002,180.73489387199993,0.3288042281018056,0.26343679428100586,0.285894513130188,0.26343679428100586,32.77918529510498,0.9989883029776397,0.7,0.665748577201914,0.5812153604662607,2.5157894736842104,12.679100036621094,0.22180166840553284,0.353940616051356,0.34838926792144775,0.26343679428100586,140.78785390979243,
uci_har,0.1,static_depth,2,1.0,0.0,49.4421181764,50.927588995125,0.8150025612676135,0.8435697555541992,0.22429589927196503,0.8435697555541992,23.04237461090088,0.9984392531370152,0.375,0.4249836877569777,0.0,1.3157894736842106,4.73007869720459,0.7398484349250793,0.8280737598737081,0.8342947562535604,0.8435697555541992,10.986811668454296,21.98351860599824
uci_har,0.25,ecofed_fixdepth,6,1.0,0.0,5.316997294799999,127.31897248781245,0.8284031782832149,0.8374618291854858,0.80861896276474,0.22259925305843353,5.875648498535156,0.24768535973691844,0.0,0.10745614035087718,0.10745614035087718,0.3157894736842105,0.8961840271949768,0.8374618291854858,0.8374618291854858,0.8374618291854858,0.8374618291854858,5.316997294799999,
pamap2,0.1,energy_greedy,2,1.0,0.0,49.4812010352,71.73992197439999,0.3203773904044671,0.2861386239528656,0.22128713130950928,0.24851484596729279,14.460712432861328,0.5725708348682816,0.05,0.35526315789473684,0.35526315789473684,1.263157894736842,24.72003936767578,0.223886139690876,0.28333332637945813,0.45247524976730347,0.2861386239528656,37.10757424802306,38.738963714255085
uci_har,0.1,fedavg_q8,3,1.0,0.0,37.8299140656,50.92758899512501,0.8142406614675056,0.8164234757423401,0.8082796335220337,0.35866984724998474,14.08668851852417,0.6178065557348158,0.125,0.4605263157894737,0.4605263157894737,1.6842105263157894,28.03521156311035,0.721750944852829,0.8434566060702006,0.8605361382166544,0.8164234757423401,13.68045117476358,15.918091780655217
uci_har,0.25,ecofed_noZ,0,1.0,0.0,45.2908997914,127.31897248781245,0.8635353282058327,0.8780681093533834,0.8793123165766398,0.8761452237764994,20.708978176116943,0.6004343090473432,0.0,0.25786433097875694,0.026758367172223907,1.3631578947368421,1.1198045015335083,0.8616672356923422,0.8410813212394714,0.8780681093533834,0.8780681093533834,6.837725687862082,10.84899266239083
pamap2,0.1,energy_greedy,4,1.0,0.0,48.28019510400001,72.29395754879998,0.2919299745737436,0.2611657977104187,0.26015645265579224,0.19101691246032715,14.537547826766968,0.5659653260985629,0.0,0.32894736842105265,0.32894736842105265,1.1578947368421053,20.160715103149414,0.2138531431555748,0.29716544846693677,0.33947346607844037,0.2611657977104187,,
uci_har,0.1,fedavg_single,4,1.0,0.0,36.70517937239999,50.92758899512499,0.8243912690456663,0.8775025606155396,0.8775025606155396,0.1890057623386383,10.622741222381592,0.6179494594540492,0.0625,0.3815789473684211,0.3815789473684211,1.368421052631579,1.1269451379776,0.702748566865921,0.7533084551493326,0.8862119515736898,0.8775025606155396,16.302722138587058,18.610156737849174
pamap2,0.25,fedavg_paced,6,1.0,0.0,132.99123806159997,179.349804936,0.35871208155445444,0.39876238505045575,0.3598184883594513,0.3824257552623749,29.724915027618408,0.5970430984349053,0.1,0.7039473684210527,0.7039473684210527,2.6315789473684212,6.038182735443115,0.26097360253334045,0.3248349726200104,0.3994224468866984,0.39876238505045575,120.9065521483891,
uci_har,1.0,static_depth,6,1.0,0.0,269.862266774,509.2758899512498,0.8657555799236718,0.8794254064559937,0.8794254064559937,0.8647211790084839,41.55297040939331,0.8672996840481585,0.0625,0.5780704277118457,0.4549175349787411,2.5684210526315785,0.3185708224773407,0.8682275811831156,0.8900576829910278,0.8857595324516296,0.8794254064559937,23.700143769649056,45.557240795165484
uci_har,1.0,oort,7,1.0,0.0,381.0495438540002,509.2758899512498,0.8680047985225214,0.8710553050041199,0.8724126219749451,0.6603325208028158,59.59549331665039,0.9377934250431373,0.3125,1.0,1.0,4.0,0.5594732165336609,0.8836104472478231,0.8720732728640238,0.8743354876836141,0.8710553050041199,18.214212787387233,21.011732528153477
pamap2,0.25,ecofed_noQ,5,1.0,0.0,181.48859730840002,183.2892137279999,0.4501870250108136,0.24896132946014404,0.12240332365036011,0.24896132946014404,33.79370355606079,0.9994516264130774,0.8,0.6982084023476272,0.5896495349552672,2.610526315789474,26.42276382446289,0.2904016226530075,0.3743475079536438,0.3902205228805542,0.24896132946014404,75.38841954906538,78.38934240779143
uci_har,1.0,fedavg_paced,6,1.0,0.0,385.9825111884003,509.2758899512498,0.8864950524593785,0.9184481501579285,0.9192399183909098,0.7065942684809366,58.06483793258667,0.9553184687147795,0.375,1.0,1.0,4.0,0.6126176714897156,0.8736568093299866,0.8903970122337341,0.9030652642250061,0.9184481501579285,32.56428467774967,35.67991832650604
uci_har,0.25,fedavg,2,1.0,0.0,116.28526882560001,127.31897248781246,0.8628168909527054,0.8479809761047363,0.8527315855026245,0.6657617688179016,23.44666290283203,0.9329940290131934,0.125,0.6907894736842105,0.6907894736842105,2.736842105263158,4.612924098968506,0.8038683533668518,0.8825924595197042,0.881687601407369,0.8479809761047363,13.151815954229809,21.92007345789464
pamap2,0.1,fedprox,7,1.0,0.0,40.82455538400001,70.06342471679999,0.2877572959970742,0.225823312997818,0.1748562455177307,0.225823312997818,14.962574243545532,0.5534921172419758,0.0,0.3026315789473684,0.3026315789473684,1.0526315789473684,29.88682746887207,0.27522215247154236,0.28585119048754376,0.41671022772789,0.225823312997818,,
pamap2,0.25,ecofed_fixtau,0,1.0,0.0,140.08264905620004,180.73489387199993,0.38861618660475483,0.45310791333516437,0.4457902212937673,0.3606695334116618,38.675415992736816,0.7827563267278583,0.15,0.5106248201484325,0.2955306158451461,2.2824561403508774,1.4195066690444946,0.24585751195748648,0.345781813065211,0.40533266464869183,0.45310791333516437,120.13854621188058,138.5239773458223
pamap2,0.25,static_depth,2,1.0,0.0,169.77523722239994,179.349804936,0.5571530040431183,0.6309406161308289,0.46089109778404236,0.6309406161308289,37.56681847572327,0.9911404818299189,0.3,0.23987340305509394,0.23987340305509394,1.5842105263157895,4.473493576049805,0.3127062718073527,0.5396039485931396,0.6074257493019104,0.6309406161308289,23.497127525804764,24.423007397698687
pamap2,1.0,ecofed,6,1.0,0.0,487.9784772050001,717.399219744,0.6634521735800099,0.7245874603589376,0.60206272204717,0.7245874603589376,79.91900682449341,0.902857190569458,0.1,0.9972423493349837,0.7950649880908904,3.5105263157894737,6.805206775665283,0.39125412702560425,0.6130362947781881,0.720049520333608,0.7245874603589376,46.93261168885853,56.68590445077773
pamap2,1.0,fedavg,1,1.0,0.0,564.2517933479998,733.1568549119997,0.4945562223425352,0.3892617424329122,0.3328006813923518,0.21764141817887625,80.16257071495056,0.963150390351073,0.2,1.0,1.0,4.0,36.6025505065918,0.41493554910024005,0.5953979094823202,0.6205390493075053,0.3892617424329122,84.80300574805979,88.02295280386069
pamap2,0.25,ecofed_fixdepth,6,1.0,0.0,66.03519179279999,179.349804936,0.32248373257094887,0.3148514926433563,0.23490099608898163,0.35321781039237976,20.517472743988037,0.47820995265612126,0.0,0.5328947368421053,0.5328947368421053,2.0,5.977150917053223,0.33325082063674927,0.4337458809216817,0.3148514926433563,0.3148514926433563,37.883376890399994,
uci_har,0.25,fedavg,4,1.0,0.0,115.20021800039996,127.31897248781245,0.8386738367597251,0.8483203053474426,0.8486596345901489,0.6043434143066406,23.714536905288696,0.9305606518764684,0.1875,0.6842105263157895,0.6842105263157895,2.736842105263158,4.473920822143555,0.7835086584091187,0.8425517479578654,0.8722995122273763,0.8483203053474426,22.163395858369945,31.525390085630757
pamap2,1.0,fedavg_q8,5,1.0,0.0,536.5542559943996,733.1568549119996,0.6239439144218135,0.7211036483446757,0.5694045027097067,0.4777884284655253,79.11115026473999,0.941952106653942,0.2,1.0,1.0,4.0,29.26726531982422,0.3850005269050598,0.6291680137316386,0.6640034317970276,0.7211036483446757,98.99070271820581,102.35736596865408
pamap2,1.0,fedavg,5,1.0,0.0,565.7655826056007,733.1568549119996,0.6285562477616535,0.7461382548014323,0.6185149749120077,0.47533823053042096,79.94505786895752,0.9628076794969719,0.2,1.0,1.0,4.0,24.51235008239746,0.4305955171585083,0.6074358224868774,0.6436561346054077,0.7461382548014323,51.58937950247525,58.59133372939212
pamap2,0.1,ecofed_noQ,7,1.0,0.0,68.32453982800001,70.06342471679999,0.3767649612228414,0.4147935211658478,0.3251437544822693,0.3985885977745056,17.535847187042236,0.993796023946459,0.8,0.3655173439769182,0.26946696030101,1.2315789473684209,28.173269271850586,0.24568739533424377,0.2741766770680745,0.3864784737428029,0.4147935211658478,43.512133673371146,45.647438385877095
pamap2,0.1,ecofed_fixtau,4,1.0,0.0,28.259280034199993,72.29395754879998,0.33719109902665967,0.3198755085468292,0.26015645265579224,0.32652031381924945,14.624097108840942,0.3013962738481416,0.0,0.34562285381076824,0.28160888094314435,1.2035087719298245,24.134265899658203,0.2421566148598989,0.34174447258313495,0.3198755085468292,0.3198755085468292,,
uci_har,0.1,ecofed_noQ,5,1.0,0.0,49.9917437623,50.92758899512499,0.7544347985187592,0.84764164686203,0.876823902130127,0.6986766457557678,13.01704740524292,0.9982734219616533,0.5625,0.46991502738791047,0.3354161418257489,1.5535087719298246,1.0192034244537354,0.6141839027404785,0.61588054895401,0.7252573370933533,0.84764164686203,28.44002908571987,31.95234638083474
pamap2,0.25,ecofed_noZ,1,1.0,0.0,143.4621728973999,183.28921372799994,0.49536836631677567,0.5890060861905416,0.3372749586900075,0.5713220437367758,41.8384895324707,0.8215041893945475,0.2,0.6766828213470498,0.13776169609096753,2.0416666666666665,3.721060276031494,0.3394055664539337,0.4472142259279887,0.4497709572315216,0.5890060861905416,26.07216367108095,26.78504834804323
uci_har,0.1,fedavg_single,1,1.0,0.0,37.17953812799999,50.92758899512499,0.8683714943133851,0.8781812191009521,0.8781812191009521,0.040719375014305115,10.720767736434937,0.6193326136560898,0.0,0.35526315789473684,0.35526315789473684,1.263157894736842,2.063405752182007,0.8062436282634735,0.8366700609525045,0.8970704674720764,0.8781812191009521,7.814266088728947,13.39397030657167
pamap2,0.25,ecofed_fixdepth,2,1.0,0.0,61.61397825720001,179.349804936,0.42009482963207084,0.44059404730796814,0.27252474427223206,0.44059404730796814,19.44539213180542,0.5170967349773539,0.0,0.6447368421052632,0.6447368421052632,2.4210526315789473,5.762152671813965,0.29471946756045025,0.504042903582255,0.44059404730796814,0.44059404730796814,22.3751345256,22.3751345256
pamap2,0.1,oort,3,1.0,0.0,41.30377631040001,70.06342471679999,0.20777973807228167,0.1787767857313156,0.1787767857313156,0.20465238392353058,14.238721132278442,0.5636000236015648,0.0,0.3026315789473684,0.3026315789473684,1.0526315789473684,60.74923324584961,0.08886565268039703,0.16161352147658667,0.32531800866127014,0.1787767857313156,,
pamap2,0.25,ecofed_noZ,3,1.0,0.0,140.24886307949998,175.15856179199997,0.46080907431596624,0.4999128778775533,0.365656038125356,0.4999128778775533,40.016796350479126,0.8717846948850959,0.1,0.5837955103825848,0.1467357193700668,1.8666666666666665,10.4558687210083,0.31808678309122723,0.4600975811481476,0.5079282025496165,0.4999128778775533,26.442663611230866,27.36984345442369
uci_har,0.25,energy_greedy,5,1.0,0.0,114.02562843119999,127.31897248781245,0.8688646107725913,0.851034939289093,0.8554462194442749,0.5503902435302734,24.985783576965332,0.9318104684020808,0.0625,0.6776315789473685,0.6776315789473685,2.6315789473684212,3.92880916595459,0.8247935771942139,0.8742223779360453,0.886098841826121,0.851034939289093,3.7060740695999996,14.947201259417875
uci_har,0.1,static_depth,4,1.0,0.0,49.40573139559998,50.92758899512499,0.8244847944296019,0.835425853729248,0.10824567079544067,0.826603353023529,23.598825693130493,0.9982819478605806,0.375,0.40841815973258727,0.0,1.3052631578947367,4.996943950653076,0.7715190649032593,0.8340685367584229,0.8253591458002726,0.835425853729248,9.628508138538356,16.882519704406302
uci_har,0.25,ecofed_fixprec,1,1.0,0.0,80.90907392495004,127.31897248781246,0.8639150124022899,0.8864381909370422,0.8810089429219564,0.8726388613382975,23.090965270996094,0.6426509362731396,0.0,0.3456629598252168,0.21336010973125633,1.825,0.6868438124656677,0.8318063616752625,0.8419861992200216,0.8908494512240092,0.8864381909370422,7.884382715134154,28.239078927093484
uci_har,0.1,static_depth,5,1.0,0.0,49.14198378820001,50.92758899512499,0.8179193816767895,0.8082796335220337,0.20325754582881927,0.7774007320404053,23.219605445861816,0.9970968992503053,0.3125,0.44312307512418697,0.0,1.3631578947368421,3.612837076187134,0.7686913212140402,0.7766089836756388,0.8218527237574259,0.8082796335220337,15.879993620670609,27.88691084180253
uci_har,0.1,fedavg_q8,6,1.0,0.0,37.758258383999994,50.92758899512499,0.8304032437792785,0.8489989638328552,0.8489989638328552,0.3803868293762207,13.913179874420166,0.6133395356741163,0.1875,0.4868421052631579,0.4868421052631579,1.7894736842105263,3.7315762042999268,0.7178486585617065,0.7691437602043152,0.8618934551874796,0.8489989638328552,14.889455012225127,17.448814683236563
pamap2,0.1,fedavg_q8,5,1.0,0.0,50.6152892136,73.31568549119997,0.3644744191401257,0.33365291357040405,0.12400127947330475,0.33365291357040405,16.108241081237793,0.5714042075429325,0.0,0.40789473684210525,0.40789473684210525,1.4736842105263157,41.27627182006836,0.25023970007896423,0.3214019437630971,0.4344305992126465,0.33365291357040405,37.424253258933945,40.026678306178226
pamap2,0.1,ecofed,4,1.0,0.0,33.56544162120001,72.29395754879998,0.2842515121501826,0.29691311717033386,0.321473628282547,0.26133400201797485,14.440348625183105,0.409107565600657,0.0,0.4686296578007462,0.3817743598299898,1.7035087719298245,4.353905200958252,0.211455966035525,0.26890403032302856,0.29691311717033386,0.29691311717033386,,
uci_har,0.25,ecofed_noZ,7,1.0,0.0,51.95777802980004,127.31897248781245,0.849405557634367,0.8629114429155985,0.8458319306373596,0.8564642071723938,23.657064199447632,0.6308990203145654,0.0,0.3456163611332642,0.027973665133673522,1.4526315789473685,1.8313044309616089,0.782377560933431,0.8238887190818787,0.8629114429155985,0.8629114429155985,12.256014234776178,35.84265803908748
pamap2,1.0,fedavg,0,1.0,0.0,551.9829100103997,722.9395754879997,0.36369416868129445,0.33711834748586017,0.39406174421310425,0.23761460185050964,76.61289286613464,0.9598105701356214,0.15,1.0,1.0,4.0,26.68217658996582,0.31802507241566974,0.3746320108572642,0.4356127480665843,0.33711834748586017,196.98655249098047,
pamap2,1.0,fedprox,0,1.0,0.0,551.9829100103997,722.9395754879997,0.365889217106937,0.3283707598845164,0.34662293394406635,0.2382033814986547,86.45148706436157,0.9598105701356214,0.15,1.0,1.0,4.0,33.658321380615234,0.31037093202273053,0.37917402386665344,0.44486499826113385,0.3283707598845164,197.75978048766868,279.39805634083854
pamap2,0.1,oort,7,1.0,0.0,40.824555384,70.06342471679999,0.3103185107442046,0.3055410385131836,0.1962885558605194,0.2838473618030548,14.02169942855835,0.5534921172419758,0.0,0.3026315789473684,0.3026315789473684,1.0526315789473684,18.51524543762207,0.25980135798454285,0.26494162778059643,0.38996340831120807,0.3055410385131836,,
uci_har,1.0,oort,5,1.0,0.0,387.09600816240027,509.2758899512498,0.8842080924320642,0.8970704674720764,0.8970704674720764,0.7434679269790649,59.20356106758118,0.9494938549637619,0.25,1.0,1.0,4.0,0.6898903846740723,0.8694717884063721,0.8741092681884766,0.8957131703694662,0.8970704674720764,4.9934207183999995,15.378560841742885
pamap2,0.25,fedavg_paced,2,1.0,0.0,134.08023368640005,179.349804936,0.4725654004757386,0.5826732516288757,0.576980193456014,0.43341584006945294,29.52062726020813,0.5978447912627829,0.05,0.6907894736842105,0.6907894736842105,2.4210526315789473,3.9749813079833984,0.29232672850290936,0.466996709505717,0.5036303699016571,0.5826732516288757,41.092317036213984,43.5024243134703
pamap2,0.25,ecofed_fixtau,5,1.0,0.0,141.69879759660003,183.2892137279999,0.545042104032551,0.5508682131767273,0.35282838344573975,0.7250452836354574,38.75312066078186,0.790313742005392,0.1,0.5220737167409764,0.304812827989725,2.1359649122807016,11.615904808044434,0.4233514467875163,0.6483434637387594,0.6039203206698099,0.5508682131767273,14.974261023101874,27.04857352769353
uci_har,1.0,fedavg_q8,3,1.0,0.0,351.5221249560004,509.27588995124984,0.8756712189006197,0.8784074187278748,0.8784074187278748,0.6899671951929728,55.89986181259155,0.9136205217023549,0.25,1.0,1.0,4.0,16.8851318359375,0.880217174688975,0.8794254064559937,0.8813482721646627,0.8784074187278748,21.20922211117099,27.14536542975512
pamap2,0.1,fedprox,0,1.0,0.0,41.94836733600001,72.2939575488,0.2066297921699023,0.2006056010723114,0.21953065693378448,0.1150643453001976,15.172160387039185,0.5519209646212685,0.0,0.32894736842105265,0.32894736842105265,1.1578947368421053,35.71984100341797,0.13600806891918182,0.21423164010047913,0.24198839565118155,0.2006056010723114,,
pamap2,1.0,fedavg,7,1.0,0.0,565.0577450784006,700.6342471679999,0.4665846610309333,0.47177208463350934,0.5013939638932546,0.3781146506468455,80.84325838088989,0.9665116425166285,0.35,1.0,1.0,4.0,18.39713478088379,0.29421501855055493,0.49146193265914917,0.51751176516215,0.47177208463350934,166.95653699441178,170.21836885486718
uci_har,0.25,energy_greedy,0,1.0,0.0,118.1311293168,127.31897248781245,0.8653608885267416,0.8418731093406677,0.8418731093406677,0.5188326835632324,24.181491374969482,0.9939668177384381,0.1875,0.6710526315789473,0.6710526315789473,2.6315789473684212,10.337050437927246,0.8146137396494547,0.8747879266738892,0.8829317887624105,0.8418731093406677,10.861850345456098,16.99495467884417
pamap2,1.0,fedavg_single,0,1.0,0.0,551.9829100103997,722.9395754879997,0.43327731079262,0.42442593971888226,0.42442593971888226,0.04802758867541949,77.33100843429565,0.9598105701356214,0.15,1.0,1.0,4.0,8.476940155029297,0.3078475892543793,0.485911359389623,0.5277147094408671,0.42442593971888226,132.6034638031431,146.5021923021648
pamap2,1.0,fedavg_paced,3,1.0,0.0,571.271241408,700.6342471679999,0.4937450888079983,0.5445199410120646,0.48353371024131775,0.5445199410120646,80.40965175628662,0.9727012972155233,0.2,1.0,1.0,4.0,3.5505967140197754,0.3045826852321625,0.5162920455137888,0.4991287688414256,0.5445199410120646,85.37473490603242,88.16717776689579
pamap2,0.25,fedavg_single,1,1.0,0.0,138.0609495336,183.28921372799994,0.3214920453905751,0.3074464797973633,0.3074464797973633,0.05560882017016411,28.535104990005493,0.5970511649484272,0.25,0.6710526315789473,0.6710526315789473,2.6315789473684212,13.265201568603516,0.21881325046221414,0.3900074561436971,0.28795141478379566,0.3074464797973633,66.69958266062037,70.57735520964034
pamap2,1.0,oort,5,1.0,0.0,581.2602977304003,733.1568549119996,0.5621075895666254,0.6646425922711691,0.6652817726135254,0.5280707279841105,90.96990990638733,0.963347317638852,0.2,1.0,1.0,4.0,16.34185791015625,0.40311068296432495,0.49227653940518695,0.6148929397265116,0.6646425922711691,104.08022074683522,106.530240037648
pamap2,0.1,ecofed,3,1.0,0.0,34.276453446599994,70.06342471679999,0.4291186797254446,0.467328816652298,0.39562641580899555,0.467328816652298,14.434921979904175,0.39916395919543907,0.1,0.4073337820971293,0.3332107531177984,1.6530701754385964,2.0929055213928223,0.35572399695714313,0.3640878200531006,0.467328816652298,0.467328816652298,29.438966657114264,29.859133265219825
pamap2,0.1,ecofed_fixdepth,6,1.0,0.0,8.1460235676,71.7399219744,0.22409615882007025,0.22747524082660675,0.23366336524486542,0.13118812441825867,8.41388463973999,0.17960026450627942,0.0,0.1469298245614035,0.1469298245614035,0.42105263157894735,12.058282852172852,0.24529702961444855,0.22747524082660675,0.22747524082660675,0.22747524082660675,,
uci_har,0.1,fedavg_paced,6,1.0,0.0,36.025229518799996,50.92758899512499,0.8147279805829445,0.8669833540916443,0.8669833540916443,0.5357991456985474,11.505945205688477,0.617045537983325,0.0,0.35964912280701755,0.35964912280701755,1.1578947368421053,1.8526860475540161,0.6274177134037018,0.8493383328119913,0.8323718905448914,0.8669833540916443,11.696285517599998,11.696285517599998
pamap2,0.1,oort,0,1.0,0.0,41.948367336000004,72.2939575488,0.25442758644077956,0.2727731466293335,0.2727731466293335,0.11430734395980835,14.296066522598267,0.5519209646212685,0.0,0.32894736842105265,0.32894736842105265,1.1578947368421053,23.70258331298828,0.26873579621315,0.2424930582443873,0.24804440637429556,0.2727731466293335,,
uci_har,1.0,fedavg_paced,0,1.0,0.0,394.1910670991999,509.2758899512498,0.8741239571417931,0.8889265855153402,0.894355833530426,0.8189118901888529,61.73820996284485,0.9624852415554028,0.25,1.0,1.0,4.0,0.1166805699467659,0.8685669104258219,0.8941296339035034,0.8760321140289307,0.8889265855153402,22.524656860829676,27.64743795737744
uci_har,0.1,oort,7,1.0,0.0,36.3693625848,50.927588995125,0.8044825583377693,0.7567017078399658,0.6793349385261536,0.641669511795044,12.165765285491943,0.6161636471928962,0.0,0.35526315789473684,0.35526315789473684,1.263157894736842,3.6506237983703613,0.7550050914287567,0.7694830894470215,0.8521660566329956,0.7567017078399658,16.324557514792833,20.764027955577394
uci_har,1.0,static_depth,3,1.0,0.0,266.13647871259997,509.27588995124984,0.8795623936466154,0.8937903046607971,0.8991064429283142,0.8336161176363627,40.64194846153259,0.8462567680183374,0.0625,0.6743303726547678,0.36001267567062856,2.742105263157894,0.5591089725494385,0.8754665652910868,0.8771632313728333,0.8937903046607971,0.8937903046607971,14.273460788751438,16.74099799556657
uci_har,0.25,static_depth,7,1.0,0.0,106.54423186,127.31897248781245,0.8181444760110457,0.8561248580614725,0.8494514226913452,0.8329374591509501,31.461588621139526,0.9638780184699042,0.25,0.315639954376461,0.06185287624527477,1.6578947368421053,2.244194746017456,0.7284243702888489,0.8164234757423401,0.8561248779296875,0.8561248580614725,26.62156301306124,58.34329589399871
pamap2,1.0,fedprox,3,1.0,0.0,559.4873144400002,700.6342471679999,0.44093104660197224,0.4716849625110626,0.45277923345565796,0.397630254427592,88.58177733421326,0.9660717395695382,0.2,1.0,1.0,4.0,22.55691146850586,0.3303711414337158,0.4242899417877197,0.4703781108061473,0.4716849625110626,120.99980694059333,131.7914953480346
uci_har,0.1,fedavg_single,5,1.0,0.0,36.963129715200004,50.92758899512499,0.8411446938073834,0.8564642071723938,0.8564642071723938,0.15880556404590607,10.524720907211304,0.6175898615230917,0.0,0.35526315789473684,0.35526315789473684,1.263157894736842,2.0685503482818604,0.7600950002670288,0.7835086385409037,0.8784074385960897,0.8564642071723938,4.852842513599999,20.262713571518294
pamap2,0.25,ecofed_fixprec,5,1.0,0.0,153.31177005620006,183.2892137279999,0.5872238481345095,0.6608075102170309,0.5891126096248627,0.7053371667861938,35.60257816314697,0.852806308038629,0.2,0.5621233239873852,0.31406849017622374,2.0280701754385966,6.903886318206787,0.44508362809817,0.4385852813720703,0.6095664103825887,0.6608075102170309,17.486792448950983,18.511654779860685
uci_har,1.0,fedprox,6,1.0,0.0,375.582653976,509.2758899512498,0.8712460799441761,0.887569268544515,0.887569268544515,0.6563737193743387,62.2905650138855,0.9455913813256122,0.375,1.0,1.0,4.0,1.8278071880340576,0.8664178252220154,0.8644949793815613,0.8949214021364847,0.887569268544515,38.199201939156275,46.79236481510179
uci_har,0.1,energy_greedy,1,1.0,0.0,37.17953812799999,50.92758899512499,0.8527760009091002,0.8459450006484985,0.8486596345901489,0.36511707305908203,11.94182276725769,0.6193326136560898,0.0,0.3815789473684211,0.3815789473684211,1.368421052631579,8.037639617919922,0.8130302131175995,0.8229838411013285,0.882705569267273,0.8459450006484985,6.676815894847124,14.282956206256456
uci_har,1.0,ecofed,3,1.0,0.0,170.78696711899994,509.27588995124984,0.8628644154753038,0.8650605082511902,0.8854202230771383,0.8608754475911459,35.308156967163086,0.6480176292016175,0.0,0.5902555848797504,0.3789420043836322,2.4315789473684215,0.8559223413467407,0.8721864223480225,0.8798778454462687,0.8650605082511902,0.8650605082511902,17.071234970038596,22.267162941540573
uci_har,0.1,ecofed,1,1.0,0.0,43.22566629285,50.92758899512499,0.833400881114287,0.8870037396748861,0.8890396952629089,0.881687601407369,16.97552800178528,0.8747881872357948,0.25,0.30008593474702894,0.228373666913566,1.7561403508771933,1.6464128494262695,0.6679108738899231,0.7966293493906657,0.820382316907247,0.8870037396748861,9.280858639268981,10.963420359952972
uci_har,0.25,fedavg_paced,4,1.0,0.0,115.20021800039999,127.31897248781245,0.8556149286347688,0.8673227032025655,0.8710553050041199,0.6966406504313151,24.520257711410522,0.9305606518764684,0.1875,0.7894736842105263,0.7894736842105263,3.0526315789473686,3.48856782913208,0.7770614326000214,0.8452663620313009,0.890962560971578,0.8673227032025655,25.85012529821863,28.25169768104616
uci_har,0.1,fedavg,2,1.0,0.0,36.270551414399996,50.927588995125,0.8245543457047892,0.7882592678070068,0.8622328042984009,0.44451984763145447,13.044082403182983,0.618619956575522,0.0,0.35526315789473684,0.35526315789473684,1.263157894736842,3.9384100437164307,0.7813030183315277,0.817441463470459,0.8730912605921427,0.7882592678070068,10.70423831456552,14.695717113614501
pamap2,1.0,oort,1,1.0,0.0,575.8356062808,733.1568549119997,0.45132828236709877,0.3201235830783844,0.2933844675620397,0.20730797946453094,86.22284746170044,0.9673500753851684,0.2,1.0,1.0,4.0,25.970382690429688,0.47139662504196167,0.5933738152186075,0.5770746866861979,0.3201235830783844,67.62903867164363,73.23597909778157
uci_har,1.0,fedavg_paced,7,1.0,0.0,390.12824644320017,509.2758899512498,0.8749701929339561,0.8853070735931396,0.8908494512240092,0.8100893497467041,59.49685597419739,0.9563505105511175,0.3125,1.0,1.0,4.0,0.27414318919181824,0.8884741465250651,0.8844022154808044,0.8907363414764404,0.8853070735931396,26.356718795123992,29.529700160582607
pamap2,0.25,fedavg,2,1.0,0.0,134.08023368639996,179.349804936,0.4320329876024721,0.41485148668289185,0.28960394859313965,0.20222772657871246,28.668550491333008,0.5978447912627829,0.05,0.6776315789473685,0.6776315789473685,2.6315789473684212,99.17859649658203,0.3273927370707194,0.3689769009749095,0.5163366198539734,0.41485148668289185,59.11557971228875,60.941941545787984
pamap2,1.0,energy_greedy,3,1.0,0.0,529.9886230439998,700.6342471679999,0.457677393581467,0.4943369925022125,0.4813556472460429,0.3824708163738251,92.00254678726196,0.9368458491609856,0.1,1.0,1.0,4.0,19.466325759887695,0.32296567658583325,0.4580937425295512,0.5112389127413431,0.4943369925022125,93.94267363775243,95.75327365388412
pamap2,0.1,ecofed,7,1.0,0.0,33.10021205760002,70.06342471679999,0.4040848172661445,0.44249870379765827,0.35049660007158917,0.4402334988117218,15.629584312438965,0.3871343823513526,0.05,0.46765686421621266,0.382469760211089,1.593859649122807,3.5709288120269775,0.2923854390780131,0.4215891361236572,0.44249870379765827,0.44249870379765827,8.523458785677063,18.502481254559203
pamap2,0.1,energy_greedy,7,1.0,0.0,40.824555384,70.06342471679999,0.26847062812103784,0.23889179527759552,0.21484579145908356,0.29900678992271423,14.389764785766602,0.5534921172419758,0.0,0.3026315789473684,0.3026315789473684,1.0526315789473684,13.651067733764648,0.23105070739984512,0.2288726270198822,0.43883951505025226,0.23889179527759552,36.18910297844104,
pamap2,0.25,fedprox,0,1.0,0.0,131.64275950560005,180.73489387199993,0.26626893676487384,0.1695685088634491,0.1710825115442276,0.1296997219324112,34.561509132385254,0.5954570556205676,0.15,0.6842105263157895,0.6842105263157895,2.736842105263158,64.36681365966797,0.18210110068321228,0.2943056623140971,0.3145764966805776,0.1695685088634491,,
pamap2,1.0,static_depth,4,1.0,0.0,481.73308524479995,722.9395754879997,0.45266115130034845,0.5045840740203857,0.37824881076812744,0.5045840740203857,64.45147204399109,0.8909621027084899,0.2,0.6167083591139843,0.3767401025234024,2.5631578947368423,2.206848382949829,0.3026326894760132,0.383379598458608,0.4428463280200958,0.5045840740203857,230.22978346627403,293.41967946571754
uci_har,1.0,energy_greedy,6,1.0,0.0,343.7843673407997,509.2758899512498,0.8713140818830574,0.8733174800872803,0.8767107725143433,0.6461938818295797,59.19684886932373,0.8722743539935632,0.25,1.0,1.0,4.0,2.365802049636841,0.8706028858820597,0.8991064429283142,0.8840628663698832,0.8733174800872803,21.759586778808103,33.26084993494173
pamap2,0.1,energy_greedy,1,1.0,0.0,49.77800777520001,73.31568549119999,0.1337572316285594,0.12112496048212051,0.12112496048212051,0.055928412824869156,14.724151134490967,0.5643481531260678,0.15,0.35526315789473684,0.35526315789473684,1.263157894736842,17.850553512573242,0.10226909816265106,0.10930009682973225,0.1799296885728836,0.12112496048212051,,
uci_har,0.25,oort,3,1.0,0.0,115.17117810240012,127.31897248781246,0.8438332049449715,0.8493382930755615,0.8493382930755615,0.6420088410377502,22.860270738601685,0.9319652438822102,0.1875,0.7039473684210527,0.7039473684210527,2.736842105263158,9.05695915222168,0.7649587194124857,0.8744485775629679,0.8703766465187073,0.8493382930755615,17.78777784110796,21.71558431048306
pamap2,0.1,ecofed_fixtau,2,1.0,0.0,29.069347450800006,71.73992197439999,0.36972962937770937,0.3870462079842885,0.3957095742225647,0.3870462079842885,14.479867935180664,0.29613588663812096,0.0,0.3269747022347789,0.2709290777594606,1.1508771929824562,2.9777309894561768,0.27268976469834644,0.32244224349657696,0.3870462079842885,0.3870462079842885,,
pamap2,0.25,ecofed_noQ,2,1.0,0.0,176.38644159479995,179.349804936,0.4217755094555427,0.39554455876350403,0.3042079210281372,0.3903465270996094,30.934612035751343,0.9991777711444991,0.6,0.6566820264953557,0.5743020163826013,2.5736842105263156,15.93482780456543,0.2579207917054494,0.29612211386362713,0.5152640243371328,0.39554455876350403,84.41104152598024,85.9463410072504
uci_har,0.25,fedavg,3,1.0,0.0,115.17117810240012,127.31897248781246,0.8511230356363254,0.8113335371017456,0.8113335371017456,0.6179165244102478,23.434308528900146,0.9319652438822102,0.1875,0.6907894736842105,0.6907894736842105,2.736842105263158,11.898335456848145,0.7689175307750702,0.8749010364214579,0.873430609703064,0.8113335371017456,22.056121905397028,28.593277710798485
pamap2,0.25,fedprox,4,1.0,0.0,134.7301855367999,180.73489387199993,0.28833887764141586,0.265707790851593,0.26646479964256287,0.17360585927963257,36.28032112121582,0.5972419554530491,0.1,0.6710526315789473,0.6710526315789473,2.6315789473684212,71.35821533203125,0.2419883906841278,0.25561443467934925,0.38573471705118817,0.265707790851593,,
uci_har,0.1,ecofed,6,1.0,0.0,44.65126131685001,50.92758899512499,0.8212218622586404,0.8580477436383566,0.8779549797375997,0.8580477436383566,17.08543610572815,0.881924524810201,0.3125,0.29514130158952284,0.2428283295609835,1.5368421052631576,1.4729454517364502,0.7159823775291443,0.7783056298891703,0.8310145735740662,0.8580477436383566,13.183299775412362,22.84373583596806
pamap2,0.1,ecofed_fixtau,3,1.0,0.0,28.99615053360001,70.06342471679999,0.38095822209762253,0.44851018985112506,0.38935354351997375,0.4296915829181671,15.07367491722107,0.30944297798148,0.05,0.3355417001673889,0.2870094785241719,1.3350877192982455,11.838298797607422,0.3308938841025035,0.4513852596282959,0.44851018985112506,0.44851018985112506,8.8861251804,16.70397386317149
uci_har,0.1,static_depth,3,1.0,0.0,49.059062109399996,50.92758899512501,0.8043371933565129,0.7695962190628052,0.11503223329782486,0.7516118288040161,22.94287109375,0.9961761946272355,0.25,0.413116356534099,0.0,1.3526315789473684,5.640539646148682,0.7814726630846659,0.7944802443186442,0.8190249999364217,0.7695962190628052,1.2489989228,
uci_har,0.25,ecofed_fixprec,3,1.0,0.0,77.96375451620003,127.31897248781246,0.8453732963058141,0.8611016869544983,0.8700373371442159,0.8611016869544983,21.32340407371521,0.7134268069764093,0.0,0.326650795995591,0.20862485241033038,1.8421052631578947,1.1821011304855347,0.7879199186960856,0.835878312587738,0.8494514226913452,0.8611016869544983,10.819521466097335,21.17036066971584
uci_har,1.0,fedprox,5,1.0,0.0,379.80277367280036,509.2758899512498,0.8710290017528117,0.8810089429219564,0.8810089429219564,0.6950571338335673,62.45170998573303,0.9484438727618085,0.25,1.0,1.0,4.0,2.5471982955932617,0.8597443699836731,0.8793122967084249,0.8784074187278748,0.8810089429219564,30.17059110136771,39.59314512966679
pamap2,0.25,fedavg_single,6,1.0,0.0,132.9912380615999,179.349804936,0.3152612791355393,0.251980185508728,0.251980185508728,0.03316831588745117,27.734058618545532,0.5970430984349053,0.1,0.6710526315789473,0.6710526315789473,2.6315789473684212,39.44810485839844,0.2036303641895453,0.34496699273586273,0.409488449494044,0.251980185508728,71.10292420755937,
uci_har,0.1,ecofed_fixdepth,0,1.0,0.0,11.8842932412,50.92758899512499,0.7916067958264721,0.7875806093215942,0.7848659753799438,0.3783508539199829,7.1375696659088135,0.547687085588723,0.0,0.24342105263157895,0.24342105263157895,0.9473684210526315,7.729214668273926,0.8160841663678488,0.7875806093215942,0.7875806093215942,0.7875806093215942,4.204215584760206,5.515299086399999
uci_har,0.25,ecofed_fixtau,3,1.0,0.0,11.7657412038,127.31897248781246,0.7282842472877754,0.7268408536911011,0.7265015244483948,0.6725483536720276,8.452511310577393,0.4510818720643452,0.0,0.20215124881990507,0.1092463076139191,0.9407894736842105,8.897356033325195,0.7268408536911011,0.7268408536911011,0.7268408536911011,0.7268408536911011,,
pamap2,0.25,ecofed_noQ,7,1.0,0.0,171.9051556046,175.15856179199997,0.40140031346518085,0.4215891361236572,0.3306325078010559,0.39179298281669617,33.28179669380188,0.9985902993002561,0.5,0.6427897375747101,0.5767731656430108,2.464473684210526,15.263412475585938,0.275657777984937,0.31738979121049243,0.4461578627427419,0.4215891361236572,79.22536688434948,82.10853723411724
uci_har,0.1,energy_greedy,6,1.0,0.0,36.02522951879999,50.92758899512499,0.8154858782435926,0.8506956100463867,0.8588395118713379,0.22259925305843353,11.834897756576538,0.617045537983325,0.0,0.35526315789473684,0.35526315789473684,1.263157894736842,5.55491304397583,0.7209026217460632,0.7844135165214539,0.8614409963289896,0.8506956100463867,17.545026440062628,22.306126793660994
uci_har,0.25,fedprox,4,1.0,0.0,115.20021800039996,127.31897248781245,0.8419529390520615,0.8442484140396118,0.8435697555541992,0.6094332933425903,27.011698246002197,0.9305606518764684,0.1875,0.6842105263157895,0.6842105263157895,2.736842105263158,4.728592395782471,0.774855762720108,0.8477547764778137,0.8546544512112936,0.8442484140396118,23.34306916940829,30.868391552005598
uci_har,0.1,static_depth,1,1.0,0.0,48.55310510060002,50.92758899512499,0.8024359019679442,0.7302341461181641,0.12894469499588013,0.7417712807655334,23.583897590637207,0.9920485883357809,0.375,0.42546536404071,0.0,1.3105263157894735,4.401581764221191,0.7930098374684652,0.7572672764460245,0.8529578049977621,0.7302341461181641,13.939208640863235,16.738605948137995
uci_har,0.25,fedprox,7,1.0,0.0,116.76528610800005,127.31897248781245,0.8373890459312276,0.8048863410949707,0.8048863410949707,0.591109573841095,27.64053440093994,0.9326775383033705,0.25,0.6907894736842105,0.6907894736842105,2.736842105263158,12.315411567687988,0.7353240549564362,0.8517136176427206,0.8854202032089233,0.8048863410949707,25.343111203782353,28.948771539269273
pamap2,0.25,fedavg,5,1.0,0.0,139.11877866479998,183.2892137279999,0.44135087043396803,0.43943750858306885,0.34292104840278625,0.42090123891830444,32.17300581932068,0.5972196470617929,0.3,0.6710526315789473,0.6710526315789473,2.6315789473684212,35.862300872802734,0.35069777568181354,0.4357089598973592,0.5836795369784037,0.43943750858306885,50.956529104114864,56.78760091453973
pamap2,0.25,ecofed,6,1.0,0.0,148.40576188610004,179.349804936,0.5003510877907922,0.6110560894012451,0.49009902278582257,0.6110560894012451,38.830132484436035,0.828603820189908,0.05,0.5825841526648375,0.3178350323142961,2.20219298245614,3.0943844318389893,0.382013201713562,0.4494224488735199,0.4696369568506877,0.6110560894012451,43.493223676402785,52.840805782528335
uci_har,0.25,fedavg_paced,7,1.0,0.0,116.76528610799998,127.31897248781245,0.8257455809177052,0.8616672356923422,0.8618934551874796,0.7072729468345642,24.239890336990356,0.9326775383033705,0.25,0.8026315789473685,0.8026315789473685,3.263157894736842,2.8217194080352783,0.6659314632415771,0.8103155692418417,0.8643818497657776,0.8616672356923422,27.25540344741167,27.829066656000006
uci_har,0.1,fedavg,0,1.0,0.0,36.6570197796,50.92758899512499,0.8446560678096118,0.8775025606155396,0.879199206829071,0.4214455485343933,13.3722665309906,0.6168001876923125,0.0,0.32894736842105265,0.32894736842105265,1.1578947368421053,2.036632537841797,0.7935188412666321,0.7660898168881735,0.8823662598927816,0.8775025606155396,15.585881553158975,22.8379837700836
uci_har,0.25,fedavg,7,1.0,0.0,116.76528610800005,127.31897248781245,0.8424623805287931,0.7953851222991943,0.7953851222991943,0.585680365562439,24.91369891166687,0.9326775383033705,0.25,0.6907894736842105,0.6907894736842105,2.736842105263158,13.971046447753906,0.7672209143638611,0.8669833739598592,0.8749010364214579,0.7953851222991943,22.042818975298665,27.1062190917633
pamap2,1.0,fedavg_paced,0,1.0,0.0,564.8920562304,722.9395754879997,0.444382538942341,0.46707040071487427,0.4396501084168752,0.4694255193074544,77.72435522079468,0.967478097709512,0.15,1.0,1.0,4.0,2.6733503341674805,0.26410967111587524,0.5028177400430044,0.4846496880054474,0.46707040071487427,107.53366082663915,169.2951919803853
pamap2,0.25,fedavg_single,0,1.0,0.0,131.64275950560005,180.73489387199993,0.33310139211965106,0.22356800734996796,0.22356800734996796,0.07141054421663284,26.811797618865967,0.5954570556205676,0.15,0.6842105263157895,0.6842105263157895,2.736842105263158,66.18595886230469,0.29640844464302063,0.2986794536312421,0.40836067994435626,0.22356800734996796,72.00178150138068,73.85011270510526
pamap2,0.25,static_depth,5,1.0,0.0,176.67103387840004,183.2892137279999,0.46604913451843716,0.41035473346710205,0.058165546506643295,0.41035473346710205,36.77817106246948,0.9932814218280827,0.45,0.2402164789601503,0.2402164789601503,1.5894736842105264,9.873863220214844,0.34015128016471863,0.5241291125615438,0.4344305992126465,0.41035473346710205,31.77387026431702,39.09170783777051
pamap2,0.1,fedavg,4,1.0,0.0,48.280195104,72.29395754879998,0.2724885102795309,0.28993186354637146,0.29245519638061523,0.21019430458545685,15.216097593307495,0.5659653260985629,0.0,0.32894736842105265,0.32894736842105265,1.1578947368421053,17.3409481048584,0.22167550027370453,0.2436706225077311,0.2821095089117686,0.28993186354637146,,
pamap2,0.1,fedavg_paced,7,1.0,0.0,40.82455538400001,70.06342471679999,0.37526430863760807,0.4960794448852539,0.4960794448852539,0.36826974153518677,14.186098337173462,0.5534921172419758,0.0,0.3157894736842105,0.3157894736842105,1.1578947368421053,3.2388343811035156,0.1555148959159851,0.19820526242256165,0.4944240947564443,0.4960794448852539,32.16539655889111,33.09504987490186
uci_har,0.25,ecofed_fixdepth,2,1.0,0.0,6.083854391999999,127.31897248781246,0.8028694386542135,0.814048171043396,0.7380386590957642,0.3444180488586426,6.161362648010254,0.2448202807292738,0.0,0.1600877192982456,0.1600877192982456,0.5263157894736842,1.0437806844711304,0.814048171043396,0.814048171043396,0.814048171043396,0.814048171043396,6.083854391999999,
pamap2,0.1,ecofed_noZ,0,1.0,0.0,13.549685933700003,72.2939575488,0.2281680340364603,0.2316426932811737,0.09563461691141129,0.2316426932811737,11.174445152282715,0.4472954728147794,0.0,0.12511383258389863,0.042780983304447025,0.837280701754386,9.455489158630371,0.22348389526208243,0.2316426932811737,0.2316426932811737,0.2316426932811737,,
pamap2,0.25,ecofed,1,1.0,0.0,147.36050220759995,183.28921372799994,0.489724038394704,0.5812293489774069,0.27665920555591583,0.5958240032196045,38.84327054023743,0.793880580838307,0.3,0.6540418876946006,0.3293946725563316,2.246052631578947,6.480063438415527,0.3636944641669591,0.5701502164204916,0.5572600563367208,0.5812293489774069,40.74023341842701,41.054025508647115
pamap2,0.1,ecofed,6,1.0,0.0,34.38916110420001,71.7399219744,0.3739159230499606,0.3829207917054494,0.33795379598935443,0.3829207917054494,14.969852447509766,0.4382771452151683,0.0,0.45008600860860826,0.36354177695290696,1.9381578947368423,5.646132469177246,0.2856435626745224,0.3311881224314372,0.3829207917054494,0.3829207917054494,,
uci_har,0.1,static_depth,6,1.0,0.0,48.9712593728,50.92758899512499,0.8310626111930627,0.8601968288421631,0.12758737802505493,0.8601968288421631,23.24623727798462,0.9942005122127046,0.4375,0.39880257690888987,0.0,1.2684210526315791,5.318338394165039,0.7397353053092957,0.8309014638264974,0.84809410572052,0.8601968288421631,8.671254268047822,10.954066271677046
uci_har,0.25,ecofed_noQ,6,1.0,0.0,126.78726186815001,127.31897248781245,0.8256381368881013,0.842212438583374,0.8564642071723938,0.773668110370636,25.2456214427948,0.9999060767666142,0.875,0.7018197058226041,0.6748194217192592,2.7473684210526317,3.184763193130493,0.6518493592739105,0.7322701017061869,0.8708291053771973,0.842212438583374,36.60901129551726,40.964472691537004
uci_har,0.1,fedavg_paced,5,1.0,0.0,36.96312971519999,50.92758899512499,0.8099274991221044,0.8483203053474426,0.8147268295288086,0.6026467680931091,12.020439624786377,0.6175898615230917,0.0,0.41228070175438597,0.41228070175438597,1.5789473684210527,3.468278169631958,0.699355274438858,0.8534102638562521,0.8786336183547974,0.8483203053474426,9.454937913599998,11.061648402952333
pamap2,1.0,fedavg_q8,1,1.0,0.0,535.8720860663999,733.1568549119997,0.5061619720379295,0.3668903708457947,0.3043570816516876,0.22339405616124472,83.12826704978943,0.9421426658490888,0.2,1.0,1.0,4.0,35.67031478881836,0.49589858452479046,0.5573665698369344,0.6343879898389181,0.3668903708457947,57.92500785853478,64.7953878588718
uci_har,0.25,static_depth,0,1.0,0.0,100.40159707010005,127.31897248781245,0.8751580687564782,0.90408323208491,0.1060965930422147,0.8751272559165955,31.23799180984497,0.9549240129696525,0.1875,0.350996831388972,0.0,1.631578947368421,4.260792255401611,0.8125777443250021,0.8797647356987,0.8785205284754435,0.90408323208491,8.022087411013425,17.3462963482432
uci_har,0.25,fedavg_paced,2,1.0,0.0,116.28526882559997,127.31897248781246,0.8545804717445032,0.8790860772132874,0.8790860772132874,0.6892885367075602,23.308565139770508,0.9329940290131934,0.125,0.8552631578947368,0.8552631578947368,3.3684210526315788,0.7929773926734924,0.7444859147071838,0.8669833739598592,0.8718470533688863,0.8790860772132874,23.562935424683115,28.375517726400002
uci_har,0.25,ecofed_fixprec,7,1.0,0.0,80.45963565040003,127.31897248781245,0.852563850556215,0.8726388216018677,0.8713946342468262,0.8535233537356058,23.403279542922974,0.6783086795708575,0.0,0.34642725965134097,0.20849379313381886,1.7684210526315791,1.447842001914978,0.787241260210673,0.8396109143892924,0.8642687400182089,0.8726388216018677,12.92274971378241,20.352959834297568
uci_har,0.1,ecofed_noQ,7,1.0,0.0,50.20354641265,50.927588995125,0.813941787447271,0.7753647565841675,0.7753647565841675,0.7594163417816162,13.559780836105347,0.9983047233418281,0.6875,0.4212519636053459,0.3281126077699144,1.4578947368421051,13.25584888458252,0.7453342378139496,0.7354371746381124,0.8742223779360453,0.7753647565841675,22.374496342402676,25.989914410652396
uci_har,1.0,ecofed,1,1.0,0.0,176.18296326069998,509.27588995124984,0.8583705633824389,0.8604230284690857,0.8617803454399109,0.8572559754053751,39.28394794464111,0.6577515800458914,0.0625,0.7132809862288952,0.46417499826262854,2.6473684210526316,1.0819085836410522,0.8176676829655966,0.8703766465187073,0.8604230284690857,0.8604230284690857,12.649699378803614,18.21853704426724
pamap2,0.1,ecofed_fixdepth,5,1.0,0.0,6.862611506400001,73.31568549119997,0.28982554918755815,0.2876318395137787,0.27229148149490356,0.22850750386714935,7.648690700531006,0.19321115669267463,0.0,0.17982456140350878,0.17982456140350878,0.631578947368421,10.18713092803955,0.2876318395137787,0.2876318395137787,0.2876318395137787,0.2876318395137787,5.616338011200001,5.616338011200001
pamap2,0.25,fedavg_q8,4,1.0,0.0,135.1301914896,180.73489387199993,0.28941977440985317,0.26495078206062317,0.26495078206062317,0.22684834897518158,34.62173247337341,0.5975315803131701,0.1,0.7039473684210527,0.7039473684210527,2.736842105263158,76.96794128417969,0.23122213780879974,0.2842964132626851,0.38136092821757,0.26495078206062317,,
pamap2,0.1,fedavg_paced,1,1.0,0.0,49.77800777520002,73.31568549119999,0.1723698488387962,0.18408437073230743,0.10482582449913025,0.115052729845047,14.397510290145874,0.5643481531260678,0.15,0.34868421052631576,0.34868421052631576,1.368421052631579,6.0127387046813965,0.27005434036254883,0.19963779548803964,0.10397358114520709,0.18408437073230743,,
pamap2,1.0,ecofed,2,1.0,0.0,469.01233806719995,717.399219744,0.5756375908138377,0.6204620401064554,0.6332508126894633,0.6204620401064554,77.48288059234619,0.8919152177651508,0.1,0.988882768634247,0.7972557909981439,3.6315789473684204,2.7769477367401123,0.44174917538960773,0.554950475692749,0.5823432405789694,0.6204620401064554,62.22473666028526,77.4227150913145
uci_har,0.25,fedavg_q8,0,1.0,0.0,118.63098735119989,127.31897248781245,0.8638501703508499,0.876823902130127,0.876823902130127,0.5246012806892395,29.00495409965515,0.9930207188933768,0.1875,0.7171052631578947,0.7171052631578947,2.8421052631578947,3.5800437927246094,0.7845266262690226,0.8638163208961487,0.8729781707127889,0.876823902130127,20.51970733948057,28.796035190732905
pamap2,0.1,ecofed_fixdepth,7,1.0,0.0,14.653089741600002,70.06342471679999,0.258154427886675,0.26555147767066956,0.19001568853855133,0.26555147767066956,10.873397588729858,0.19095895834349896,0.0,0.21929824561403505,0.21929824561403505,0.631578947368421,22.56753921508789,0.24028576910495758,0.26555147767066956,0.26555147767066956,0.26555147767066956,,
uci_har,0.1,ecofed_noZ,6,1.0,0.0,37.987556593799994,50.92758899512499,0.8283172356982025,0.8725257317225138,0.8725257317225138,0.8453794916470846,19.879744052886963,0.8710723513854789,0.125,0.22689301045324636,0.05347154566751664,1.2425438596491227,2.3466031551361084,0.771179715792338,0.8423255284627279,0.8295441468556722,0.8725257317225138,10.443103763264684,12.834814654128666
pamap2,0.1,ecofed_noZ,4,1.0,0.0,14.065813272599998,72.29395754879998,0.2631585901682796,0.2727731466293335,0.12616704404354095,0.2727731466293335,11.25913667678833,0.4511795581782909,0.0,0.12379218758183297,0.042991274863399785,0.8679824561403509,4.4115891456604,0.20977373917897543,0.2727731466293335,0.2727731466293335,0.2727731466293335,,
pamap2,0.1,ecofed_fixprec,3,1.0,0.0,32.705150860500005,70.06342471679999,0.3294843607145198,0.41287680466969806,0.3707091808319092,0.43021432558695477,13.297786951065063,0.37011272927889605,0.0,0.34106737070185184,0.2398822412611547,1.4236842105263159,14.708597183227539,0.2753092845280965,0.4544345835844676,0.41287680466969806,0.41287680466969806,17.142248577786795,18.083528517416386
uci_har,0.1,fedprox,0,1.0,0.0,36.6570197796,50.92758899512499,0.8206107145955048,0.8228707313537598,0.7573803663253784,0.41160503029823303,13.20587420463562,0.6168001876923125,0.0,0.32894736842105265,0.32894736842105265,1.1578947368421053,7.495578289031982,0.7127587497234344,0.7669946948687235,0.8961655894915262,0.8228707313537598,15.037169006140756,18.57580169851916
uci_har,0.1,ecofed,7,1.0,0.0,44.63165533639998,50.927588995125,0.8101409983827055,0.8703766465187073,0.8824793497721354,0.8286393086115519,17.38284468650818,0.8669030943930628,0.3125,0.2881835610150949,0.2255490227728951,1.5692982456140352,0.3008391559123993,0.7663160165150961,0.7495758533477783,0.8053387602170309,0.8703766465187073,6.689712626274834,42.15239190483669
uci_har,0.1,energy_greedy,5,1.0,0.0,36.9631297152,50.92758899512499,0.8374700390820367,0.7960637807846069,0.7960637807846069,0.442823201417923,12.106182098388672,0.6175898615230917,0.0,0.35526315789473684,0.35526315789473684,1.263157894736842,11.908878326416016,0.7970817685127258,0.8247935771942139,0.8801040649414062,0.7960637807846069,3.7060740695999996,14.947201259417875
uci_har,1.0,fedavg,7,1.0,0.0,381.5364861624003,509.2758899512498,0.8692682279906488,0.8777287801106771,0.8804433941841125,0.6782038410504659,57.28208255767822,0.9482914899280229,0.3125,1.0,1.0,4.0,1.1042371988296509,0.8268295526504517,0.8713946541150411,0.8889265855153402,0.8777287801106771,43.556696893554324,62.82353975132191
pamap2,0.1,ecofed_noZ,1,1.0,0.0,11.468953971600001,73.31568549119999,0.22778251773631883,0.2406519651412964,0.12464045733213425,0.2406519651412964,9.890099048614502,0.48773212532987514,0.0,0.1676517406215524,0.04339462906175467,0.8403508771929825,12.137663841247559,0.10194950550794601,0.2406519651412964,0.2406519651412964,0.2406519651412964,,
uci_har,0.25,fedprox,3,1.0,0.0,115.17117810240012,127.31897248781246,0.8420034219447157,0.798439085483551,0.798439085483551,0.6040040850639343,26.480247735977173,0.9319652438822102,0.1875,0.6907894736842105,0.6907894736842105,2.736842105263158,14.237932205200195,0.7475398778915405,0.8732043902079264,0.8745617071787516,0.798439085483551,24.330374023872906,29.700361831176888
uci_har,0.25,energy_greedy,4,1.0,0.0,115.2002180004,127.31897248781245,0.8475204843674681,0.8221920728683472,0.8221920728683472,0.5928062200546265,25.284257650375366,0.9305606518764684,0.1875,0.6644736842105263,0.6644736842105263,2.6315789473684212,10.980146408081055,0.7985522150993347,0.8770501017570496,0.8839497764905294,0.8221920728683472,16.22060431581078,27.7799695277346
pamap2,0.1,fedavg_single,0,1.0,0.0,41.94836733600001,72.2939575488,0.26816149096165365,0.2518294155597687,0.2518294155597687,0.0825132504105568,13.464940547943115,0.5519209646212685,0.0,0.32894736842105265,0.32894736842105265,1.1578947368421053,30.125782012939453,0.23088569939136505,0.23946504791577658,0.31583817799886066,0.2518294155597687,,
pamap2,0.25,ecofed_noQ,0,1.0,0.0,177.6862976768998,180.73489387199993,0.3091494811637557,0.3217259645462036,0.28538987040519714,0.3217259645462036,31.248881578445435,0.9991543357002157,0.65,0.6984762267427845,0.603062114943871,2.692105263157895,13.851744651794434,0.1710825152695179,0.1852132255832354,0.32071662942568463,0.3217259645462036,,
uci_har,0.1,ecofed_fixdepth,7,1.0,0.0,8.6287393236,50.927588995125,0.8183932488917787,0.8469629883766174,0.8469629883766174,0.39701390266418457,6.305501937866211,0.6142297498427781,0.0,0.25,0.25,0.8421052631578947,3.0236661434173584,0.6259472966194153,0.8469629883766174,0.8469629883766174,0.8469629883766174,7.272138311999999,7.272138311999999
uci_har,0.1,ecofed_fixdepth,5,1.0,0.0,10.911959148,50.92758899512499,0.8557201460722721,0.8853070735931396,0.8853070735931396,0.45028841495513916,6.845962285995483,0.5795903846729895,0.0,0.27631578947368424,0.27631578947368424,0.9473684210526315,1.5422272682189941,0.6180296440919241,0.8853070735931396,0.8853070735931396,0.8853070735931396,7.284148000799999,7.284148000799999
pamap2,0.1,ecofed_fixdepth,3,1.0,0.0,6.678457502400001,70.06342471679999,0.20538700517615854,0.2064819633960724,0.1907997876405716,0.08964976668357849,8.511514663696289,0.1814972330613651,0.0,0.14035087719298245,0.14035087719298245,0.42105263157894735,10.529797554016113,0.2064819633960724,0.2064819633960724,0.2064819633960724,0.2064819633960724,,
uci_har,0.1,ecofed_fixprec,6,1.0,0.0,44.060569009,50.92758899512499,0.8088096697660299,0.8770501017570496,0.8808958133061727,0.8632507721583048,13.977416038513184,0.8751805393966862,0.25,0.28398871423616584,0.1742945614527249,1.4894736842105265,1.2045378684997559,0.7053500811258951,0.7743468085924784,0.8294310569763184,0.8770501017570496,15.301438159274337,26.47863354376756
pamap2,0.25,static_depth,4,1.0,0.0,172.0668406612,180.73489387199993,0.2781272768924937,0.30153924226760864,0.295230895280838,0.4587433636188507,36.25029397010803,0.9930318417260472,0.15,0.23344877171734701,0.23344877171734701,1.5210526315789472,5.543887615203857,0.2523340980211894,0.2853057434161504,0.2704180379708608,0.30153924226760864,,
pamap2,0.1,energy_greedy,0,1.0,0.0,41.948367336000004,72.2939575488,0.27794704612594456,0.3366136848926544,0.35806208848953247,0.12011102586984634,13.96500825881958,0.5519209646212685,0.0,0.3026315789473684,0.3026315789473684,1.0526315789473684,6.260324954986572,0.18622256070375443,0.2193624327580134,0.28808141748110455,0.3366136848926544,,
pamap2,0.1,fedprox,5,1.0,0.0,50.55449040240002,73.31568549119997,0.34677310881976475,0.28667306900024414,0.12112496048212051,0.28667306900024414,16.038718938827515,0.5724343642804988,0.1,0.35526315789473684,0.35526315789473684,1.263157894736842,29.045377731323242,0.2527964115142822,0.3191648026307424,0.41344412167867023,0.28667306900024414,31.483025227919782,43.82913364737254
uci_har,1.0,fedavg,1,1.0,0.0,379.5222863267997,509.27588995124984,0.8853624422026081,0.913358231385549,0.913358231385549,0.7034271955490112,55.50396132469177,0.9494241904849254,0.3125,1.0,1.0,4.0,3.7116854190826416,0.8838366667429606,0.8696980079015096,0.9087207317352295,0.913358231385549,27.903209581329126,33.223621289383395
uci_har,1.0,fedavg_q8,1,1.0,0.0,348.75642822120057,509.27588995124984,0.8860959138960331,0.9083814024925232,0.9110960364341736,0.705463171005249,56.81150555610657,0.9175694218077369,0.25,1.0,1.0,4.0,9.04463005065918,0.878294308980306,0.869019349416097,0.9071371952692667,0.9083814024925232,30.880320585793314,34.07041983452568
uci_har,1.0,fedavg_paced,4,1.0,0.0,393.62223486120007,509.2758899512498,0.8781109930323729,0.8903970122337341,0.8929985364278158,0.7482185165087382,58.47344207763672,0.9590595549931893,0.1875,1.0,1.0,4.0,1.8228225708007812,0.8897183537483215,0.8960524996121725,0.8865512808163961,0.8903970122337341,24.202882689062783,34.304456986254415
pamap2,1.0,static_depth,6,1.0,0.0,473.37796329840023,717.399219744,0.6374413298943319,0.7011551062266032,0.5937293767929077,0.711881180604299,64.666175365448,0.8835861378009114,0.25,0.6383665479122235,0.3224551296398861,2.6578947368421053,2.9551098346710205,0.5330858131249746,0.6363861362139384,0.7077557841936747,0.7011551062266032,47.41049769119277,59.146736237668904
uci_har,0.1,fedavg_single,3,1.0,0.0,37.28482158239999,50.92758899512501,0.8427877255581238,0.891414999961853,0.891414999961853,0.10960298776626587,10.586827993392944,0.6211168231357659,0.0,0.35526315789473684,0.35526315789473684,1.263157894736842,2.080913782119751,0.7108924090862274,0.7620178461074829,0.8932247559229533,0.891414999961853,15.42156754795974,17.925325689747915
pamap2,0.25,static_depth,7,1.0,0.0,167.78977730879996,175.15856179199997,0.45525035686887116,0.4634082615375519,0.3214845657348633,0.4634082615375519,36.02406287193298,0.9917684936128537,0.55,0.23464866425981737,0.23464866425981737,1.5315789473684212,11.022250175476074,0.37367136279741925,0.5047046343485514,0.481617013613383,0.4634082615375519,25.636439277636605,26.978848061493427
uci_har,0.25,fedavg_paced,6,1.0,0.0,113.10065545199993,127.31897248781245,0.8510981919621476,0.884628434975942,0.884628434975942,0.6727745731671652,24.089526414871216,0.8707575069050378,0.125,0.8157894736842105,0.8157894736842105,3.1578947368421053,1.781192660331726,0.749236524105072,0.8483203252156576,0.8824793696403503,0.884628434975942,23.111962616787206,24.358054761600002
uci_har,1.0,static_depth,2,1.0,0.0,270.0907318726,509.27588995124984,0.8783276120901817,0.8976360162099203,0.8984277844429016,0.8568035364151001,40.99837374687195,0.8803271491611531,0.0,0.611757992209594,0.459666087716469,2.7157894736842105,0.28996750712394714,0.8418730894724528,0.8713946143786112,0.8980884552001953,0.8976360162099203,14.366325509124776,19.116172969186955
pamap2,0.25,ecofed_fixdepth,3,1.0,0.0,73.4358818352,175.15856179199997,0.42154697832246124,0.47386303544044495,0.3815995752811432,0.40747517347335815,21.53508758544922,0.5175869751946809,0.0,0.6907894736842105,0.6907894736842105,2.736842105263158,3.3364031314849854,0.33106813331445056,0.3861299951871236,0.47386303544044495,0.47386303544044495,36.282119528476244,71.20637416452097
uci_har,1.0,energy_greedy,4,1.0,0.0,353.3078349936,509.2758899512498,0.8747202909875268,0.8867775003115336,0.8883610367774963,0.6732270320256551,59.47683906555176,0.9003427737438912,0.125,1.0,1.0,4.0,3.1710095405578613,0.882705569267273,0.8617803454399109,0.8838366468747457,0.8867775003115336,16.22060431581078,28.399359610770095
pamap2,0.1,fedavg_single,7,1.0,0.0,40.82455538400001,70.06342471679999,0.2553186165504076,0.19106115400791168,0.19106115400791168,0.05959226191043854,14.03016448020935,0.5534921172419758,0.0,0.3026315789473684,0.3026315789473684,1.0526315789473684,18.182083129882812,0.24803972244262695,0.24934657911459604,0.39179299275080365,0.19106115400791168,,
uci_har,1.0,fedavg,4,1.0,0.0,383.1761852688,509.2758899512498,0.8606287931685376,0.8560117681821188,0.8614410360654196,0.6594276626904806,56.721940994262695,0.9501608606686708,0.1875,1.0,1.0,4.0,2.257462978363037,0.8829317887624105,0.8631376624107361,0.8796516259511312,0.8560117681821188,32.74510651120854,42.58816290001002
pamap2,0.25,energy_greedy,7,1.0,0.0,142.182009432,175.15856179199997,0.4049278097152379,0.3058024048805237,0.24830110371112823,0.26346054673194885,30.000835418701172,0.7942265180581204,0.15,0.6447368421052632,0.6447368421052632,2.526315789473684,56.6093864440918,0.19637567301591238,0.4278619984785716,0.5122843484083811,0.3058024048805237,47.11985910575361,49.813475098176596
uci_har,0.1,fedavg,1,1.0,0.0,37.17953812799999,50.92758899512499,0.8519168350183766,0.8727519512176514,0.8727519512176514,0.2517814636230469,13.20029354095459,0.6193326136560898,0.0,0.35526315789473684,0.35526315789473684,1.263157894736842,5.619269371032715,0.7823210060596466,0.8046601017316183,0.8798778454462687,0.8727519512176514,11.078542550682528,19.047643896224447
pamap2,0.25,fedavg_single,7,1.0,0.0,142.18200943200003,175.15856179199997,0.38964348376763785,0.3719289004802704,0.3719289004802704,0.06874019652605057,27.31104350090027,0.7942265180581204,0.15,0.6644736842105263,0.6644736842105263,2.6315789473684212,27.76587677001953,0.20582854002714157,0.24429343144098917,0.526572565237681,0.3719289004802704,67.90197599981967,70.5864121811838
uci_har,1.0,energy_greedy,3,1.0,0.0,356.5502294184001,509.27588995124984,0.8871161999700461,0.8958262801170349,0.8958262801170349,0.6811446746190389,56.741233348846436,0.8986441691058654,0.1875,1.0,1.0,4.0,2.9279253482818604,0.867548922697703,0.8771632115046183,0.897296686967214,0.8958262801170349,7.987187171388209,19.415680933882705
pamap2,0.1,fedavg_q8,3,1.0,0.0,41.703809424,70.06342471679999,0.25286143135928324,0.24228960275650024,0.21536852419376373,0.15891270339488983,15.536826133728027,0.5570824520387766,0.05,0.35526315789473684,0.35526315789473684,1.263157894736842,38.98670196533203,0.16531625390052795,0.20134169856707254,0.3144275943438212,0.24228960275650024,,
pamap2,1.0,energy_greedy,4,1.0,0.0,483.3200804664001,722.9395754879997,0.35297148136057555,0.3507443865140279,0.3786693612734477,0.2983430027961731,87.81509017944336,0.8407306924055622,0.1,1.0,1.0,4.0,21.976802825927734,0.3372024595737457,0.37303390105565387,0.4319118559360504,0.3507443865140279,111.46437022298801,
pamap2,1.0,fedavg_single,7,1.0,0.0,565.0577450784006,700.6342471679999,0.4820881817044733,0.464366614818573,0.464366614818573,0.08886565764745076,79.20053339004517,0.9665116425166285,0.35,1.0,1.0,4.0,6.7112650871276855,0.23906603952248892,0.5365046064058939,0.5728349884351095,0.464366614818573,111.4484877381397,113.7052260227373
pamap2,0.1,fedprox,1,1.0,0.0,49.77800777519999,73.31568549119999,0.18673982553025864,0.15659955143928528,0.15659955143928528,0.07989773154258728,16.08797287940979,0.5643481531260678,0.15,0.32894736842105265,0.32894736842105265,1.1578947368421053,26.080196380615234,0.2547139525413513,0.2268030196428299,0.12954085071881613,0.15659955143928528,,
uci_har,0.1,fedavg_single,7,1.0,0.0,36.3693625848,50.927588995125,0.8390075103873322,0.8727519512176514,0.8727519512176514,0.24567356705665588,10.59129524230957,0.6161636471928962,0.0,0.35526315789473684,0.35526315789473684,1.263157894736842,0.9393799901008606,0.7331184148788452,0.7837348580360413,0.8778418699900309,0.8727519512176514,14.123860632209452,17.1044726844341
uci_har,0.25,static_depth,1,1.0,0.0,110.47415783570001,127.31897248781246,0.8421836257545304,0.8744485775629679,0.8744485775629679,0.8710553050041199,30.764345407485962,0.9808987780864753,0.25,0.28025101810110287,0.10100587959653691,1.6368421052631579,0.33754101395606995,0.8014930486679077,0.8299966057141622,0.8558986385663351,0.8744485775629679,9.95464237533641,41.988835728377886
pamap2,0.1,oort,2,1.0,0.0,49.4812010352,71.73992197439999,0.2824876347217935,0.2418316900730133,0.2418316900730133,0.13613861799240112,14.915106296539307,0.5725708348682816,0.05,0.35526315789473684,0.35526315789473684,1.263157894736842,45.818275451660156,0.21670792251825333,0.28671616812547046,0.24777227640151978,0.2418316900730133,,
pamap2,0.25,fedavg_q8,6,1.0,0.0,133.14433165679995,179.349804936,0.36718624114485754,0.3905940651893616,0.40618813037872314,0.3032178282737732,33.920522689819336,0.5971523876357163,0.1,0.7039473684210527,0.7039473684210527,2.736842105263158,49.271732330322266,0.23622112472852072,0.31592408816019696,0.4542079269886017,0.3905940651893616,85.96220877797198,89.4243313197013
pamap2,0.1,ecofed_noQ,3,1.0,0.0,68.79256137500002,70.06342471679999,0.3174272975745875,0.336382657289505,0.2898588478565216,0.30449554324150085,17.27512812614441,0.9992211450171539,0.7,0.38736837213174696,0.30659076409919317,1.381578947368421,19.07171058654785,0.22347098588943481,0.23418714106082916,0.32862867911656696,0.336382657289505,56.708217630923194,58.544152971368696
uci_har,0.25,fedprox,6,1.0,0.0,113.10065545200001,127.31897248781245,0.8340038051377594,0.8513742685317993,0.8513742685317993,0.5517475605010986,26.45571208000183,0.8707575069050378,0.125,0.6907894736842105,0.6907894736842105,2.736842105263158,3.638519287109375,0.7149643898010254,0.8657391468683878,0.8606492479642233,0.8513742685317993,24.206120707092133,27.568780202505476
