dataset,phi,method,seed,radio,err,total_E,cap,auc,final_best,final_exit4,final_exit1,secs,jain,depleted,rho2,rho4,depth,gradnorm,acc10,acc25,acc50,acc100,ckpt_acc,ckpt_E,ckpt_round,eta90,eta95
uci_har,0.25,ecofed_fixtau,2,1.0,0.0,11.050075825799999,127.31897248781246,0.7391744566452139,0.7417712807655334,0.745843231678009,0.764845609664917,8.36988639831543,0.4643598363527072,0.0,0.17323343012739933,0.10575714781576169,0.8368421052631579,5.63328742980957,0.7417712807655334,0.7417712807655334,0.7417712807655334,0.7417712807655334,0.7743467688560486,7.979298817199999,9,,
pamap2,0.1,fedprox,14,1.0,0.0,48.907927236000006,71.7399219744,0.28606356772058783,0.19777227938175201,0.20767326653003693,0.19777227938175201,16.254099369049072,0.5717794127163806,0.05,0.35526315789473684,0.35526315789473684,1.263157894736842,27.349205017089844,0.2233910858631134,0.2679042915503184,0.4161716202894847,0.19777227938175201,0.4363861382007599,44.1134052096,9,41.1346430019687,
uci_har,0.1,ecofed,14,1.0,0.0,44.38715525174998,50.92758899512501,0.8298387606315367,0.8796516259511312,0.8796516259511312,0.8532971342404684,16.177492380142212,0.9225589283404343,0.1875,0.29554598426607653,0.23083700377714883,1.6267543859649123,0.47857174277305603,0.7537608941396078,0.8092975815137228,0.8425517479578654,0.8796516259511312,0.903630793094635,44.38715525174998,80,6.971704640252734,10.394075438990408
pamap2,0.25,fedavg_paced,15,1.0,0.0,132.31226225040004,175.15856179199997,0.42227544042114684,0.5125457247098287,0.4935528834660848,0.3853458762168884,28.90049123764038,0.6460100186327022,0.15,0.7039473684210527,0.7039473684210527,2.736842105263158,5.895157814025879,0.25108904639879864,0.30632513761520386,0.49468549092610675,0.5125457247098287,0.48693153262138367,120.16835828880002,64,81.73874437554232,82.93696669741635
uci_har,1.0,fedprox,10,1.0,0.0,371.88555806640005,509.27588995124984,0.8695406366324452,0.8681144714355469,0.8681144714355469,0.6763940652211508,65.55123162269592,0.9442128509288366,0.1875,1.0,1.0,4.0,1.9294517040252686,0.860762357711792,0.8995588620503744,0.8911887804667155,0.8681144714355469,0.8710553050041199,194.28151242239994,28,29.359566483228352,36.59353462859199
pamap2,0.1,fedprox,3,1.0,0.0,41.30377631040002,70.06342471679999,0.2569502000474896,0.25849449634552,0.20700471103191376,0.16623105108737946,15.607666492462158,0.5636000236015648,0.0,0.3026315789473684,0.3026315789473684,1.0526315789473684,41.91483688354492,0.15316256880760193,0.1979438861211141,0.3191322485605876,0.25849449634552,0.4281233549118042,39.685816142400014,9,,
pamap2,1.0,fedavg,14,1.0,0.0,552.2766668016001,717.399219744,0.5248201412149236,0.5176567633946737,0.5023927489916483,0.4202145238717397,82.5620973110199,0.962116535549347,0.25,1.0,1.0,4.0,19.22234535217285,0.39174917340278625,0.5513201355934143,0.6383663415908813,0.5176567633946737,0.603960394859314,428.41606307280006,48,91.02882963786988,95.43295533684125
pamap2,1.0,ecofed,4,1.0,0.0,476.0728170698,722.9395754879997,0.36954997386040517,0.4045756657918294,0.3576415181159973,0.4045756657918294,80.4228515625,0.9022788017305008,0.15,0.998764374170721,0.8232387291115203,3.689473684210527,2.141312837600708,0.3150811692078908,0.3898561696211497,0.40836067994435626,0.4045756657918294,0.3979308605194092,294.386592688,48,,
uci_har,0.1,fedavg,6,1.0,0.0,36.025229518799996,50.92758899512499,0.833156384157264,0.8503562808036804,0.8598574995994568,0.2344757318496704,12.04081130027771,0.617045537983325,0.0,0.35526315789473684,0.35526315789473684,1.263157894736842,3.1839492321014404,0.7594163715839386,0.7924443085988363,0.8581608533859253,0.8503562808036804,0.8707159757614136,34.2790303764,10,13.39276113101758,18.157233598168084
pamap2,0.1,oort,4,1.0,0.0,48.28019510400001,72.29395754879998,0.29590157594496014,0.38581880927085876,0.29144588112831116,0.25611910223960876,14.843287944793701,0.5659653260985629,0.0,0.32894736842105265,0.32894736842105265,1.1578947368421053,31.528806686401367,0.18798889219760895,0.2025401641925176,0.29876356323560077,0.38581880927085876,0.26646479964256287,35.0388496848,6,,
uci_har,0.1,oort,9,1.0,0.0,36.9120532008,50.927588995125,0.7901943549878618,0.8574821949005127,0.8574821949005127,0.4784526526927948,10.822977542877197,0.6145402426931474,0.0,0.35526315789473684,0.35526315789473684,1.263157894736842,1.035649299621582,0.6793349087238312,0.7305734554926554,0.7508200605710348,0.8574821949005127,0.817441463470459,24.0209829456,6,18.838281456586145,21.4570719693764
pamap2,0.1,ecofed_fixprec,1,1.0,0.0,31.477629636299987,73.31568549119999,0.21491761366877937,0.19857249160607657,0.14988814542690912,0.16650687158107758,12.706096172332764,0.3414187869003853,0.05,0.359518943998274,0.2594718235444641,1.5460526315789473,13.11196231842041,0.30861830711364746,0.40758495529492694,0.19857249160607657,0.19857249160607657,0.4854586124420166,17.1837723447,32,,
uci_har,1.0,oort,0,1.0,0.0,393.27514139279975,509.2758899512498,0.8842822445028224,0.8857595125834147,0.8885872562726339,0.7386042277018229,59.3465371131897,0.9578217762410469,0.25,1.0,1.0,4.0,0.5817776918411255,0.9001244306564331,0.8966180284818014,0.8823662400245667,0.8857595125834147,0.8832710981369019,267.7987312056,52,4.553666838,16.322688581674743
uci_har,0.25,fedavg_single,3,1.0,0.0,115.17117810240012,127.31897248781246,0.8693271027877302,0.8221920728683472,0.8221920728683472,0.1472684144973755,23.13864803314209,0.9319652438822102,0.1875,0.6907894736842105,0.6907894736842105,2.736842105263158,1.3599531650543213,0.7675602436065674,0.8692455689112345,0.9093993902206421,0.8221920728683472,0.9080420732498169,64.19289336960001,11,22.1576372169121,28.314806766853224
pamap2,1.0,fedavg_q8,15,1.0,0.0,513.6730388255995,700.6342471679999,0.42824936015168835,0.405122846364975,0.4377069075902303,0.26738107204437256,77.5602536201477,0.9364922634425855,0.2,1.0,1.0,4.0,50.0673828125,0.3423070212205251,0.42620664834976196,0.5727478861808777,0.405122846364975,0.5998432040214539,354.0440677991999,40,137.95097904510826,217.44304602176845
pamap2,0.25,fedavg_paced,13,1.0,0.0,137.538153612,183.28921372799994,0.32199800505887227,0.36944711208343506,0.37072547276814777,0.35368062059084576,30.15158200263977,0.5972126262201121,0.2,0.6973684210526315,0.6973684210526315,2.736842105263158,9.228194236755371,0.29796527822812396,0.36220304171244305,0.3174603184064229,0.36944711208343506,0.3573026657104492,108.15855445680002,52,124.94372738778658,
uci_har,0.25,oort,4,1.0,0.0,115.20021800040013,127.31897248781245,0.8480747115192007,0.8384798169136047,0.8384798169136047,0.5938242077827454,24.265201330184937,0.9305606518764684,0.1875,0.6842105263157895,0.6842105263157895,2.736842105263158,7.992804050445557,0.7806809147198995,0.8707159757614136,0.8883610367774963,0.8384798169136047,0.8384798169136047,115.20021800040013,40,14.597398872438061,17.937037027780814
uci_har,0.1,energy_greedy,11,1.0,0.0,36.3970418508,50.92758899512501,0.8203519193915959,0.8473023176193237,0.8473023176193237,0.3260943293571472,10.628031492233276,0.6182016276498703,0.0,0.32894736842105265,0.32894736842105265,1.1578947368421053,1.468898892402649,0.7251442074775696,0.7949327031771342,0.8500169714291891,0.8473023176193237,0.851034939289093,32.319189744,9,15.418834995719317,18.91977040462426
uci_har,0.25,fedavg_single,6,1.0,0.0,113.10065545200001,127.31897248781245,0.8518145157284084,0.9015948176383972,0.9015948176383972,0.1435357928276062,22.224212408065796,0.8707575069050378,0.125,0.6907894736842105,0.6907894736842105,2.736842105263158,0.9067592620849609,0.707329511642456,0.8708290855089823,0.8775025606155396,0.9015948176383972,0.885646402835846,39.6453913524,7,24.020240865240886,27.327844904743703
pamap2,0.1,ecofed_noQ,1,1.0,0.0,71.8201906794,73.31568549119999,0.34020348561061375,0.10003195703029633,0.12176413834095001,0.058165546506643295,17.01533603668213,0.9992772477215718,0.4,0.4090575760419873,0.3064453219656722,1.3960526315789472,15.131686210632324,0.2307446449995041,0.30659422775109607,0.38851602872212726,0.10003195703029633,0.5346755981445312,30.2730199856,4,63.75357288852848,
uci_har,0.25,oort,6,1.0,0.0,113.10065545200003,127.31897248781245,0.8391144633614374,0.8215134143829346,0.8215134143829346,0.5775364637374878,24.361615657806396,0.8707575069050378,0.125,0.7105263157894737,0.7105263157894737,2.8421052631578947,4.842830657958984,0.764393150806427,0.8720732927322388,0.8658522764841715,0.8215134143829346,0.8744485974311829,22.715652495599997,5,14.943242328818082,17.299489277220314
pamap2,0.25,oort,6,1.0,0.0,132.99123806159992,179.349804936,0.4112450426404777,0.4900990128517151,0.5059406161308289,0.30099010467529297,29.664278745651245,0.5970430984349053,0.1,0.6710526315789473,0.6710526315789473,2.6315789473684212,11.699642181396484,0.2343234270811081,0.3905940552552541,0.4558580815792084,0.4900990128517151,0.43465346097946167,121.35743904239993,24,56.120501809744795,83.54291490932239
pamap2,0.25,fedprox,14,1.0,0.0,135.003974664,179.349804936,0.3914398025024841,0.4636138677597046,0.3470297157764435,0.25420790910720825,34.69921255111694,0.5969343554520186,0.15,0.6710526315789473,0.6710526315789473,2.6315789473684212,35.759071350097656,0.2342409243186315,0.3437293767929077,0.4362211227416992,0.4636138677597046,0.4096534550189972,106.00878098640001,19,62.19833788749101,73.22538220967675
pamap2,0.1,static_depth,15,1.0,0.0,63.363582754000035,70.06342471679999,0.40680413827812045,0.42289596796035767,0.011500261723995209,0.42289596796035767,22.097230434417725,0.9729570647358279,0.25,0.3759721559215028,0.0,1.1684210526315788,2.317389488220215,0.2228611260652542,0.3809897204240163,0.505488763252894,0.42289596796035767,0.5386826992034912,33.312701615200005,16,26.46257709954936,28.670041552557368
pamap2,0.25,fedprox,10,1.0,0.0,132.06782414159994,179.34980493599997,0.34568613019177286,0.25297030806541443,0.2240099012851715,0.2146039605140686,32.87747144699097,0.5968657856306482,0.05,0.6776315789473685,0.6776315789473685,2.6315789473684212,65.10891723632812,0.18333333482344946,0.285478542248408,0.516089121500651,0.25297030806541443,0.5527227520942688,129.81271106159997,28,83.88234122662054,86.0825514474879
pamap2,0.1,ecofed_fixdepth,1,1.0,0.0,6.8762342495999995,73.31568549119999,0.21774456579344376,0.228827103972435,0.1879194676876068,0.2083732783794403,7.641629695892334,0.17636399075375375,0.0,0.19298245614035087,0.19298245614035087,0.7368421052631579,9.138236045837402,0.228827103972435,0.228827103972435,0.228827103972435,0.228827103972435,0.14924895763397217,3.6828406728,8,,
uci_har,0.25,ecofed,12,1.0,0.0,73.9131961325,127.31897248781245,0.8656604194340269,0.8851939638455709,0.8828186790148417,0.856916626294454,29.91721224784851,0.5710744744705354,0.0625,0.43615915256627724,0.24268808778347276,1.8868421052631579,0.6334379315376282,0.841307540734609,0.8736568093299866,0.8696979880332947,0.8851939638455709,0.8825924396514893,73.9131961325,80,5.758632351085515,9.727487740143891
uci_har,0.25,ecofed_fixprec,6,1.0,0.0,78.36088241095,127.31897248781245,0.8781274039615421,0.9071371952692667,0.9088338414827982,0.8915281097094218,22.141641855239868,0.6361558478803402,0.0,0.33213955132638784,0.21581128504735966,1.7907894736842105,0.5339662432670593,0.8504694104194641,0.8617803255716959,0.8781811992327372,0.9071371952692667,0.9083814024925232,78.36088241095,80,7.800994075631167,9.554232543608864
uci_har,0.25,ecofed,7,1.0,0.0,73.8934941246,127.31897248781245,0.8350316889283439,0.8474154472351074,0.7383780082066854,0.8454925815264384,28.829811573028564,0.6795508506727743,0.0,0.38383878312964154,0.2537324750231603,1.9736842105263157,0.8413450121879578,0.7938016255696615,0.8353127439816793,0.8568035364151001,0.8474154472351074,0.854428231716156,22.6178913393,23,12.798342878650871,21.015541317550035
pamap2,0.25,fedprox,1,1.0,0.0,138.0609495336,183.28921372799994,0.29537620699438194,0.24033237993717194,0.3147970736026764,0.1230425089597702,36.60198402404785,0.5970511649484272,0.25,0.6710526315789473,0.6710526315789473,2.6315789473684212,28.272756576538086,0.2324491341908773,0.32193459073702496,0.25162458419799805,0.24033237993717194,0.24033237993717194,138.0609495336,40,57.89127224373669,70.6875296419953
pamap2,0.25,ecofed_fixtau,1,1.0,0.0,146.2227401316,183.28921372799994,0.4776741413862875,0.5195483068625132,0.3048897385597229,0.49312878648440045,39.67418837547302,0.8071471396734892,0.05,0.5725393014221278,0.31108960826516546,2.1521929824561403,6.25191068649292,0.44732075929641724,0.4026845594247182,0.5643975734710693,0.5195483068625132,0.528922975063324,146.2227401316,80,18.76170032524447,19.201955686908494
uci_har,0.1,ecofed_fixtau,6,1.0,0.0,38.86396135719998,50.92758899512499,0.8244942688384563,0.8570297559102377,0.8566904266675314,0.8322587807973226,15.622624397277832,0.8421738965487184,0.125,0.30739726428461395,0.22824601618359375,1.6381578947368423,0.9718142747879028,0.6999208331108093,0.8340685367584229,0.8433435161908468,0.8570297559102377,0.8425517678260803,20.4922090518,36,11.313681737233743,13.711220340926257
uci_har,0.1,fedavg_paced,13,1.0,0.0,37.1412327996,50.92758899512501,0.8116390520960854,0.7567017078399658,0.7723108530044556,0.6800135970115662,11.159650325775146,0.6200481542240779,0.0,0.31359649122807015,0.31359649122807015,1.0526315789473684,11.967214584350586,0.8001357316970825,0.8337292273839315,0.8759190241495768,0.7567017078399658,0.8683406710624695,27.459863463599998,40,4.9630107624,12.244124834399999
uci_har,0.25,ecofed,13,1.0,0.0,72.89148940190005,127.31897248781245,0.8655408129245639,0.8833842277526855,0.8848546346028646,0.8998981912930807,28.184646129608154,0.6153164160695564,0.0625,0.4026355473555604,0.24794886927043902,1.8021929824561405,0.7751235961914062,0.8266033132870992,0.8450401624043783,0.8893790245056152,0.8833842277526855,0.8761452436447144,52.14278198040001,56,4.184854411018421,17.08271066109081
pamap2,0.25,ecofed_fixprec,4,1.0,0.0,142.39331370630003,180.73489387199993,0.4205833916270596,0.5103036463260651,0.4310707449913025,0.4907898207505544,33.919153928756714,0.7954938078614423,0.3,0.5323410692055622,0.3088197342133537,2.206140350877193,3.3326261043548584,0.25065186123053235,0.3750525712966919,0.43981831272443134,0.5103036463260651,0.4130709171295166,126.10360835710004,68,48.155582891168244,73.10415102770104
uci_har,0.25,ecofed_fixdepth,5,1.0,0.0,6.372094843199999,127.31897248781245,0.5059445827868243,0.5022056102752686,0.4655582010746002,0.41601628065109253,6.112335681915283,0.20321829625140056,0.0,0.212719298245614,0.212719298245614,0.7368421052631579,21.886762619018555,0.5022056102752686,0.5022056102752686,0.5022056102752686,0.5022056102752686,0.752629816532135,5.539973711999999,11,,
pamap2,1.0,energy_greedy,7,1.0,0.0,474.9497840784001,700.6342471679999,0.51987240109215,0.5160306692123413,0.5049660205841064,0.31721554199854535,92.62050747871399,0.8255470388584056,0.05,1.0,1.0,4.0,8.915362358093262,0.4840564529101054,0.5922634601593018,0.5248301029205322,0.5160306692123413,0.5757972002029419,125.53121832000001,17,46.79953219745376,49.44344811570529
pamap2,0.1,energy_greedy,5,1.0,0.0,50.55449040240001,73.31568549119997,0.37051967237579275,0.2758069634437561,0.26206454634666443,0.304250568151474,15.12099575996399,0.5724343642804988,0.1,0.35526315789473684,0.35526315789473684,1.263157894736842,32.17148971557617,0.3347714990377426,0.37978055079778034,0.4172792136669159,0.2758069634437561,0.6474912166595459,40.1616731496,7,37.21196975888669,38.055335231945925
uci_har,0.25,fedprox,14,1.0,0.0,120.30016476000004,127.31897248781245,0.834128493365751,0.8378011584281921,0.8445877432823181,0.4336613416671753,25.539396047592163,0.9959590918939996,0.1875,0.6907894736842105,0.6907894736842105,2.736842105263158,8.876338958740234,0.713776707649231,0.7976473172505697,0.8839497764905294,0.8378011584281921,0.8910756707191467,66.4053159948,11,31.915950656209144,36.78532526252736
pamap2,0.25,fedavg,3,1.0,0.0,140.407854324,175.15856179199997,0.3523983448151231,0.41766858100891113,0.437794029712677,0.2535284757614136,30.191134452819824,0.7451954771033017,0.2,0.6578947368421053,0.6578947368421053,2.6315789473684212,20.25606918334961,0.18073705583810806,0.24551314612229666,0.40651681025822956,0.41766858100891113,0.43700993061065674,106.888896588,17,101.55127624252489,
pamap2,1.0,fedavg_q8,14,1.0,0.0,524.2365920039998,717.399219744,0.5139626959737389,0.49818481008211773,0.4518151879310608,0.36914191643397015,81.41335272789001,0.9431841961673264,0.15,1.0,1.0,4.0,13.32149887084961,0.3735148509343465,0.5101484954357147,0.6292904218037924,0.49818481008211773,0.5811881422996521,436.93818877440003,52,102.6546114018009,108.94090422802678
pamap2,0.1,fedprox,15,1.0,0.0,42.38276828880001,70.06342471679999,0.18348597469050942,0.08442237228155136,0.15081024169921875,0.08442237228155136,15.354316711425781,0.5608302358014915,0.05,0.3815789473684211,0.3815789473684211,1.368421052631579,55.966766357421875,0.1621798276901245,0.20648197333017984,0.314340482155482,0.08442237228155136,0.34317824244499207,40.486930204800004,10,,
pamap2,1.0,ecofed,13,1.0,0.0,484.49483608959997,733.1568549119997,0.5463878512269391,0.5882603724797567,0.5608820716540018,0.6613401571909586,78.54026961326599,0.8830783702865442,0.1,0.9907626796218332,0.8173475342222044,3.5789473684210527,2.89019775390625,0.4841802616914113,0.54160009821256,0.5614147186279297,0.5882603724797567,0.5461809039115906,145.45375129060002,23,34.138758897740765,45.48159059395248
uci_har,0.25,oort,12,1.0,0.0,111.62728917840003,127.31897248781245,0.8519201185481464,0.824228048324585,0.824228048324585,0.5201900005340576,22.733407497406006,0.8677771367074267,0.0625,0.7039473684210527,0.7039473684210527,2.736842105263158,6.712350845336914,0.7771745324134827,0.8574821750322977,0.8862119714419047,0.824228048324585,0.8686800003051758,32.0285838528,7,15.69386471750134,21.771883146817384
uci_har,0.25,static_depth,6,1.0,0.0,103.59885126929998,127.31897248781245,0.8523746824186774,0.8995588819185892,0.9005768497784933,0.8770501017570496,31.19609761238098,0.9705840160752999,0.0625,0.2995379257025401,0.04777793462608531,1.6157894736842102,0.49819305539131165,0.7966293493906657,0.8414206703503927,0.8682275811831156,0.8995588819185892,0.9012554883956909,84.07485743219999,64,9.465621084514016,19.609016735039653
uci_har,1.0,fedavg,15,1.0,0.0,378.96949604640025,509.27588995124984,0.8761013346866975,0.8735437194506327,0.8735437194506327,0.6955095529556274,58.12019681930542,0.9465646588220581,0.25,1.0,1.0,4.0,1.3364962339401245,0.8604230483373007,0.8479809959729513,0.8888134757677714,0.8735437194506327,0.8812351822853088,117.04019978280003,13,12.178384738800002,12.178384738800002
uci_har,0.25,ecofed,5,1.0,0.0,71.16448164200001,127.31897248781245,0.8211486405208706,0.8471892277399699,0.8793122967084249,0.8312408129374186,25.501599073410034,0.7226004114054153,0.0,0.36963595686452516,0.2524622900456282,1.9210526315789473,0.8587614893913269,0.8051125407218933,0.8189118703206381,0.8575952847798666,0.8471892277399699,0.8568035364151001,36.809419890499996,40,4.709691476240671,35.083806506233984
uci_har,0.25,fedprox,11,1.0,0.0,112.73613603359999,127.31897248781245,0.8206519848726264,0.8371224999427795,0.8371224999427795,0.6681370735168457,25.52309012413025,0.870682713958444,0.1875,0.7171052631578947,0.7171052631578947,2.8421052631578947,3.165645122528076,0.6956226825714111,0.8399502237637838,0.8635901014010111,0.8371224999427795,0.8371224999427795,112.73613603359999,40,25.38187674439532,32.71165186695123
uci_har,1.0,fedavg_q8,10,1.0,0.0,347.07807225839974,509.27588995124984,0.8790843479958839,0.8716208537419637,0.8716208537419637,0.6936998168627421,56.33657145500183,0.9109307142432155,0.25,1.0,1.0,4.0,1.585292935371399,0.8756927847862244,0.9001244306564331,0.8934509754180908,0.8716208537419637,0.8971835970878601,222.1793638200001,36,26.7921812638327,35.56245273642393
uci_har,1.0,static_depth,15,1.0,0.0,267.12578275860005,509.27588995124984,0.8735025080924002,0.8893790245056152,0.889492134253184,0.8764845530192057,44.91101574897766,0.8803669021104451,0.0,0.5971002203511578,0.4564113673796696,2.763157894736841,0.15229125320911407,0.8266033331553141,0.858273963133494,0.8893790245056152,0.8893790245056152,0.8795385360717773,239.62360409160001,72,17.343197856860144,20.70378358032766
uci_har,0.1,oort,8,1.0,0.0,36.77389267679999,50.927588995125,0.8174528322083476,0.8673226833343506,0.8798778653144836,0.4343400001525879,10.519424200057983,0.6192272555263054,0.0,0.35526315789473684,0.35526315789473684,1.263157894736842,1.2280749082565308,0.5378350615501404,0.7250310977300009,0.891867458820343,0.8673226833343506,0.8713946342468262,35.59374655679999,11,17.110141460301936,18.720471385068855
uci_har,1.0,static_depth,13,1.0,0.0,275.24904593519983,509.2758899512498,0.8691310673307522,0.8780680894851685,0.8804433743158976,0.8342947761217753,45.55085468292236,0.8350629527871827,0.0,0.6773339378700299,0.41476442484403964,2.71578947368421,0.2959626615047455,0.8769370118776957,0.8749010364214579,0.8823662400245667,0.8780680894851685,0.8710553050041199,275.24904593519983,80,11.938856633405267,14.197617592388225
uci_har,0.25,static_depth,3,1.0,0.0,113.55983903340004,127.31897248781246,0.8179971812073557,0.8425517678260803,0.8137088418006897,0.8425517678260803,30.582831859588623,0.9869260723603018,0.25,0.2617267593262196,0.19652616595120118,1.7894736842105263,1.8249866962432861,0.7655242681503296,0.8235493699709574,0.8250197966893514,0.8425517678260803,0.8350865244865417,33.871286326,21,1.6612907096,33.23172703691512
uci_har,0.25,ecofed_fixprec,4,1.0,0.0,76.95815482119997,127.31897248781245,0.8636647360418455,0.8875692884127299,0.8585001627604166,0.8891528248786926,21.723001718521118,0.6881839123107257,0.0,0.344662994955257,0.21985487752340352,1.7315789473684209,0.9327212572097778,0.8366700609525045,0.8591788013776144,0.8771632115046183,0.8875692884127299,0.8367831707000732,15.88187337695,16,4.646672624104135,11.709167184999137
uci_har,0.25,static_depth,9,1.0,0.0,112.64336311440003,127.31897248781246,0.8304093716970763,0.8555593291918436,0.8692455490430196,0.8555593291918436,30.037463665008545,0.9788954946374288,0.25,0.2516808093980202,0.16119868632158874,1.663157894736842,0.3575651943683624,0.7971948782602946,0.8424386580785116,0.8297703862190247,0.8555593291918436,0.8428910970687866,35.2189708268,21,9.58368905198994,27.959199540639545
pamap2,0.1,ecofed,10,1.0,0.0,34.649286404099996,71.7399219744,0.48794798539643286,0.5128712852795919,0.4212046265602112,0.4663366377353668,14.154581308364868,0.42227667447624234,0.0,0.4652676878328436,0.3969559149437041,2.0631578947368423,3.3740367889404297,0.24554455280303955,0.4239273965358734,0.5128712852795919,0.5128712852795919,0.5782178044319153,31.16290723169999,68,14.744576078400002,15.53665770759865
uci_har,1.0,ecofed,2,1.0,0.0,171.5177707432999,509.27588995124984,0.87455760195247,0.8741092681884766,0.8799909551938375,0.8401764631271362,35.12243700027466,0.6493527487528166,0.0,0.6154485809295105,0.42203872389654223,2.447368421052632,0.15942257642745972,0.8355389833450317,0.886551300684611,0.8741092681884766,0.8741092681884766,0.8493382930755615,33.8107195332,11,12.658649088296759,21.797832390572037
uci_har,0.1,energy_greedy,2,1.0,0.0,36.270551414399996,50.927588995125,0.8150040659589397,0.8371224999427795,0.8371224999427795,0.5096708536148071,11.619916200637817,0.618619956575522,0.0,0.35526315789473684,0.35526315789473684,1.263157894736842,5.254333972930908,0.7146250307559967,0.7212984959284464,0.8663047154744467,0.8371224999427795,0.8802171945571899,24.672336686399994,6,17.090944789407036,20.29728694860026
pamap2,0.1,energy_greedy,6,1.0,0.0,46.26925878,71.7399219744,0.294811913875443,0.282920777797699,0.2420792132616043,0.20990099012851715,14.606896877288818,0.5601004454621428,0.05,0.32894736842105265,0.32894736842105265,1.1578947368421053,12.082219123840332,0.22685644030570984,0.23886139194170633,0.3533828357855479,0.282920777797699,0.32499998807907104,30.552028399199997,5,,
uci_har,0.1,fedavg_paced,10,1.0,0.0,36.7758177168,50.92758899512501,0.790198606275908,0.8160841464996338,0.8204954266548157,0.5581947565078735,10.80573034286499,0.6185803984075164,0.0,0.3925438596491228,0.3925438596491228,1.4736842105263157,1.8492289781570435,0.6868001222610474,0.8001357316970825,0.8240018089612325,0.8160841464996338,0.8591788411140442,11.9543837496,11,11.9543837496,11.9543837496
uci_har,0.1,ecofed_fixtau,1,1.0,0.0,38.7055607971,50.92758899512499,0.7993958748270416,0.8215133945147196,0.8215134143829346,0.8159710367520651,16.119187831878662,0.8564547267316928,0.125,0.30906510833410133,0.2174997456653621,1.4530701754385966,5.6919379234313965,0.7132677435874939,0.8044339021046957,0.8259246548016866,0.8215133945147196,0.7777400612831116,7.7669610657,14,6.8394330615817225,26.512211537422345
uci_har,0.25,ecofed_noZ,3,1.0,0.0,42.377881171100015,127.31897248781246,0.8366568488439103,0.8506956100463867,0.7908607522646586,0.8506956100463867,20.562164306640625,0.6257230818216596,0.0,0.24628336589204408,0.011605127366702744,1.4013157894736843,2.3874032497406006,0.8351996342341105,0.8400633533795675,0.8506956100463867,0.8506956100463867,0.8473023176193237,42.377881171100015,80,7.047472568000154,12.641465009266195
uci_har,0.25,ecofed_noZ,2,1.0,0.0,43.14271723199999,127.31897248781246,0.8281783181448505,0.8394977847735087,0.8211740652720133,0.8400633335113525,20.808406591415405,0.6194141375839295,0.0,0.2749586913148314,0.034355044282774944,1.4013157894736843,0.6228758096694946,0.8172152439753214,0.8275081912676493,0.8394977847735087,0.8394977847735087,0.8459450006484985,41.087484527699985,76,7.850584100668545,38.5473863265716
pamap2,0.25,ecofed_noQ,3,1.0,0.0,172.16601164550008,175.15856179199997,0.3708233308565243,0.40407735109329224,0.19419759511947632,0.40407735109329224,31.971052646636963,0.9989955821336365,0.5,0.6817203327777474,0.5950535446942246,2.6315789473684212,16.66223907470703,0.2677295704682668,0.32139745851357776,0.42254748940467834,0.40407735109329224,0.3985885977745056,137.25295978140002,21,92.20062035494469,97.10988456257007
pamap2,0.25,fedavg_single,5,1.0,0.0,139.11877866479998,183.2892137279999,0.44342044300063943,0.41962286829948425,0.41962286829948425,0.19143496453762054,28.72175884246826,0.5972196470617929,0.3,0.6710526315789473,0.6710526315789473,2.6315789473684212,9.546814918518066,0.2665388286113739,0.37669117252031964,0.6174496610959371,0.41962286829948425,0.6481304168701172,81.0190467456,11,60.437175700566826,71.58779516812598
pamap2,0.1,ecofed_fixtau,0,1.0,0.0,32.025113843999996,72.2939575488,0.2209774927683425,0.26318445305029553,0.2193624327580134,0.2456892877817154,15.290107011795044,0.3195095189177797,0.1,0.2908632267121474,0.2454045497281312,1.313157894736842,22.562442779541016,0.21196063359578451,0.2412313918272654,0.26318445305029553,0.26318445305029553,0.3086045980453491,26.0513835672,64,,
pamap2,0.25,ecofed_noQ,1,1.0,0.0,181.47954288,183.28921372799994,0.3581148202644956,0.06839245557785034,0.1057845950126648,0.06839245557785034,32.709068059921265,0.9994892332993037,0.8,0.6785615364796673,0.5584882025820307,2.5,21.353683471679688,0.30595504740873974,0.39863641063372296,0.3881964385509491,0.06839245557785034,0.5385106801986694,132.8486646666,19,54.88702266344898,59.625880656434035
uci_har,1.0,oort,2,1.0,0.0,384.86800895999994,509.27588995124984,0.8621414049982081,0.8581608533859253,0.8581608533859253,0.6295667886734009,55.14461088180542,0.942245295381081,0.25,1.0,1.0,4.0,2.0016281604766846,0.8935640851656595,0.8677751421928406,0.8722995122273763,0.8581608533859253,0.8761452436447144,23.528407451999996,5,9.996242445936929,15.68560011088409
pamap2,0.1,fedavg_paced,9,1.0,0.0,52.573691440800005,73.31568549119999,0.39160264369637826,0.4723553955554962,0.32374560832977295,0.4723553955554962,14.690469980239868,0.5802221781290428,0.25,0.3684210526315789,0.3684210526315789,1.263157894736842,5.753900051116943,0.28811122477054596,0.4193032781283061,0.39916906754175824,0.4723553955554962,0.43560242652893066,51.787621646400005,68,42.958232418126705,52.2660011613527
uci_har,0.1,oort,4,1.0,0.0,36.705179372399996,50.92758899512499,0.8188009115036621,0.8500169515609741,0.8642687201499939,0.5778757929801941,12.31149435043335,0.6179494594540492,0.0625,0.35526315789473684,0.35526315789473684,1.263157894736842,8.996342658996582,0.7122497260570526,0.7565886179606119,0.8664178252220154,0.8500169515609741,0.8727519512176514,24.587762293199997,6,15.748291699797598,18.27081064912081
pamap2,1.0,energy_greedy,9,1.0,0.0,531.8664486743997,733.1568549119996,0.5046718940207064,0.4717161953449249,0.6389687856038412,0.39650580286979675,82.87863397598267,0.9249257226203251,0.15,1.0,1.0,4.0,32.25530242919922,0.48173006375630695,0.47917333245277405,0.6318312486012777,0.4717161953449249,0.6311920881271362,147.4249296288,19,34.47063821369382,37.249421214715035
uci_har,0.1,ecofed_fixdepth,6,1.0,0.0,9.842986959599997,50.92758899512499,0.8190825458629092,0.8320325613021851,0.8320325613021851,0.21954530477523804,6.585860013961792,0.5804826765644023,0.0,0.25,0.25,0.8421052631578947,1.7954044342041016,0.718583881855011,0.8320325613021851,0.8320325613021851,0.8320325613021851,0.8581608533859253,7.1960364071999985,10,7.120647079588666,7.1960364071999985
pamap2,0.1,ecofed_fixprec,5,1.0,0.0,34.02071262689998,73.31568549119997,0.45962748828082467,0.5120911697546641,0.41120700041453045,0.5120911697546641,12.781897068023682,0.3315002877858906,0.15,0.4016505835307626,0.2950112739031087,1.8289473684210527,5.373327732086182,0.23500586052735647,0.33876638611157733,0.5120911697546641,0.5120911697546641,0.38734421133995056,10.6289009793,15,21.807932825591365,22.289819648585016
uci_har,0.25,oort,2,1.0,0.0,116.28526882560004,127.31897248781246,0.8606138935854502,0.8316932320594788,0.8316932320594788,0.6185951828956604,23.05519199371338,0.9329940290131934,0.125,0.7039473684210527,0.7039473684210527,2.736842105263158,4.33311653137207,0.8151792883872986,0.883610467116038,0.8917543292045593,0.8316932320594788,0.8761452436447144,23.528407451999996,5,9.996242445936929,15.68560011088409
uci_har,1.0,fedprox,3,1.0,0.0,378.1440694967994,509.27588995124984,0.8837213007129311,0.8867775201797485,0.8910756707191467,0.6984504063924154,61.486998558044434,0.9456523168352092,0.3125,1.0,1.0,4.0,9.196727752685547,0.8668702443440756,0.8897183537483215,0.9022734959920248,0.8867775201797485,0.894808292388916,320.66165428559987,56,9.566695600800003,40.657993712552965
pamap2,0.25,oort,11,1.0,0.0,135.77130140159997,175.15856179199997,0.361141806257784,0.2950862646102905,0.1769472062587738,0.2950862646102905,29.24929690361023,0.695403813304946,0.15,0.6973684210526315,0.6973684210526315,2.736842105263158,75.6299819946289,0.29116570949554443,0.3082418541113536,0.4113085865974426,0.2950862646102905,0.5015681982040405,81.17597210400001,11,58.459577973671465,67.44837566383494
pamap2,0.25,ecofed_fixtau,3,1.0,0.0,144.54895889899998,175.15856179199997,0.428955415409778,0.45948771635691327,0.3870883385340373,0.41653598348299664,39.45574927330017,0.8212013523071392,0.15,0.5976199570877432,0.31703053519461266,2.16359649122807,2.411897897720337,0.33629552523295086,0.480484406153361,0.48074578245480853,0.45948771635691327,0.42132776975631714,144.54895889899998,80,41.688448620596255,42.965156385747726
uci_har,1.0,fedavg,8,1.0,0.0,377.86635028559994,509.27588995124984,0.8639397284418766,0.8689062198003134,0.8689062198003134,0.6987897157669067,54.79394865036011,0.9499843346172435,0.25,1.0,1.0,4.0,1.0447672605514526,0.892885426680247,0.8627983132998148,0.8701504468917847,0.8689062198003134,0.8965049386024475,49.208196475200005,6,32.62139332518376,38.75518402235903
pamap2,0.25,fedavg_q8,9,1.0,0.0,140.32463231519995,183.2892137279999,0.4770714999107231,0.45477789640426636,0.30265259742736816,0.34963247179985046,34.688215494155884,0.5976901840822822,0.15,0.7171052631578947,0.7171052631578947,2.8421052631578947,59.52643585205078,0.24193033079306284,0.4603174527486165,0.5991264382998148,0.45477789640426636,0.596676230430603,91.17505627439999,15,30.870586738316106,33.04885525296069
uci_har,0.1,ecofed_noZ,3,1.0,0.0,34.8393226971,50.92758899512501,0.7756676003117878,0.8027372360229492,0.7645062804222107,0.8027372360229492,19.013686656951904,0.8588815886684478,0.0625,0.18640085902336367,0.051342017726452575,1.2052631578947368,4.994172096252441,0.7634882926940918,0.761452317237854,0.7816989024480184,0.8027372360229492,0.8035290241241455,29.993063213400003,64,27.502058708406086,
uci_har,0.25,fedavg,9,1.0,0.0,120.59192979359996,127.31897248781246,0.8320785948929159,0.8703766465187073,0.8754665851593018,0.529691219329834,23.187623739242554,0.9965289689209499,0.25,0.7039473684210527,0.7039473684210527,2.736842105263158,0.9853716492652893,0.7453342378139496,0.8224182724952698,0.8750141461690267,0.8703766465187073,0.8781812191009521,57.086737545599995,9,29.587409111746627,46.22959292147972
pamap2,0.1,fedavg,2,1.0,0.0,49.4812010352,71.73992197439999,0.2693577846241403,0.2794554531574249,0.28217822313308716,0.14826732873916626,15.622600317001343,0.5725708348682816,0.05,0.3815789473684211,0.3815789473684211,1.368421052631579,44.90140914916992,0.12636138871312141,0.21757426112890244,0.3005775660276413,0.2794554531574249,0.3319306969642639,47.911144199999995,11,,
uci_har,1.0,static_depth,1,1.0,0.0,263.9497313186,509.27588995124984,0.8651786084607515,0.8836104472478231,0.8858726421991984,0.8328243494033813,41.778656244277954,0.8658538317303556,0.0625,0.6424269775629682,0.35685026083546256,2.6526315789473687,0.5918480753898621,0.8735437194506327,0.8939034144083658,0.8836104472478231,0.8836104472478231,0.8669833540916443,263.9497313186,80,34.208461889634115,36.75038350213249
pamap2,0.25,fedprox,15,1.0,0.0,132.31226225039995,175.15856179199997,0.3298239066313,0.26764243841171265,0.18452692031860352,0.22713015973567963,33.84262561798096,0.6460100186327022,0.15,0.6842105263157895,0.6842105263157895,2.736842105263158,111.57039642333984,0.19855375587940216,0.3625195970137914,0.40686530868212384,0.26764243841171265,0.3933612108230591,94.83847156799999,16,64.92946832137591,67.94680844316463
pamap2,0.1,ecofed_fixtau,1,1.0,0.0,28.19621474460001,73.31568549119999,0.19461553229810416,0.24310216307640076,0.15862363080183664,0.24310216307640076,13.970710039138794,0.31815145643528486,0.0,0.3404978940606578,0.27222153039530655,1.3614035087719298,10.083796501159668,0.26302332431077957,0.24683072169621786,0.24310216307640076,0.24310216307640076,0.16714605689048767,21.361515837000006,52,,
uci_har,1.0,static_depth,10,1.0,0.0,269.9466274137999,509.27588995124984,0.8591307619319978,0.8520529270172119,0.8829317887624105,0.8520529270172119,45.47025537490845,0.8562385640285761,0.0625,0.6261709889557932,0.4092734382338663,2.6421052631578945,0.16219568252563477,0.8206085165341696,0.8845153252283732,0.8426648577054342,0.8520529270172119,0.8805565237998962,32.41968477,10,17.52278508661306,23.648690307330337
uci_har,0.25,fedavg_q8,13,1.0,0.0,118.70796628320015,127.31897248781245,0.8382223938927503,0.8411944508552551,0.8473023176193237,0.6487953662872314,27.222784519195557,0.9927610902414247,0.0625,0.7697368421052632,0.7697368421052632,3.0526315789473686,13.770454406738281,0.7723108232021332,0.8558986584345499,0.8658522764841715,0.8411944508552551,0.8316932320594788,108.86544353040011,32,19.55076053143536,28.593017878503073
pamap2,0.1,fedprox,13,1.0,0.0,49.56868113120001,73.31568549119999,0.31137819367647646,0.3486737012863159,0.3358900547027588,0.2566315233707428,16.210745811462402,0.5651069467298928,0.1,0.32894736842105265,0.32894736842105265,1.1578947368421053,22.86792755126953,0.2070949226617813,0.282411848505338,0.33280067642529804,0.3486737012863159,0.3486737012863159,49.56868113120001,13,,
pamap2,1.0,fedprox,10,1.0,0.0,548.6418858072002,717.3992197439999,0.49513538253325895,0.5012376109759012,0.5053630272547404,0.30651814738909405,93.37336754798889,0.9625518757390459,0.15,1.0,1.0,4.0,16.653667449951172,0.38556105891863507,0.4430692990620931,0.6283003290494283,0.5012376109759012,0.663118839263916,372.9409596792,40,157.6239535140728,165.60967721167194
uci_har,1.0,fedavg,10,1.0,0.0,371.88555806640005,509.27588995124984,0.8751339441837287,0.8781812191009521,0.8781812191009521,0.6990159551302592,54.73484969139099,0.9442128509288366,0.1875,1.0,1.0,4.0,1.9130749702453613,0.8710553248723348,0.897749106089274,0.8874561587969462,0.8781812191009521,0.8890396952629089,213.83750115359993,32,30.012352399971544,35.925241715642684
uci_har,0.25,fedavg_q8,7,1.0,0.0,119.62769258399996,127.31897248781245,0.8400847968721894,0.8150661587715149,0.8150661587715149,0.589073657989502,28.85157561302185,0.994096173636874,0.3125,0.743421052631579,0.743421052631579,2.9473684210526314,12.360788345336914,0.764845609664917,0.8522791663805643,0.8685669104258219,0.8150661587715149,0.8761452436447144,66.4310870052,13,23.14232603001975,28.690470328566278
pamap2,1.0,fedavg_single,9,1.0,0.0,565.0046810496,733.1568549119996,0.5941067243940528,0.6221370100975037,0.6221370100975037,0.14477468530337015,74.50008177757263,0.9605008464337061,0.3,1.0,1.0,4.0,11.492929458618164,0.39043357968330383,0.4285714228947957,0.6990518768628439,0.6221370100975037,0.7692553400993347,293.65986044640005,28,91.77865032506388,100.87630063725358
pamap2,0.1,static_depth,9,1.0,0.0,65.90054599519999,73.31568549119999,0.5226027097729292,0.4637264311313629,0.056248001754283905,0.4637264311313629,22.59825325012207,0.9590279144094322,0.2,0.34996396377383165,0.0,1.1157894736842104,1.949572205543518,0.3304570217927297,0.37850218017896015,0.5485245486100515,0.4637264311313629,0.6442952752113342,55.825947242000005,32,12.801148345428995,22.80813365188965
uci_har,0.1,fedavg_single,2,1.0,0.0,36.270551414399996,50.927588995125,0.8710130009447478,0.8849677443504333,0.8849677443504333,0.15066169202327728,10.517048597335815,0.618619956575522,0.0,0.35526315789473684,0.35526315789473684,1.263157894736842,1.2230281829833984,0.8252460062503815,0.8500169714291891,0.8695848981539408,0.8849677443504333,0.8910756707191467,33.381160056,10,5.716618372552118,10.458971284753186
pamap2,0.25,fedavg_q8,14,1.0,0.0,136.04307949200006,179.349804936,0.31817138298612563,0.23935642838478088,0.21658416092395782,0.24628712236881256,34.481353759765625,0.5987247123094169,0.1,0.7039473684210527,0.7039473684210527,2.736842105263158,89.55982208251953,0.2298679898182551,0.3787953754266103,0.4103960494200389,0.23935642838478088,0.39628714323043823,54.300604631999995,8,,
uci_har,1.0,fedavg_single,7,1.0,0.0,381.5364861624003,509.2758899512498,0.8812147663388494,0.8868906100591024,0.8868906100591024,0.11808619151512782,53.69311881065369,0.9482914899280229,0.3125,1.0,1.0,4.0,1.8140934705734253,0.8845153450965881,0.8863250613212585,0.9005768696467081,0.8868906100591024,0.8903970122337341,72.44910957360001,7,33.83781501369569,39.72524546180712
pamap2,1.0,fedavg_single,4,1.0,0.0,554.1005435424003,722.9395754879997,0.37826486170277995,0.3556228478749593,0.3556228478749593,0.09445706009864807,76.26624155044556,0.9581347977327603,0.15,1.0,1.0,4.0,14.358176231384277,0.27437126636505127,0.42905206481615704,0.4505845805009206,0.3556228478749593,0.47110775113105774,195.41703700080006,16,146.61780051348603,161.72193542668163
uci_har,0.25,fedavg_q8,4,1.0,0.0,119.16782711759998,127.31897248781245,0.8316961929018739,0.8442484140396118,0.8489989638328552,0.6223278045654297,27.985456943511963,0.9911721534180256,0.25,0.7302631578947368,0.7302631578947368,2.8421052631578947,3.512303113937378,0.6929080188274384,0.8596312602361044,0.8702635367711385,0.8442484140396118,0.8554462194442749,80.25424399919999,17,24.231549303383666,28.200439499742515
uci_har,1.0,fedavg_single,3,1.0,0.0,378.1440694967994,509.27588995124984,0.8905344822264966,0.8841759959856669,0.8841759959856669,0.08008143802483876,53.150593757629395,0.9456523168352092,0.3125,1.0,1.0,4.0,1.853006362915039,0.8833842277526855,0.9082682927449545,0.9073634147644043,0.8841759959856669,0.907024085521698,130.6894166832,17,9.566695600800003,16.15331681782044
pamap2,0.1,energy_greedy,15,1.0,0.0,42.38276828880001,70.06342471679999,0.23787231803947237,0.1615263968706131,0.19393622875213623,0.1615263968706131,14.338467597961426,0.5608302358014915,0.05,0.3815789473684211,0.3815789473684211,1.368421052631579,23.902931213378906,0.1663617342710495,0.2332287828127543,0.3369053800900777,0.1615263968706131,0.3112911581993103,36.81796680960001,8,,
uci_har,0.1,fedavg_single,13,1.0,0.0,37.14123279960001,50.92758899512501,0.8673563245386638,0.8595181703567505,0.8595181703567505,0.21174074709415436,10.324069499969482,0.6200481542240779,0.0,0.3815789473684211,0.3815789473684211,1.368421052631579,4.373017311096191,0.8369528353214264,0.8518267273902893,0.8873430689175924,0.8595181703567505,0.8785205483436584,36.58996133880001,12,4.9630107624,9.182839943983183
pamap2,0.25,ecofed,14,1.0,0.0,149.56762244900003,179.349804936,0.5148102033721672,0.6036303440729777,0.4491749207178752,0.6510726014773051,38.60739803314209,0.8186564299207171,0.3,0.5745214482274581,0.30543948552116335,2.157017543859649,3.7637991905212402,0.40024752418200177,0.4528052806854248,0.5227722724278768,0.6036303440729777,0.4982673227787018,121.03024090780002,64,24.033374883270124,24.615251055880837
pamap2,0.1,fedprox,12,1.0,0.0,49.8091295616,72.29395754879998,0.3077713261938354,0.20842796564102173,0.1844562143087387,0.23492303490638733,16.109633445739746,0.5749655615569058,0.0,0.35526315789473684,0.35526315789473684,1.263157894736842,29.77889633178711,0.29144586622714996,0.3287913103898366,0.3705105483531952,0.20842796564102173,0.4539490342140198,48.2349072192,10,,
uci_har,0.25,fedavg_q8,5,1.0,0.0,119.78552857200005,127.31897248781245,0.8562612131909269,0.8537495732307434,0.8537495732307434,0.5961995124816895,28.378089904785156,0.9917866558700332,0.375,0.7631578947368421,0.7631578947368421,3.0526315789473686,9.105263710021973,0.7724804878234863,0.8617803255716959,0.8789729674657186,0.8537495732307434,0.8537495732307434,119.78552857200005,48,18.958703118473466,26.498885354635057
uci_har,0.25,fedprox,1,1.0,0.0,119.5067585532,127.31897248781246,0.8511539960638861,0.842212438583374,0.842212438583374,0.578893780708313,26.911813974380493,0.9949554252582143,0.3125,0.6907894736842105,0.6907894736842105,2.736842105263158,10.042299270629883,0.7224295735359192,0.8252460161844889,0.8874561587969462,0.842212438583374,0.8883610367774963,63.4275011592,10,27.096572000500874,33.53217881066768
pamap2,0.25,fedavg_q8,3,1.0,0.0,140.45429399039992,175.15856179199997,0.37872229515088496,0.4223732352256775,0.3719289004802704,0.28097230195999146,35.063594341278076,0.7436872032739718,0.25,0.6907894736842105,0.6907894736842105,2.736842105263158,26.004865646362305,0.21628332138061523,0.3200906018416087,0.4397107462088267,0.4223732352256775,0.44485101103782654,97.82688408719999,16,74.82682894102169,94.40323461582824
uci_har,1.0,fedavg_single,1,1.0,0.0,379.5222863267997,509.27588995124984,0.8850545217981174,0.8998981912930807,0.8998981912930807,0.09750028202931087,53.564688205718994,0.9494241904849254,0.3125,1.0,1.0,4.0,1.3319158554077148,0.885080873966217,0.8815744916598002,0.9029521346092224,0.8998981912930807,0.884628415107727,36.32387407440001,4,27.95763929681739,32.41820516446384
uci_har,0.1,fedavg,9,1.0,0.0,36.91205320080001,50.927588995125,0.8299735783686759,0.8870037198066711,0.8870037198066711,0.40889039635658264,12.179099321365356,0.6145402426931474,0.0,0.3815789473684211,0.3815789473684211,1.368421052631579,1.2800750732421875,0.6888360977172852,0.7731025815010071,0.8449270327885946,0.8870037198066711,0.8398371338844299,27.0424845108,7,14.754051167736108,17.90230669740722
pamap2,1.0,fedavg_q8,12,1.0,0.0,525.6072144911998,722.9395754879997,0.457549241646567,0.5166120131810507,0.48027588923772174,0.3565480709075928,83.27328419685364,0.9450436938261316,0.0,1.0,1.0,4.0,15.153376579284668,0.33955757816632587,0.4070148865381877,0.5209016700585684,0.5166120131810507,0.5266212224960327,384.1450883015998,44,190.68913512639477,285.36887814442935
uci_har,0.1,fedavg_paced,12,1.0,0.0,36.377676223200005,50.92758899512501,0.8217924295903404,0.8462843298912048,0.8513742685317993,0.5045809149742126,10.889462947845459,0.618621486058712,0.0,0.3333333333333333,0.3333333333333333,0.9473684210526315,1.273861050605774,0.6915507316589355,0.8068091670672098,0.8591788212458292,0.8462843298912048,0.8456056714057922,28.529347704,44,12.648373292139764,14.264673851999998
uci_har,0.25,fedavg_paced,10,1.0,0.0,114.11119224719998,127.31897248781246,0.840713788870233,0.8794253865877787,0.8794253865877787,0.7367944717407227,21.837209939956665,0.9330147481783008,0.0625,0.8223684210526315,0.8223684210526315,3.473684210526316,1.2667981386184692,0.734645426273346,0.8551068902015686,0.8358782927195231,0.8794253865877787,0.8615541458129883,30.2762978232,8,27.9289394496,28.363495492737574
uci_har,0.1,fedavg_q8,7,1.0,0.0,37.26657492839998,50.927588995125,0.8348367853759745,0.8673226833343506,0.8673226833343506,0.4835425913333893,13.823506116867065,0.6146135529782227,0.125,0.4342105263157895,0.4342105263157895,1.5789473684210527,1.2878271341323853,0.7538174390792847,0.8228707114855448,0.8649473985036215,0.8673226833343506,0.8819137811660767,22.5570322512,6,13.457172287009438,17.752367078497556
pamap2,1.0,ecofed,12,1.0,0.0,466.25954785439995,722.9395754879997,0.40447191854815645,0.4081083337465922,0.3742114504178365,0.4081083337465922,80.96385955810547,0.8848338702792485,0.1,1.0,0.8065212070724639,3.6473684210526316,4.480556488037109,0.428042729695638,0.3853141665458679,0.42720162868499756,0.4081083337465922,0.44940701127052307,417.70498408159995,72,58.9152500813735,62.16633047624404
uci_har,1.0,fedavg_single,11,1.0,0.0,372.5201625300003,509.2758899512498,0.8734093012082776,0.8840628862380981,0.8840628862380981,0.14873882631460825,50.54934620857239,0.9439779846575302,0.1875,1.0,1.0,4.0,1.1291072368621826,0.853975792725881,0.889492134253184,0.8920936584472656,0.8840628862380981,0.8808958530426025,344.3296897044001,68,31.615341815965667,37.39181803218684
uci_har,0.25,fedprox,10,1.0,0.0,114.11119224720004,127.31897248781246,0.8248133318866393,0.8211740851402283,0.8211740851402283,0.5473362803459167,25.473255157470703,0.9330147481783008,0.0625,0.6973684210526315,0.6973684210526315,2.736842105263158,6.5289764404296875,0.689854085445404,0.802284816900889,0.8868906100591024,0.8211740851402283,0.9005768299102783,68.4845957304,12,32.186851805946596,37.21836176627757
pamap2,0.25,fedavg_paced,12,1.0,0.0,135.70610420640003,180.73489387199993,0.43175934605499366,0.489864577849706,0.5066868464152018,0.43822019298871356,29.985509872436523,0.5985965200295175,0.1,0.6513157894736842,0.6513157894736842,2.526315789473684,4.72344446182251,0.24316594998041788,0.3941458563009898,0.4581545988718669,0.489864577849706,0.5213222503662109,124.49493447840003,64,59.057952215328434,64.95921048856822
pamap2,1.0,fedavg_paced,1,1.0,0.0,578.7103385568001,733.1568549119997,0.4821831241969903,0.5633322695891062,0.5699371496836344,0.46330030759175617,81.00011682510376,0.9706182926006643,0.2,1.0,1.0,4.0,13.396758079528809,0.3301374316215515,0.4529668688774109,0.5627996325492859,0.5633322695891062,0.4774688482284546,181.34432591040002,22,170.02127394069817,181.13355324419982
pamap2,0.1,fedavg_paced,11,1.0,0.0,41.744233224000006,70.06342471679999,0.2868655126961865,0.34492072463035583,0.25736190875371295,0.3166927993297577,13.941787242889404,0.5572387608913895,0.05,0.40789473684210525,0.40789473684210525,1.368421052631579,13.31330394744873,0.173288032412529,0.21745948493480682,0.29961665471394855,0.34492072463035583,0.38656559586524963,39.64740941760001,64,,
pamap2,0.25,fedavg_paced,8,1.0,0.0,136.52584581600001,180.734893872,0.35530883658384477,0.40987467765808105,0.4154260257879893,0.37034233411153156,30.14045524597168,0.5977900561119661,0.15,0.6644736842105263,0.6644736842105263,2.526315789473684,6.108516216278076,0.17343763510386148,0.4085288941860199,0.384388933579127,0.40987467765808105,0.3878374993801117,128.1081809736,68,46.312669256513786,46.79083354128168
pamap2,1.0,fedprox,8,1.0,0.0,555.9015488111997,722.939575488,0.4414055424396,0.3584826389948527,0.3668937683105469,0.28808141748110455,93.42483711242676,0.9604808921246174,0.05,1.0,1.0,4.0,79.61846923828125,0.2791656156380971,0.5405837297439575,0.5968542297681173,0.3584826389948527,0.6421902775764465,428.29460899199995,48,162.96801137303203,166.44617214071135
pamap2,0.25,fedavg,14,1.0,0.0,135.003974664,179.349804936,0.3962267247931434,0.48539602756500244,0.3646039664745331,0.24554455280303955,30.439120531082153,0.5969343554520186,0.15,0.6710526315789473,0.6710526315789473,2.6315789473684212,29.961790084838867,0.2395214488108953,0.3608085811138153,0.40792078773180646,0.48539602756500244,0.427970290184021,86.68073462160001,13,63.131443191441015,73.87891691390722
pamap2,1.0,energy_greedy,6,1.0,0.0,514.2530091840001,717.399219744,0.46693292261769814,0.5250825186570486,0.5047854781150818,0.3098184863726298,89.52058339118958,0.8956053177660014,0.05,1.0,1.0,4.0,7.212436676025391,0.2943069289127986,0.3707095781962077,0.479042907555898,0.5250825186570486,0.5754950642585754,514.2530091840001,80,106.18004732716594,300.726525791956
uci_har,0.25,fedavg_paced,15,1.0,0.0,114.88463741160001,127.31897248781246,0.8393633817214232,0.881235142548879,0.881235142548879,0.7556837598482767,22.93899965286255,0.9328028889956026,0.125,0.8289473684210527,0.8289473684210527,3.3684210526315788,1.0486304759979248,0.7164913415908813,0.8803302645683289,0.8391584753990173,0.881235142548879,0.8876823782920837,30.6848880948,9,26.995739903302116,30.6848880948
pamap2,0.25,fedavg_q8,11,1.0,0.0,135.8553791112,175.15856179199997,0.36487471093052126,0.2940407693386078,0.12153685092926025,0.2940407693386078,33.690651416778564,0.6937742284426102,0.25,0.7368421052631579,0.7368421052631579,2.9473684210526314,153.04676818847656,0.24228958785533905,0.42132774988810223,0.3976302444934845,0.2940407693386078,0.45007839798927307,75.25067859359999,11,46.67200280900877,50.22575630735507
uci_har,0.25,ecofed_fixtau,1,1.0,0.0,15.336462274499995,127.31897248781246,0.7241637333371665,0.7241262197494507,0.7241262197494507,0.733627438545227,10.19569993019104,0.44430740970455174,0.0,0.24285470470659543,0.1494093185167921,1.2732456140350878,6.551325798034668,0.7096482316652933,0.7241262197494507,0.7241262197494507,0.7241262197494507,0.826603353023529,14.842490469299996,22,10.672126599754515,
uci_har,0.1,energy_greedy,3,1.0,0.0,37.28482158239999,50.92758899512501,0.851712840334341,0.8808958530426025,0.8808958530426025,0.27146250009536743,11.93352198600769,0.6211168231357659,0.0,0.35526315789473684,0.35526315789473684,1.263157894736842,3.0265562534332275,0.804038017988205,0.8132564226786295,0.8551068902015686,0.8808958530426025,0.8632507920265198,34.48227189839999,10,7.0502909510592495,15.358154244653873
pamap2,0.1,static_depth,10,1.0,0.0,63.713974644800004,71.7399219744,0.4680034644512098,0.4000000059604645,0.13861386477947235,0.4000000059604645,22.55370330810547,0.9589664679703949,0.15,0.35192821744251457,0.0,1.0842105263157895,2.371264696121216,0.2458745837211609,0.44141913453737897,0.5735973517100016,0.4000000059604645,0.6628713011741638,44.728875085999995,23,18.635493504501355,20.474027258019277
pamap2,0.1,ecofed,5,1.0,0.0,34.363144178100015,73.31568549119997,0.429755141868468,0.5020773510138193,0.5109193623065948,0.48716309666633606,14.933002471923828,0.3990024255774833,0.0,0.4511511900443407,0.3837541248771139,1.681578947368421,30.739530563354492,0.18951742351055145,0.3486737012863159,0.5020773510138193,0.5020773510138193,0.5554490089416504,20.515228930499998,36,10.2415602444,10.2415602444
pamap2,0.25,fedprox,11,1.0,0.0,135.77130140160003,175.15856179199997,0.3686851941154842,0.2950862646102905,0.1923680156469345,0.2950862646102905,32.98977565765381,0.695403813304946,0.15,0.6842105263157895,0.6842105263157895,2.736842105263158,52.829010009765625,0.21419236809015274,0.4570482671260834,0.39205436905225116,0.2950862646102905,0.42315733432769775,74.1034434624,10,42.579035303073,46.679012293344165
uci_har,0.25,fedavg_q8,11,1.0,0.0,119.58076408079997,127.31897248781245,0.817851020392905,0.8479809761047363,0.8279606103897095,0.6983373165130615,27.125956535339355,0.9941137906926546,0.3125,0.7697368421052632,0.7697368421052632,3.0526315789473686,3.038766622543335,0.6409908533096313,0.8249066869417826,0.8773894309997559,0.8479809761047363,0.8479809761047363,119.58076408079997,48,28.72340708029905,37.39547668383102
uci_har,1.0,fedavg_q8,15,1.0,0.0,351.94219882919987,509.27588995124984,0.8739352319733948,0.8739961584409078,0.8739961584409078,0.6989028453826904,55.959516525268555,0.9136050568867545,0.1875,1.0,1.0,4.0,1.506983995437622,0.8611016869544983,0.8949214021364847,0.873430609703064,0.8739961584409078,0.8808958530426025,154.92121241879997,22,15.558171307710255,33.14066695792064
pamap2,1.0,fedavg_paced,5,1.0,0.0,580.1376935400002,733.1568549119996,0.6176261859648353,0.7187599738438925,0.7173750797907511,0.6896772185961405,82.1738018989563,0.9710232625381098,0.2,1.0,1.0,4.0,2.9634461402893066,0.33184191584587097,0.6512197653452555,0.6841376423835754,0.7187599738438925,0.6567593216896057,190.80331018560003,23,91.13582459170405,94.67261722289176
pamap2,0.1,fedavg_single,9,1.0,0.0,52.57369144080001,73.31568549119999,0.4165364498697734,0.41834452748298645,0.41834452748298645,0.17162032425403595,14.36948275566101,0.5802221781290428,0.25,0.32894736842105265,0.32894736842105265,1.1578947368421053,5.60245418548584,0.2968999668955803,0.30243954559167224,0.536167045434316,0.41834452748298645,0.575583279132843,36.742581379200004,6,25.806293918715344,31.814907362040024
pamap2,0.1,fedavg,3,1.0,0.0,41.30377631040002,70.06342471679999,0.22543170463382223,0.19419759511947632,0.18740198016166687,0.16440145671367645,14.742880582809448,0.5636000236015648,0.0,0.3026315789473684,0.3026315789473684,1.0526315789473684,54.881187438964844,0.14989545568823814,0.19724690665801367,0.3131207525730133,0.19419759511947632,0.33716675639152527,37.28178618000001,8,,
pamap2,0.25,oort,8,1.0,0.0,136.52584581600001,180.734893872,0.3303015052162487,0.2934645414352417,0.18369922041893005,0.2916982173919678,30.00814986228943,0.5977900561119661,0.15,0.6842105263157895,0.6842105263157895,2.736842105263158,39.3514404296875,0.25923121968905133,0.3795945743719737,0.3662208716074626,0.2934645414352417,0.5200605392456055,70.6935188784,10,67.02203031987024,70.06648360854973
pamap2,0.1,ecofed_noQ,0,1.0,0.0,71.01169477699999,72.2939575488,0.31278471602494307,0.28110018372535706,0.3159222900867462,0.3393893539905548,17.279243230819702,0.998624146267984,0.7,0.4321786460009851,0.3107703882096403,1.4657894736842105,11.304168701171875,0.2758011519908905,0.31087560455004376,0.30818404257297516,0.28110018372535706,0.33131465315818787,67.0970034746,13,,
uci_har,0.1,ecofed_fixtau,0,1.0,0.0,39.25519567089997,50.92758899512499,0.8308920220404463,0.8819138010342916,0.8870037396748861,0.836896280447642,16.056478023529053,0.8077457161717063,0.1875,0.29130961882129214,0.20568764331751282,1.5442982456140353,1.344467043876648,0.7467481096585592,0.7593032519022623,0.8508087396621704,0.8819138010342916,0.8863250613212585,33.13475322049999,64,6.792087974394269,25.64182889295943
uci_har,0.25,static_depth,15,1.0,0.0,108.2462253203001,127.31897248781246,0.8509893921766627,0.869019349416097,0.8728650609652201,0.8433435161908468,30.526055097579956,0.9767723600090448,0.0625,0.31103527793525226,0.13392758866929935,1.7315789473684209,0.8424940705299377,0.8342947562535604,0.844248374303182,0.8594050606091818,0.869019349416097,0.8771632313728333,104.45649468410008,76,7.545263503237248,13.058811524389197
uci_har,0.25,fedavg_q8,10,1.0,0.0,119.33129810399988,127.31897248781246,0.8480814196636551,0.8517135977745056,0.8517135977745056,0.6637257933616638,27.13517928123474,0.9928968849030935,0.3125,0.756578947368421,0.756578947368421,2.9473684210526314,4.636745452880859,0.7774007618427277,0.8419862190882365,0.8400633335113525,0.8517135977745056,0.8995589017868042,73.28826707760001,14,22.137555673328837,31.130535101763126
pamap2,0.1,oort,15,1.0,0.0,42.3827682888,70.06342471679999,0.25950856270001804,0.17564035952091217,0.17224255204200745,0.22242550551891327,14.799904584884644,0.5608302358014915,0.05,0.3815789473684211,0.3815789473684211,1.368421052631579,48.3948974609375,0.2587558925151825,0.2627635598182678,0.4239414532979329,0.17564035952091217,0.41531625390052795,35.9881591896,8,,
pamap2,0.25,ecofed_noZ,7,1.0,0.0,137.87059170839999,175.15856179199997,0.5027564336328185,0.547220766544342,0.4604460696379344,0.5521867871284485,41.60609292984009,0.8264373038823093,0.25,0.5654050035808416,0.16017098031884122,1.9000000000000001,2.3197736740112305,0.4501655399799347,0.4517337580521901,0.49172330896059674,0.547220766544342,0.5237846374511719,119.1442926204,68,17.3826400759309,17.584754031934782
uci_har,0.25,fedavg_single,4,1.0,0.0,115.20021800039996,127.31897248781245,0.8394589705637516,0.8673226833343506,0.8673226833343506,0.18425516784191132,22.929543018341064,0.9305606518764684,0.1875,0.6842105263157895,0.6842105263157895,2.736842105263158,1.735513687133789,0.7008822560310364,0.8542020320892334,0.8776156703631083,0.8673226833343506,0.8686800003051758,90.31064144999999,20,24.8753181867727,28.018426467813292
uci_har,0.25,fedavg_single,9,1.0,0.0,120.59192979359996,127.31897248781246,0.8461699047179932,0.8873430490493774,0.8873430490493774,0.08143875002861023,22.97298312187195,0.9965289689209499,0.25,0.7039473684210527,0.7039473684210527,2.736842105263158,0.7451090812683105,0.733966737985611,0.8275081912676493,0.88802170753479,0.8873430490493774,0.8530709147453308,37.542330684,5,30.533007866169868,35.339981456358096
pamap2,0.1,ecofed_noZ,2,1.0,0.0,10.828679282699998,71.73992197439999,0.2846395730614837,0.2777227759361267,0.14851485192775726,0.20272277295589447,10.003416776657104,0.48976175048183634,0.0,0.1587601534977585,0.04318121809540574,0.7539473684210526,7.24466609954834,0.43341584006945294,0.2777227759361267,0.2777227759361267,0.2777227759361267,0.5022277235984802,8.0556650898,13,7.348939945674375,7.599112671457415
pamap2,1.0,fedavg,6,1.0,0.0,547.4450241288002,717.399219744,0.5196881999829221,0.5338283975919088,0.5385313630104065,0.330445537964503,76.51108479499817,0.9629247648140596,0.15,1.0,1.0,4.0,25.19719696044922,0.3001650273799896,0.5103135406970978,0.6132838328679403,0.5338283975919088,0.5678218007087708,471.7074003912001,56,113.41052968906196,122.31286236823038
uci_har,1.0,fedavg_single,15,1.0,0.0,378.96949604640025,509.27588995124984,0.8945638748281908,0.8954869508743286,0.8954869508743286,0.1668363263209661,52.513657569885254,0.9465646588220581,0.25,1.0,1.0,4.0,0.7160853743553162,0.8701504270235697,0.9147155483563741,0.909964938958486,0.8954869508743286,0.9056667685508728,92.01359540640003,10,12.178384738800002,12.178384738800002
pamap2,1.0,oort,12,1.0,0.0,572.6259598943997,722.9395754879997,0.40277131045280223,0.4103793402512868,0.4329211910565694,0.3247539699077606,81.95328330993652,0.9731165676114154,0.15,1.0,1.0,4.0,9.749195098876953,0.34754814704259235,0.34687526027361554,0.46109848221143085,0.4103793402512868,0.5195558667182922,338.8470958224001,40,92.43792608331786,330.86369675709545
pamap2,0.25,fedavg_paced,10,1.0,0.0,132.06782414160003,179.34980493599997,0.475676662642748,0.5788778861363729,0.5265676577885946,0.46303629875183105,29.01395869255066,0.5968657856306482,0.05,0.7039473684210527,0.7039473684210527,2.736842105263158,1.9139864444732666,0.27318482597668964,0.44232673446337384,0.4974422554175059,0.5788778861363729,0.5767326951026917,121.96450963920005,64,27.37197828242592,29.566020025112387
uci_har,0.25,ecofed_noZ,4,1.0,0.0,45.4735534577,127.31897248781245,0.8805556153326222,0.906571646531423,0.8615541060765585,0.906571646531423,20.97259211540222,0.6492554611502526,0.0,0.25938493537757196,0.008224977198952498,1.2934210526315788,1.8543143272399902,0.8206085165341696,0.8626852035522461,0.906571646531423,0.906571646531423,0.8357651829719543,12.140693002299999,17,4.3478988933835785,6.588933322000903
pamap2,0.25,fedavg_single,11,1.0,0.0,135.77130140160003,175.15856179199997,0.2981342659147242,0.17642445862293243,0.17642445862293243,0.040773652493953705,27.943289041519165,0.695403813304946,0.15,0.6842105263157895,0.6842105263157895,2.736842105263158,68.21114349365234,0.146105594933033,0.3599059085051219,0.35615960756937665,0.17642445862293243,0.40747517347335815,92.47132366319998,14,,
uci_har,0.25,energy_greedy,8,1.0,0.0,115.20050384640001,127.31897248781246,0.8657393078862582,0.8656260371208191,0.8656260371208191,0.5354598164558411,22.28592085838318,0.9322842029715512,0.125,0.6710526315789473,0.6710526315789473,2.6315789473684212,2.2609097957611084,0.7496889432271322,0.9002375404040018,0.8968442479769388,0.8656260371208191,0.8995589017868042,37.6095793128,6,14.821613289277835,16.481403729636053
uci_har,0.25,ecofed_noQ,1,1.0,0.0,126.70424148765001,127.31897248781246,0.8382047743504021,0.7794367074966431,0.7794367074966431,0.7539871335029602,25.16235327720642,0.9997986237336846,0.8125,0.683489632194265,0.6445734542397282,2.738157894736842,3.171140670776367,0.7061418294906616,0.7882592479387919,0.8804433941841125,0.7794367074966431,0.8805565237998962,42.1405379714,6,32.93916979343449,37.48213345850677
pamap2,0.1,oort,8,1.0,0.0,49.48167949199999,72.29395754879997,0.2635350215272601,0.24097906053066254,0.24097906053066254,0.12364370375871658,14.486657619476318,0.5747354293653806,0.0,0.35526315789473684,0.35526315789473684,1.263157894736842,44.341888427734375,0.2508200854063034,0.24997896949450174,0.31827739874521893,0.24097906053066254,0.2848851978778839,47.23281467279999,10,,
uci_har,0.25,energy_greedy,12,1.0,0.0,111.62728917840002,127.31897248781245,0.8462135857963583,0.824228048324585,0.824228048324585,0.5198506712913513,23.132102966308594,0.8677771367074267,0.0625,0.6710526315789473,0.6710526315789473,2.6315789473684212,7.496243476867676,0.8083927035331726,0.8601968089739481,0.8900576829910278,0.824228048324585,0.8703766465187073,45.6492399048,9,13.616897640143193,21.753375954467096
uci_har,0.25,ecofed_noZ,6,1.0,0.0,46.062378301399995,127.31897248781245,0.8552683286058903,0.8811220526695251,0.8663047353426615,0.8832711378733317,21.882981538772583,0.5336013511554327,0.0,0.2999268104698407,0.011114127118068896,1.3526315789473684,0.7997747659683228,0.8344078660011292,0.9077027440071106,0.8811220526695251,0.8811220526695251,0.8876823782920837,43.634580902399996,76,8.78887128567494,9.916531287423943
uci_har,1.0,ecofed,11,1.0,0.0,177.3641954852,509.2758899512498,0.8705027620604029,0.8818006912867228,0.8820269107818604,0.8682275811831156,39.43174195289612,0.6521977413454612,0.0625,0.7125159208899979,0.44647979430399465,2.6526315789473682,0.9465965032577515,0.8311277230580648,0.8754665851593018,0.8818006912867228,0.8818006912867228,0.8585001826286316,41.69280095359999,15,14.409913416582018,18.691720455994354
uci_har,0.25,ecofed_fixprec,0,1.0,0.0,79.31671932639998,127.31897248781245,0.851354491159749,0.8703766663869222,0.8751272559165955,0.8293179670969645,22.157288551330566,0.6498203365575451,0.0,0.33716548607991054,0.21662060109741468,1.7618421052631583,0.22844170033931732,0.8071485161781311,0.8649473985036215,0.8536364634831747,0.8703766663869222,0.8656260371208191,23.029709666899997,23,8.260047062557911,9.758812794454778
uci_har,0.1,fedavg_q8,5,1.0,0.0,37.05705542400001,50.92758899512499,0.8379616835762249,0.8629114627838135,0.8669833540916443,0.49270445108413696,13.854130268096924,0.6140597634754371,0.125,0.4605263157894737,0.4605263157894737,1.6842105263157894,3.5013105869293213,0.7426196336746216,0.7663160363833109,0.8881348172823588,0.8629114627838135,0.8629114627838135,37.05705542400001,18,16.015044400006097,18.700746274394735
pamap2,1.0,fedavg_paced,12,1.0,0.0,570.8103442872001,722.9395754879997,0.4530253193206214,0.5373033881187439,0.48347211877504986,0.5373033881187439,82.01865744590759,0.9679680662258897,0.15,1.0,1.0,4.0,3.3027448654174805,0.32155774037043255,0.4356968601544698,0.4469677805900574,0.5373033881187439,0.5142568945884705,484.7410979207999,64,108.5492112609348,110.96637769279094
pamap2,0.25,fedavg_q8,5,1.0,0.0,137.02521529920003,183.2892137279999,0.42534847802993225,0.32917866110801697,0.32917866110801697,0.4212208390235901,35.33901619911194,0.5970248564362682,0.1,0.7039473684210527,0.7039473684210527,2.736842105263158,29.52134895324707,0.34142964084943134,0.44817299644152325,0.608288049697876,0.32917866110801697,0.4445509612560272,42.669381794399996,6,46.46531936975573,50.31184021006478
uci_har,0.1,ecofed,9,1.0,0.0,44.142473456,50.927588995125,0.8149068521610447,0.8528446952501932,0.8364438414573669,0.7841872970263163,15.111867904663086,0.8981757831567491,0.125,0.3044427606082934,0.24296498874377576,1.7407894736842107,3.998713731765747,0.7721977233886719,0.796968678633372,0.8289786179860433,0.8528446952501932,0.8564642071723938,39.24163904874999,68,6.15826382044927,12.112238519333255
pamap2,1.0,fedavg_single,13,1.0,0.0,564.4984909271996,733.1568549119997,0.47358083804201623,0.388089915116628,0.388089915116628,0.1241078053911527,74.18747329711914,0.9640362699008976,0.15,1.0,1.0,4.0,19.937280654907227,0.3985298772652944,0.5205070873101553,0.5324384868144989,0.388089915116628,0.4998401999473572,204.71622087600002,17,101.50509545964687,104.22796659211048
pamap2,1.0,static_depth,0,1.0,0.0,442.07470141839957,722.9395754879997,0.4932941957301278,0.5391538540522257,0.3941458463668823,0.5391538540522257,59.00611400604248,0.876702927521839,0.15,0.6223006363703227,0.19211224735538024,2.473684210526316,5.571102142333984,0.4095382293065389,0.5348641475041708,0.5137522021929423,0.5391538540522257,0.39919254183769226,224.1083744199999,40,108.89107196299443,145.23408845301043
uci_har,0.1,energy_greedy,13,1.0,0.0,37.1412327996,50.92758899512501,0.7961012891345713,0.7017305493354797,0.7017305493354797,0.44553783535957336,11.11598539352417,0.6200481542240779,0.0,0.35526315789473684,0.35526315789473684,1.263157894736842,37.69491195678711,0.7874109148979187,0.8020585775375366,0.8568035165468851,0.7017305493354797,0.8696979880332947,28.690821201599995,7,9.148490317224423,17.582230440546287
pamap2,0.1,ecofed_noZ,3,1.0,0.0,12.584093943900001,70.06342471679999,0.15883755735197383,0.13382121920585632,0.12415055185556412,0.24385781586170197,10.602937459945679,0.5088337400255843,0.0,0.183482970240193,0.04329869437783107,0.9100877192982455,9.719451904296875,0.32453388969103497,0.13382121920585632,0.13382121920585632,0.13382121920585632,0.4806586503982544,9.861711399899999,18,9.693042168731544,9.778772370397611
uci_har,0.25,static_depth,4,1.0,0.0,104.12934501859999,127.31897248781245,0.841400551409876,0.8441352844238281,0.835425853729248,0.8569166461626688,30.53341507911682,0.9703785692715943,0.125,0.31167171791671106,0.06757449475040292,1.6473684210526314,1.2208141088485718,0.8151792685190836,0.8735436995824178,0.8708290855089823,0.8441352844238281,0.8588395118713379,63.798683621599984,44,7.792631139248681,20.440929185649907
uci_har,1.0,energy_greedy,8,1.0,0.0,352.46159852880044,509.27588995124984,0.8781739548622467,0.8840628862380981,0.8840628862380981,0.6844248374303182,59.74309468269348,0.9229272346532155,0.125,1.0,1.0,4.0,2.927706241607666,0.8804434140523275,0.876823902130127,0.8853070735931396,0.8840628862380981,0.9043094515800476,60.7844784888,11,14.821613289277835,16.481403729636053
uci_har,1.0,fedavg_q8,5,1.0,0.0,353.072898936,509.2758899512498,0.8742210757385649,0.8873430490493774,0.8873430490493774,0.6899671753247579,58.924190521240234,0.9157149448889921,0.1875,1.0,1.0,4.0,2.631120443344116,0.8775025606155396,0.8730912804603577,0.8778418699900309,0.8873430490493774,0.8649473786354065,251.23745934479996,44,29.475625227489346,37.76829730338336
uci_har,0.1,static_depth,13,1.0,0.0,48.88740239719998,50.92758899512501,0.8455812529161211,0.8520529270172119,0.11808618903160095,0.8452664017677307,21.0102641582489,0.9950110436045375,0.3125,0.41585343731632185,0.0,1.3263157894736843,3.722322940826416,0.8268295526504517,0.8503562808036804,0.8655129472414652,0.8520529270172119,0.8500169515609741,45.65615117359998,56,4.106278172681722,10.20277145336782
uci_har,0.1,fedavg_single,9,1.0,0.0,36.91205320080001,50.927588995125,0.8273178717023186,0.8720732927322388,0.8720732927322388,0.17339667677879333,10.319759368896484,0.6145402426931474,0.0,0.3815789473684211,0.3815789473684211,1.368421052631579,1.1073557138442993,0.6871394515037537,0.7956113616625468,0.8189118703206381,0.8720732927322388,0.8479809761047363,31.768612076400004,9,13.01654407101957,15.969701342527143
uci_har,1.0,fedavg_paced,15,1.0,0.0,388.44141753360003,509.27588995124984,0.8757566600899431,0.8834973375002543,0.8889265855153402,0.7824906508127848,58.892542600631714,0.955189126954327,0.25,1.0,1.0,4.0,0.9048216342926025,0.86325075229009,0.8937903046607971,0.8899445732434591,0.8834973375002543,0.9039701223373413,208.8033996468,40,25.26207215478177,31.081071238512997
pamap2,1.0,static_depth,11,1.0,0.0,433.2841310287998,700.6342471679999,0.5843252805953595,0.6158738334973654,0.4634082516034444,0.6158738334973654,59.635539293289185,0.8808900479507874,0.2,0.6790556582048796,0.26682211043667226,2.689473684210526,1.1134806871414185,0.4230702221393585,0.6024568676948547,0.6101237138112386,0.6158738334973654,0.6178776621818542,369.4932893251999,68,52.77243086199662,54.978997521725795
pamap2,1.0,fedprox,4,1.0,0.0,554.1005435424003,722.9395754879997,0.33728656501788246,0.2995205620924632,0.3049036959807078,0.2724367082118988,85.29891920089722,0.9581347977327603,0.15,1.0,1.0,4.0,49.9089241027832,0.2934645513693492,0.4387248655160268,0.38951972126960754,0.2995205620924632,0.4731264114379883,195.41703700080006,16,187.3134082860328,190.57092802775065
uci_har,0.1,ecofed_fixtau,4,1.0,0.0,39.1591702856,50.92758899512499,0.8247227237284223,0.8634769717852274,0.8716208537419637,0.8469630082448324,15.76151967048645,0.8491516937868697,0.0625,0.2669499258854059,0.2059135132192663,1.4482456140350877,2.137341022491455,0.7380386789639791,0.8209478656450907,0.8250197966893514,0.8634769717852274,0.8649473786354065,39.1591702856,80,8.252922911237764,27.12667808872427
uci_har,1.0,fedavg,12,1.0,0.0,380.9058352656002,509.2758899512498,0.8564987775367153,0.8613278865814209,0.867096483707428,0.6025336583455404,57.68263268470764,0.9476760878090842,0.25,1.0,1.0,4.0,1.0830957889556885,0.8465105692545573,0.8810089230537415,0.8363307317097982,0.8613278865814209,0.8727519512176514,147.59118684,20,24.233833955838033,37.6957024519952
pamap2,0.25,ecofed_fixdepth,0,1.0,0.0,57.69745384680001,180.73489387199993,0.3154783885870046,0.35023972392082214,0.30280089378356934,0.2578854262828827,18.87440848350525,0.4815490714785147,0.0,0.5657894736842105,0.5657894736842105,2.0,11.903526306152344,0.26040878891944885,0.25317520399888355,0.35023972392082214,0.35023972392082214,0.35023972392082214,57.69745384680001,64,,
uci_har,0.1,oort,6,1.0,0.0,36.025229518799996,50.92758899512499,0.8000479085967847,0.842212438583374,0.842212438583374,0.26467594504356384,12.076646566390991,0.617045537983325,0.0,0.35526315789473684,0.35526315789473684,1.263157894736842,2.3563382625579834,0.6937563419342041,0.7288768092791239,0.8375749190648397,0.842212438583374,0.8520529270172119,33.6584703456,10,16.970587811086915,20.62422851358093
pamap2,1.0,static_depth,2,1.0,0.0,485.39081278079993,717.399219744,0.6209192537899698,0.704042891661326,0.6712046066919962,0.704042891661326,62.684077739715576,0.893670013818477,0.4,0.6358766189098873,0.47158183481247545,2.768421052631579,5.607969760894775,0.4660891095797221,0.6094059348106384,0.5888613859812418,0.704042891661326,0.7264851331710815,462.4203753131999,76,50.747523693122446,54.39767860675728
uci_har,0.1,ecofed_noQ,0,1.0,0.0,50.293914146000006,50.92758899512499,0.7666656203780711,0.8439090847969055,0.8439090847969055,0.7651849389076233,13.682255029678345,0.9992527598741051,0.625,0.4047680705779475,0.31800515148767555,1.4210526315789473,13.35600757598877,0.5987444818019867,0.6327338417371114,0.8299965858459473,0.8439090847969055,0.8663046956062317,49.295013853700006,15,25.808729868049515,28.710063707366423
pamap2,1.0,fedavg,2,1.0,0.0,549.8986983143998,717.399219744,0.5705052965759537,0.5859735806783041,0.584900975227356,0.37615511814753216,75.96299242973328,0.9593609307618733,0.25,1.0,1.0,4.0,19.188213348388672,0.3136138617992401,0.5041254063447317,0.6702970266342163,0.5859735806783041,0.7051980495452881,456.3651546095998,52,107.73228989552979,112.33157269877441
pamap2,1.0,fedavg_paced,7,1.0,0.0,580.5252147168001,700.6342471679999,0.5214864543062115,0.5765812993049622,0.5765812993049622,0.6426206827163696,82.09017777442932,0.9750326567841503,0.35,1.0,1.0,4.0,1.7490094900131226,0.3417842934528987,0.5377243359883627,0.5663007497787476,0.5765812993049622,0.6476737856864929,160.8213272784,20,88.44932568779805,90.25239846152331
uci_har,0.1,oort,14,1.0,0.0,36.89122132199999,50.92758899512501,0.8106753773878477,0.8042076826095581,0.8042076826095581,0.374618262052536,11.55016040802002,0.6188891660176684,0.0,0.35526315789473684,0.35526315789473684,1.263157894736842,13.111909866333008,0.7387173175811768,0.8105417887369791,0.8554462194442749,0.8042076826095581,0.8411944508552551,26.9920895088,7,12.425509035402944,18.565389242840734
pamap2,1.0,energy_greedy,5,1.0,0.0,512.5269737256,733.1568549119996,0.6727628425471431,0.6866943637530009,0.6866943637530009,0.4462554653485616,92.09763216972351,0.8931871229611895,0.1,1.0,1.0,4.0,3.7255260944366455,0.5894321799278259,0.6578246553738912,0.7129008372624716,0.6866943637530009,0.7216362953186035,300.01960380479994,44,21.870000720118448,23.01360307767099
pamap2,0.25,fedavg,7,1.0,0.0,142.18200943200003,175.15856179199997,0.33622744733717935,0.3034500777721405,0.24986931681632996,0.3034500777721405,31.470178842544556,0.7942265180581204,0.15,0.6644736842105263,0.6644736842105263,2.6315789473684212,39.436180114746094,0.23836904764175415,0.2659871031840642,0.4069524308045705,0.3034500777721405,0.3418714106082916,91.68783814080001,12,125.67601209435026,
uci_har,0.25,fedavg_q8,14,1.0,0.0,119.52761111039993,127.31897248781245,0.8402811304343929,0.8469629883766174,0.8469629883766174,0.5497115850448608,27.82563829421997,0.9953068835067003,0.1875,0.75,0.75,2.9473684210526314,4.726537227630615,0.7390566468238831,0.8312407930692037,0.8874561786651611,0.8469629883766174,0.88802170753479,45.622851318,7,27.909163404575832,32.10399244293491
pamap2,1.0,energy_greedy,14,1.0,0.0,472.0364842680004,717.399219744,0.4671500640165358,0.4636138578255971,0.4632013241449992,0.38044553995132446,83.94185519218445,0.8559294547260423,0.0,1.0,1.0,4.0,18.625051498413086,0.44760725895563763,0.43844884634017944,0.44884487986564636,0.4636138578255971,0.47623762488365173,472.0364842680004,80,40.10660123868214,46.20270133470565
uci_har,0.1,oort,0,1.0,0.0,36.657019779600006,50.92758899512499,0.8197097362298045,0.8225314021110535,0.8764845728874207,0.4743807315826416,12.230323791503906,0.6168001876923125,0.0,0.35526315789473684,0.35526315789473684,1.263157894736842,5.837461948394775,0.5795724391937256,0.7587376832962036,0.8851939837137858,0.8225314021110535,0.9060060977935791,32.9659942608,9,15.226120747015493,17.13924966773067
pamap2,1.0,fedavg_single,12,1.0,0.0,559.7189328912002,722.9395754879997,0.4949982741818891,0.5489107569058737,0.5489107569058737,0.05761628473798434,74.10955786705017,0.9615971896074887,0.15,1.0,1.0,4.0,6.731052398681641,0.37269745270411175,0.46538816889127094,0.5899570981661478,0.5489107569058737,0.6207418441772461,495.79197253919995,60,180.24154553454767,185.61428112860492
uci_har,0.1,fedavg_paced,0,1.0,0.0,36.65701977959999,50.92758899512499,0.797703076120468,0.8527315855026245,0.8652867078781128,0.6141839027404785,12.230334758758545,0.6168001876923125,0.0,0.3201754385964912,0.3201754385964912,0.8421052631578947,5.824029922485352,0.6515100300312042,0.8341816465059916,0.8796516259511312,0.8527315855026245,0.8289785981178284,12.0975037728,11,12.0975037728,13.31501838451986
pamap2,0.25,static_depth,12,1.0,0.0,172.6445504391999,180.73489387199993,0.3570543299748045,0.33838000893592834,0.26772648096084595,0.2805955111980438,35.851632595062256,0.9945924469121418,0.2,0.25546323288283507,0.25546323288283507,1.5986842105263157,10.244336128234863,0.21986710031827292,0.390444944302241,0.33442678054173786,0.33838000893592834,0.4693413972854614,153.69981466719995,52,144.90690366159956,153.37293116335343
pamap2,0.25,energy_greedy,10,1.0,0.0,132.06782414160003,179.34980493599997,0.3766813378231497,0.2777227759361267,0.2757425606250763,0.19777227938175201,29.232940435409546,0.5968657856306482,0.05,0.6907894736842105,0.6907894736842105,2.736842105263158,28.25176239013672,0.2274752507607142,0.38910891612370807,0.4948844810326894,0.2777227759361267,0.513861358165741,94.6539163512,17,58.13187357619575,62.22665307320391
pamap2,1.0,fedavg_q8,4,1.0,0.0,522.3540505799999,722.9395754879997,0.3459518398100445,0.3089410364627838,0.309277484814326,0.27496005098025006,77.5684883594513,0.9397305893272704,0.05,1.0,1.0,4.0,37.40896224975586,0.2959037820498149,0.4082765579223633,0.40070653955141705,0.3089410364627838,0.4547060430049896,190.4630530008,16,186.4777578429259,188.47042765456848
uci_har,0.1,ecofed_noQ,2,1.0,0.0,50.184034886899994,50.927588995125,0.8047367954213871,0.783847987651825,0.783847987651825,0.6640651226043701,13.016817331314087,0.9986639032276566,0.5625,0.451294632244002,0.3681431719871485,1.5986842105263157,5.989313125610352,0.7239565551280975,0.7649586995442709,0.8309014836947123,0.783847987651825,0.8160841464996338,25.1704165052,5,16.941517240839826,19.827393347044804
uci_har,0.25,energy_greedy,6,1.0,0.0,113.10065545199998,127.31897248781245,0.8446858023300604,0.8601968288421631,0.8629114627838135,0.5273159146308899,25.204073667526245,0.8707575069050378,0.125,0.6973684210526315,0.6973684210526315,2.736842105263158,2.910365581512451,0.7845266262690226,0.8560117483139038,0.8770501216252645,0.8601968288421631,0.8618934750556946,83.80434155159996,19,20.002876693975544,29.82207723378013
pamap2,0.1,ecofed_fixprec,4,1.0,0.0,30.803961187200017,72.29395754879998,0.33953689602777504,0.3043990284204483,0.29481033484141034,0.25796955823898315,12.240993738174438,0.28433514924211495,0.0,0.3881454842413666,0.29373886695338286,1.6671052631578949,13.149850845336914,0.18605433901151022,0.31281015276908875,0.3043990284204483,0.3043990284204483,0.31062325835227966,17.165219769300002,40,,
pamap2,0.25,fedavg_paced,5,1.0,0.0,139.1187786648,183.2892137279999,0.5000829095555024,0.645786722501119,0.6190476020177206,0.5973154306411743,30.941027402877808,0.5972196470617929,0.3,0.6381578947368421,0.6381578947368421,2.736842105263158,3.3265609741210938,0.29881751537323,0.35293490688006085,0.6017896930376688,0.645786722501119,0.48705655336380005,111.03602601360001,56,51.351406347636804,51.4996676952
pamap2,0.25,ecofed_fixdepth,5,1.0,0.0,62.089230291600025,183.2892137279999,0.36462357051362093,0.3761585056781769,0.3467561602592468,0.3761585056781769,19.52963399887085,0.4911632236053217,0.0,0.5394736842105263,0.5394736842105263,2.1052631578947367,6.974496841430664,0.3547459344069163,0.32310642302036285,0.3761585056781769,0.3761585056781769,0.2553531527519226,8.1962426664,2,59.8499470847791,
pamap2,0.1,fedavg_paced,8,1.0,0.0,49.481679492000005,72.29395754879997,0.2569728929718215,0.31163260340690613,0.31163260340690613,0.24955841898918152,14.641514301300049,0.5747354293653806,0.0,0.3092105263157895,0.3092105263157895,0.9473684210526315,9.428949356079102,0.16326015815138817,0.15426024297873178,0.2918664316336314,0.31163260340690613,0.2715114951133728,40.233165652800004,44,,
uci_har,0.25,energy_greedy,7,1.0,0.0,116.765286108,127.31897248781245,0.8589043699423035,0.8235493898391724,0.8235493898391724,0.6185951828956604,25.552664756774902,0.9326775383033705,0.25,0.6710526315789473,0.6710526315789473,2.6315789473684212,7.988796234130859,0.8158579270044962,0.8615541060765585,0.8788598577181498,0.8235493898391724,0.8897183537483215,40.396121952,7,12.243339125395384,20.547802100754886
pamap2,0.1,oort,6,1.0,0.0,46.26925878,71.7399219744,0.28117012364005495,0.33465346693992615,0.34529703855514526,0.1329207867383957,14.479753494262695,0.5601004454621428,0.05,0.32894736842105265,0.32894736842105265,1.1578947368421053,12.998189926147461,0.16819306463003159,0.23267326255639395,0.2877887785434723,0.33465346693992615,0.33465346693992615,46.26925878,13,,
pamap2,0.25,ecofed,5,1.0,0.0,152.7141571374001,183.2892137279999,0.5926316143203141,0.6354532837867737,0.4413550595442454,0.7102375825246176,39.4255211353302,0.8204430064300797,0.3,0.5815378592889227,0.30991092194609765,2.2530701754385962,3.5042948722839355,0.4221796045700709,0.6482369105021158,0.6609140435854594,0.6354532837867737,0.5813359022140503,93.0989948935,48,12.615864685126207,13.292372932069075
uci_har,0.1,oort,13,1.0,0.0,37.1412327996,50.92758899512501,0.8246321769627696,0.8598574995994568,0.8598574995994568,0.5215473175048828,11.180298805236816,0.6200481542240779,0.0,0.35526315789473684,0.35526315789473684,1.263157894736842,1.3630456924438477,0.5748218297958374,0.7631489634513855,0.8830448985099792,0.8598574995994568,0.8598574995994568,37.1412327996,12,15.518270841141101,17.852181635999116
pamap2,1.0,fedprox,13,1.0,0.0,564.4984909271996,733.1568549119997,0.5002793806662477,0.4345371226469676,0.4345371226469676,0.2766592154900233,97.50858116149902,0.9640362699008976,0.15,1.0,1.0,4.0,60.966026306152344,0.3702993492285411,0.5499094625314077,0.5974219640096029,0.4345371226469676,0.5675934553146362,482.61430326239997,56,101.56033669842499,104.67433925421761
uci_har,1.0,fedavg_q8,14,1.0,0.0,352.77190896360054,509.2758899512498,0.8788085011102512,0.8794253865877787,0.8794253865877787,0.7048976421356201,55.640724182128906,0.9131595812565131,0.4375,1.0,1.0,4.0,10.924635887145996,0.857369085152944,0.8838366667429606,0.8952607115109762,0.8794253865877787,0.8747879266738892,323.6459488548001,64,27.418531277429253,36.61167016065118
uci_har,0.1,ecofed,4,1.0,0.0,44.16691402154999,50.92758899512499,0.8371277505118337,0.8532971342404684,0.8553331096967062,0.881687581539154,16.905325412750244,0.8978062421864235,0.0625,0.3107661356981924,0.25663502676916555,1.6030701754385965,3.565244197845459,0.7859970728556315,0.7771745324134827,0.8699242273966471,0.8532971342404684,0.8625721335411072,42.82065698344999,76,6.764183397539907,11.204969174019716
pamap2,0.25,fedprox,2,1.0,0.0,134.08023368639996,179.349804936,0.4301485622898593,0.4309405982494354,0.30915841460227966,0.23985148966312408,34.69826364517212,0.5978447912627829,0.05,0.6776315789473685,0.6776315789473685,2.6315789473684212,75.16703796386719,0.27995049953460693,0.34669966499010724,0.5470297038555145,0.4309405982494354,0.6331683397293091,86.0593322952,13,61.4306783144357,63.122958328688114
uci_har,0.25,static_depth,8,1.0,0.0,109.1298847398,127.31897248781246,0.8228945002436114,0.8391584753990173,0.8505825201670328,0.8391584753990173,29.866381406784058,0.9801808789368947,0.125,0.3028567074319093,0.12571028771643486,1.6736842105263157,0.3190889060497284,0.8083927035331726,0.7991177439689636,0.854880670706431,0.8391584753990173,0.8439090847969055,96.0256247334,68,9.445289575990957,47.99508236776583
uci_har,1.0,fedavg_q8,4,1.0,0.0,357.48977864519935,509.2758899512498,0.861142407669685,0.8493382930755615,0.857369085152944,0.6601063211758932,60.912909507751465,0.9193829386278077,0.25,1.0,1.0,4.0,3.904385805130005,0.8917543292045593,0.8801040450731913,0.8818006912867228,0.8493382930755615,0.84764164686203,349.87939887239946,76,24.027853028454256,27.498698645811455
pamap2,1.0,fedprox,14,1.0,0.0,552.2766668016001,717.399219744,0.46084450776496677,0.37995049357414246,0.414026399453481,0.37995049357414246,95.5553150177002,0.962116535549347,0.25,1.0,1.0,4.0,18.10638427734375,0.4008250832557678,0.5692244172096252,0.5647689700126648,0.37995049357414246,0.6366336345672607,249.95661606240003,22,90.37946564711295,95.79376798347171
pamap2,1.0,fedavg_single,10,1.0,0.0,548.6418858072002,717.3992197439999,0.5474689310084959,0.6110561092694601,0.6110561092694601,0.021452144409219425,72.84504318237305,0.9625518757390459,0.15,1.0,1.0,4.0,3.9144065380096436,0.33465346693992615,0.4643564422925313,0.5044554471969604,0.6110561092694601,0.66410893201828,474.3038724887999,56,105.30560204627297,108.49021723866551
uci_har,0.25,ecofed,11,1.0,0.0,72.82678330169998,127.31897248781245,0.7988931159539394,0.8060174187024435,0.796968678633372,0.8066960771878561,26.951849460601807,0.5966145439550897,0.0,0.36023621658220045,0.2524701665209484,1.9986842105263158,1.8916192054748535,0.7847528656323751,0.7939147154490153,0.8080533941586813,0.8060174187024435,0.8076009750366211,58.985871937849986,64,11.00844449035423,
uci_har,0.25,ecofed_noQ,2,1.0,0.0,126.3687245261,127.31897248781246,0.7941840255556463,0.8184594511985779,0.8184594511985779,0.7410926222801208,24.753249406814575,0.9996245323195944,0.75,0.6888142627160863,0.6357401469369819,2.6508771929824566,1.3012038469314575,0.551068902015686,0.7500282923380533,0.8822531302769979,0.8184594511985779,0.8764845728874207,41.760106015199995,6,37.698512526982945,41.33260823213567
uci_har,0.1,fedavg_q8,10,1.0,0.0,37.162008412800006,50.92758899512501,0.8058764166128228,0.7892772555351257,0.7892772555351257,0.4190702438354492,12.27500581741333,0.6155167343733504,0.0,0.4605263157894737,0.4605263157894737,1.6842105263157894,7.731741428375244,0.7270105183124542,0.7611129879951477,0.8551068902015686,0.7892772555351257,0.8751272559165955,34.0980734472,13,15.352733473307051,18.6969405661255
pamap2,1.0,fedavg,12,1.0,0.0,559.7189328912002,722.9395754879997,0.4345585421041196,0.4852384527524312,0.4611825942993164,0.3628564178943634,82.34500527381897,0.9615971896074887,0.15,1.0,1.0,4.0,15.09116268157959,0.34695937236150104,0.4026410977045695,0.5161914527416229,0.4852384527524312,0.477668434381485,452.1681080327999,52,196.25790602239135,329.95540173491685
pamap2,0.1,static_depth,7,1.0,0.0,64.24562357200003,70.06342471679999,0.394623327659072,0.2799268066883087,0.07605854421854019,0.2799268066883087,22.330007076263428,0.9826327321359138,0.2,0.34006436262874307,0.0,1.0842105263157895,2.688995361328125,0.21001045405864716,0.308328981200854,0.4901550809542338,0.2799268066883087,0.541557788848877,38.7132212404,18,30.414005968238005,31.445757077908464
uci_har,0.1,fedprox,3,1.0,0.0,37.28482158239999,50.92758899512501,0.8168770997103574,0.861214816570282,0.861214816570282,0.44655582308769226,13.30602741241455,0.6211168231357659,0.0,0.35526315789473684,0.35526315789473684,1.263157894736842,0.9874422550201416,0.7147946953773499,0.7448252439498901,0.8463974793752035,0.861214816570282,0.8642687201499939,34.423145651999995,10,16.800191130489853,21.75944092364034
uci_har,0.25,fedavg_paced,1,1.0,0.0,119.50675855320003,127.31897248781246,0.8417940041732657,0.8884741465250651,0.8917543292045593,0.6904196341832479,23.359372854232788,0.9949554252582143,0.3125,0.7763157894736842,0.7763157894736842,3.0526315789473686,5.229640007019043,0.6450628042221069,0.8842891057332357,0.8926592071851095,0.8884741465250651,0.9039701223373413,115.32635936280003,72,29.63539454703224,31.319483133600002
uci_har,1.0,ecofed,4,1.0,0.0,174.32642242999995,509.2758899512498,0.8547092624599821,0.8618934551874796,0.8566904266675314,0.8903970122337341,37.317728996276855,0.6261506038160661,0.0625,0.5993207286261133,0.4158084849266303,2.3947368421052637,0.33394014835357666,0.853523333867391,0.8793122967084249,0.8618934551874796,0.8618934551874796,0.8917543292045593,88.1581151861,36,21.25138700279124,23.875529825211085
uci_har,0.25,energy_greedy,14,1.0,0.0,120.30016476000003,127.31897248781245,0.8558649496446149,0.8286392688751221,0.8123515248298645,0.5086528658866882,23.03122639656067,0.9959590918939996,0.1875,0.6907894736842105,0.6907894736842105,2.736842105263158,4.359491348266602,0.8328243295351664,0.8441352645556132,0.8720732927322388,0.8286392688751221,0.876823902130127,105.7625638164,24,12.78437178608027,16.32280019290386
uci_har,1.0,static_depth,0,1.0,0.0,269.307987274,509.2758899512498,0.8830216345855006,0.8942427237828573,0.8927722970644633,0.8844022154808044,44.122066020965576,0.8826885341254542,0.0625,0.6845953332928835,0.48602864905016535,2.8421052631578942,0.36041370034217834,0.8470761179924011,0.8638163208961487,0.8957131505012512,0.8942427237828573,0.8564642071723938,76.59149313399999,23,15.611141110135794,26.091598164047266
pamap2,0.1,ecofed_fixdepth,0,1.0,0.0,6.7574324496000004,72.2939575488,0.26932326924633776,0.2740348279476166,0.2228109985589981,0.10598031431436539,8.054501056671143,0.16935289934383313,0.0,0.18640350877192982,0.18640350877192982,0.631578947368421,11.02155590057373,0.2740348279476166,0.2740348279476166,0.2740348279476166,0.2740348279476166,0.2740348279476166,6.7574324496000004,36,,
uci_har,0.1,ecofed_fixtau,7,1.0,0.0,39.343917119900006,50.927588995125,0.8150314774596286,0.8590657114982605,0.846623698870341,0.8281868497530619,16.354543209075928,0.8190501932752341,0.0625,0.3145759969159235,0.25097111283835494,1.669736842105263,2.4729080200195312,0.7720845937728882,0.8039814631144205,0.8572559754053751,0.8590657114982605,0.8673226833343506,21.535770051000004,40,6.100072174102256,16.597547073663836
uci_har,0.25,ecofed_fixdepth,4,1.0,0.0,6.1662096066,127.31897248781245,0.743012569625169,0.7495758533477783,0.7495758533477783,0.4241601526737213,6.150887966156006,0.24362458860432523,0.0,0.1337719298245614,0.1337719298245614,0.42105263157894735,4.996829986572266,0.7495758533477783,0.7495758533477783,0.7495758533477783,0.7495758533477783,0.7332881093025208,5.5414922616,9,,
uci_har,0.25,oort,7,1.0,0.0,116.76528610800005,127.31897248781245,0.8577746428827964,0.8707159757614136,0.8707159757614136,0.6114692687988281,25.385910272598267,0.9326775383033705,0.25,0.6776315789473685,0.6776315789473685,2.6315789473684212,1.135618805885315,0.7432417273521423,0.877276341120402,0.861214796702067,0.8707159757614136,0.8785205483436584,31.679448124799997,7,17.74155679775646,20.670684798436685
uci_har,1.0,oort,13,1.0,0.0,368.2375373651999,509.2758899512498,0.8556026456641155,0.8502431710561117,0.8504694104194641,0.7070467074712118,62.44129276275635,0.878929061138553,0.1875,1.0,1.0,4.0,2.6950366497039795,0.8583870530128479,0.8591788411140442,0.8596312602361044,0.8502431710561117,0.8551068902015686,308.0011856820002,64,11.417755648939332,19.521187543502645
uci_har,0.25,fedavg,8,1.0,0.0,115.20050384639993,127.31897248781246,0.8578896344419759,0.8690193295478821,0.8690193295478821,0.4886325001716614,22.664273262023926,0.9322842029715512,0.125,0.6907894736842105,0.6907894736842105,2.736842105263158,2.479498863220215,0.7716321647167206,0.8823662598927816,0.8669833540916443,0.8690193295478821,0.8849677443504333,54.92086905359999,9,18.378743529908473,24.055015930296538
pamap2,0.25,fedavg_single,10,1.0,0.0,132.06782414159994,179.34980493599997,0.39238821508953414,0.34504950046539307,0.34504950046539307,0.04925742745399475,27.543781280517578,0.5968657856306482,0.05,0.6776315789473685,0.6776315789473685,2.6315789473684212,50.18223571777344,0.20090759048859277,0.3598184784253438,0.5465346574783325,0.34504950046539307,0.5126237869262695,113.58641711519996,22,51.088800781035694,52.44538747105699
uci_har,0.25,ecofed,6,1.0,0.0,70.81852482999999,127.31897248781245,0.8629000382427525,0.8874561587969462,0.8879086176554362,0.8790860573450724,27.205721378326416,0.622743970225976,0.0,0.3552169922144331,0.2475651872592838,1.763157894736842,0.4881254732608795,0.7965162396430969,0.8634769717852274,0.8882479270299276,0.8874561587969462,0.8829317688941956,67.47944120209999,76,6.542265087751852,16.36868290946408
uci_har,1.0,ecofed,6,1.0,0.0,178.74005260590002,509.2758899512498,0.8752580964244993,0.8858726421991984,0.891867438952128,0.8443615039189657,40.46989965438843,0.6507154613279376,0.0625,0.682242038968342,0.4683349666790573,2.5473684210526324,0.3788318336009979,0.8773894309997559,0.8770501017570496,0.8858726421991984,0.8858726421991984,0.8686800003051758,46.5960741042,17,14.989971280831089,21.864760338303423
uci_har,0.1,fedavg,14,1.0,0.0,36.891221322,50.92758899512501,0.801211780426449,0.7702748775482178,0.7702748775482178,0.3267729878425598,11.187250852584839,0.6188891660176684,0.0,0.40789473684210525,0.40789473684210525,1.4736842105263157,31.571216583251953,0.7845266163349152,0.793122927347819,0.8495645125706991,0.7702748775482178,0.8493382930755615,24.6641319348,6,11.74400812688549,20.74488339660865
pamap2,0.1,static_depth,0,1.0,0.0,64.33532530040004,72.2939575488,0.25904198696705033,0.16174615919589996,0.14181175827980042,0.16174615919589996,22.27859401702881,0.9517363329611196,0.2,0.3501172930354719,0.0,1.131578947368421,3.184957265853882,0.17478341857592264,0.2876608669757843,0.3397257924079895,0.16174615919589996,0.2788291573524475,59.236860527600044,36,,
pamap2,1.0,oort,2,1.0,0.0,566.1779327879997,717.399219744,0.6044037139772015,0.6664191484451294,0.6664191484451294,0.5485148628552755,84.04129433631897,0.9689055353550031,0.25,1.0,1.0,4.0,7.7732672691345215,0.4376237591107686,0.5320132076740265,0.6688943902651469,0.6664191484451294,0.6846534609794617,429.11199988799996,52,67.66691628051456,89.70941375586052
uci_har,0.1,ecofed_noZ,1,1.0,0.0,37.010643271099994,50.92758899512499,0.8189608610457811,0.8528446952501932,0.8367831707000732,0.8528446952501932,19.178460836410522,0.8565982841021089,0.1875,0.2011717617765741,0.05178724526678515,1.2131578947368422,1.7671335935592651,0.7503676017125448,0.8007012804349264,0.8410813212394714,0.8528446952501932,0.870037317276001,28.208432171299997,56,7.107188095285631,24.41358227564019
pamap2,0.25,fedavg,0,1.0,0.0,131.64275950560005,180.73489387199993,0.27393003436440344,0.1902599036693573,0.20565228164196014,0.13398940861225128,29.120586156845093,0.5954570556205676,0.15,0.6842105263157895,0.6842105263157895,2.736842105263158,39.789302825927734,0.18512911101182303,0.2879131982723872,0.3128942648569743,0.1902599036693573,0.3128942847251892,112.73039217360001,22,79.19768748357272,
pamap2,0.1,fedavg_q8,4,1.0,0.0,49.787107862400006,72.29395754879998,0.29510614460487694,0.32652032375335693,0.37850114703178406,0.2122129648923874,16.54454255104065,0.5727421847588806,0.1,0.3815789473684211,0.3815789473684211,1.368421052631579,13.981330871582031,0.22394650429487228,0.30145512024561566,0.2791656156380971,0.32652032375335693,0.32652032375335693,49.787107862400006,15,,
pamap2,0.25,ecofed_fixtau,4,1.0,0.0,137.66178051600002,180.73489387199993,0.36675815260037486,0.3926318387190501,0.23441837231318155,0.3926318387190501,39.208545207977295,0.7695732882513685,0.1,0.52851086185969,0.2862240582844607,1.8969298245614035,5.7266926765441895,0.2503154128789902,0.34477247794469196,0.37883757551511127,0.3926318387190501,0.3714357912540436,55.598358418199986,28,,
uci_har,1.0,fedavg,3,1.0,0.0,378.1440694967994,509.27588995124984,0.885436026831013,0.8924329876899719,0.8924329876899719,0.6938129266103109,54.7303671836853,0.9456523168352092,0.3125,1.0,1.0,4.0,5.811919689178467,0.8745616873105367,0.8923198779424032,0.9013686180114746,0.8924329876899719,0.8978622555732727,195.17131067519998,28,11.150871798147682,39.746058550325564
pamap2,0.1,ecofed_noQ,2,1.0,0.0,70.3480760768,71.73992197439999,0.325668770087891,0.32400989532470703,0.24430693686008453,0.32400989532470703,16.97984528541565,0.9991388193966837,0.6,0.41300612316668767,0.3229437707388043,1.4596491228070176,29.24231719970703,0.12400989979505539,0.27640263984600705,0.27929043769836426,0.32400989532470703,0.5207920670509338,69.2052828446,15,66.55752965139277,67.1761724002697
uci_har,0.25,ecofed_noQ,4,1.0,0.0,126.54321780125002,127.31897248781245,0.8168610452125058,0.8092975616455078,0.8259246945381165,0.7777400612831116,25.56266450881958,0.9997662706565863,0.8125,0.6781092727583509,0.6286660127344339,2.655263157894737,2.4540348052978516,0.6671190857887268,0.8212871750195821,0.8906232317288717,0.8092975616455078,0.8680013418197632,78.85421598499998,15,30.515928821877125,47.638837303725964
pamap2,0.25,fedavg_paced,4,1.0,0.0,134.7301855368,180.73489387199993,0.30763012961133096,0.3032214641571045,0.30010934670766193,0.31583816806475323,30.03127694129944,0.5972419554530491,0.1,0.7236842105263158,0.7236842105263158,2.8421052631578947,11.561790466308594,0.31979140639305115,0.3521742820739746,0.3181932866573334,0.3032214641571045,0.28967952728271484,123.85954602239998,64,,
pamap2,0.1,ecofed_fixtau,6,1.0,0.0,30.300927142800003,71.7399219744,0.3584632734091434,0.39224421977996826,0.36204620202382404,0.34719472130139667,15.11944317817688,0.3213193157737814,0.0,0.40209710968761875,0.33239850904176305,1.9710526315789476,6.050334453582764,0.27178216973940533,0.29059405128161114,0.39224421977996826,0.39224421977996826,0.28960394859313965,5.73215835,5,,
pamap2,0.25,fedavg_q8,0,1.0,0.0,135.2514351072001,180.73489387199993,0.2928462779454527,0.19202624261379242,0.21650265157222748,0.1299520581960678,35.95370364189148,0.5962638814435853,0.2,0.7236842105263158,0.7236842105263158,2.8421052631578947,85.46400451660156,0.21011018256346384,0.2929598738749822,0.35654808084170025,0.19202624261379242,0.36638909578323364,97.92629164560005,19,79.02243556251062,
uci_har,1.0,fedprox,9,1.0,0.0,376.77968752199996,509.27588995124984,0.85942554316865,0.8655129273732504,0.8676620125770569,0.6466463009516398,66.25590467453003,0.9461106225254131,0.1875,1.0,1.0,4.0,1.8299531936645508,0.8618934551874796,0.8686800201733907,0.8751272559165955,0.8655129273732504,0.8751272559165955,106.2564795804,12,31.623647136268705,37.844076482399444
pamap2,1.0,fedprox,5,1.0,0.0,565.7655826056007,733.1568549119996,0.6326685956353715,0.7578566074371338,0.635133683681488,0.48503248890240985,89.46511602401733,0.9628076794969719,0.2,1.0,1.0,4.0,17.088550567626953,0.4372003773848216,0.6449344754219055,0.6536699732144674,0.7578566074371338,0.5027165412902832,110.67842980559999,8,52.12014979422162,59.07147921435796
uci_har,0.25,fedavg_single,0,1.0,0.0,118.13112931679998,127.31897248781245,0.8553814763507389,0.8571428656578064,0.8571428656578064,0.2429589480161667,23.50594210624695,0.9939668177384381,0.1875,0.6710526315789473,0.6710526315789473,2.6315789473684212,3.1572461128234863,0.7112317482630411,0.8574821949005127,0.8945820530255636,0.8571428656578064,0.8849677443504333,68.5389110136,12,30.018374672641542,33.31372449308209
uci_har,0.1,fedprox,4,1.0,0.0,36.70517937239999,50.92758899512499,0.820287084703818,0.8561248779296875,0.8568035364151001,0.5839837193489075,13.29678726196289,0.6179494594540492,0.0625,0.3815789473684211,0.3815789473684211,1.368421052631579,2.433065414428711,0.7173396646976471,0.7500282724698385,0.8756928046544393,0.8561248779296875,0.8737699389457703,31.91623017,9,16.480742401217267,19.7054704203102
uci_har,1.0,energy_greedy,11,1.0,0.0,343.23864588720016,509.2758899512498,0.8698348551787184,0.8769370118776957,0.8769370118776957,0.754665752251943,60.76488518714905,0.8918738740787139,0.1875,1.0,1.0,4.0,1.4963841438293457,0.8569166461626688,0.8577083945274353,0.8833842277526855,0.8769370118776957,0.8839497566223145,138.850864818,28,15.418834995719317,23.437704198944733
pamap2,1.0,fedavg_single,8,1.0,0.0,555.9015488111997,722.939575488,0.45066937504537896,0.43805197874705,0.43805197874705,0.05080326398213705,72.6414852142334,0.9604808921246174,0.05,1.0,1.0,4.0,14.774795532226562,0.262091005841891,0.41500547528266907,0.6034149328867594,0.43805197874705,0.6015644669532776,218.1195868344,19,184.6453245716609,187.29611108715474
uci_har,1.0,fedavg_q8,7,1.0,0.0,354.17618404319995,509.2758899512498,0.8677545756153163,0.8810089429219564,0.8825924595197042,0.6760547359784445,60.93840003013611,0.9188915622013442,0.25,1.0,1.0,4.0,0.6780300140380859,0.8396108945210775,0.8764845728874207,0.8842891057332357,0.8810089429219564,0.876823902130127,124.96506753600002,15,36.60889836027796,45.9789224294706
uci_har,0.25,energy_greedy,9,1.0,0.0,120.59192979360007,127.31897248781246,0.8525595847064333,0.8588395118713379,0.8588395118713379,0.5412283539772034,22.724713802337646,0.9965289689209499,0.25,0.6710526315789473,0.6710526315789473,2.6315789473684212,2.2945592403411865,0.8278475205103556,0.8259246548016866,0.8804434140523275,0.8588395118713379,0.8761452436447144,52.026078332400004,9,10.766768777479504,21.8242608950766
pamap2,0.1,ecofed_fixdepth,2,1.0,0.0,7.6252503227999995,71.73992197439999,0.3388417554154486,0.35173267126083374,0.3391089141368866,0.20767326653003693,8.076343297958374,0.17255258635325352,0.0,0.21929824561403505,0.21929824561403505,0.8421052631578947,5.861752986907959,0.2653465270996094,0.35173267126083374,0.35173267126083374,0.35173267126083374,0.2752475142478943,4.5907515528000005,11,,
pamap2,1.0,oort,10,1.0,0.0,559.2044474784005,717.3992197439999,0.5429728021828544,0.5814356406529745,0.5615511536598206,0.45775577425956726,80.42847299575806,0.9618236303414159,0.15,1.0,1.0,4.0,26.9951114654541,0.41707921028137207,0.6080858111381531,0.6042904456456503,0.5814356406529745,0.6272277235984802,395.82220682160005,48,59.921054246772066,98.91170051178814
uci_har,0.1,ecofed_noZ,4,1.0,0.0,37.356617462200006,50.92758899512499,0.8259470347816409,0.8332767883936564,0.8288655281066895,0.8600836992263794,19.25537657737732,0.8875122376031992,0.0,0.20350264585280578,0.057832556644001755,1.2412280701754386,2.0952892303466797,0.737133800983429,0.8387060364087423,0.829657256603241,0.8332767883936564,0.842212438583374,21.8115110776,40,7.066498820735261,9.582410031331232
uci_har,0.1,ecofed_fixprec,2,1.0,0.0,45.24559935110001,50.927588995125,0.8018986704593136,0.8471892277399699,0.8489989837010702,0.8364438414573669,13.955361366271973,0.9197977814031301,0.3125,0.2921327643676581,0.2050543841922359,1.7894736842105263,0.9268138408660889,0.7129284143447876,0.7848659753799438,0.8171021342277527,0.8471892277399699,0.8595181703567505,36.5621869412,60,10.066552777852039,28.700769726413245
uci_har,1.0,fedavg,6,1.0,0.0,375.582653976,509.2758899512498,0.8733337994774397,0.8829317887624105,0.8877955079078674,0.6580703655878702,55.483686208724976,0.9455913813256122,0.375,1.0,1.0,4.0,1.7895801067352295,0.8698110977808634,0.8535233537356058,0.8924329876899719,0.8829317887624105,0.8917543292045593,375.582653976,80,36.14709640098843,41.63793573761625
uci_har,1.0,ecofed,9,1.0,0.0,173.33805646219994,509.27588995124984,0.865475995045254,0.8866644104321798,0.8866644104321798,0.8543151418368021,36.072436571121216,0.6599995199508217,0.0,0.6410160255419634,0.4544933671060102,2.6000000000000005,0.48132088780403137,0.8406288822491964,0.8795385162035624,0.8866644104321798,0.8866644104321798,0.8958262801170349,136.38818128819995,60,30.22817357643151,38.113596372008516
pamap2,0.25,fedavg,4,1.0,0.0,134.7301855367999,180.73489387199993,0.28553937319796585,0.26318445801734924,0.2644461393356323,0.17083017528057098,30.81806516647339,0.5972419554530491,0.1,0.6710526315789473,0.6710526315789473,2.6315789473684212,67.16329193115234,0.24097905059655508,0.228194127480189,0.3848094840844472,0.26318445801734924,0.34443601965904236,93.29040853919999,15,,
pamap2,0.1,ecofed_noZ,5,1.0,0.0,14.053693882499996,73.31568549119997,0.3880456056404854,0.40044742822647095,0.24960051476955414,0.40044742822647095,10.867671728134155,0.4545231659793962,0.0,0.2514824045978683,0.0434845223558306,0.9403508771929825,6.460021495819092,0.4550974667072296,0.40044742822647095,0.40044742822647095,0.40044742822647095,0.4119527041912079,7.1451644574,11,6.457911641423994,6.563256157604492
uci_har,0.25,fedavg_paced,12,1.0,0.0,111.6272891784,127.31897248781245,0.8387117099153988,0.8681144714355469,0.8681144714355469,0.6628209551175436,23.06260848045349,0.8677771367074267,0.0625,0.7039473684210527,0.7039473684210527,2.736842105263158,0.512182891368866,0.7302341461181641,0.829544186592102,0.8609885772069296,0.8681144714355469,0.8652867078781128,74.70322772159999,44,24.0608776464,24.0608776464
uci_har,0.1,ecofed_fixdepth,3,1.0,0.0,8.6840535024,50.92758899512501,0.8204536101620098,0.8408551216125488,0.8408551216125488,0.18289786577224731,6.280050754547119,0.6101963935545426,0.0,0.27631578947368424,0.27631578947368424,0.9473684210526315,3.824272394180298,0.7047845125198364,0.8408551216125488,0.8408551216125488,0.8408551216125488,0.8408551216125488,8.6840535024,22,7.260011616,8.6840535024
uci_har,1.0,energy_greedy,13,1.0,0.0,348.94809577440026,509.2758899512498,0.8572636592053379,0.8632507721583048,0.8794254064559937,0.8172152638435364,60.974175691604614,0.9016216253569244,0.125,1.0,1.0,4.0,2.2608067989349365,0.8687931100527445,0.8307883739471436,0.8745617071787516,0.8632507721583048,0.8561248779296875,89.92786351439999,18,9.148490317224423,18.15709649844791
uci_har,1.0,static_depth,5,1.0,0.0,274.88211220700003,509.2758899512498,0.8352590549042237,0.8547675609588623,0.8690193295478821,0.8547675609588623,42.81954646110535,0.8501844780341482,0.125,0.6417168216076083,0.5270821878737169,2.878947368421053,0.2592058479785919,0.8522791465123495,0.8482072154680887,0.867548922697703,0.8547675609588623,0.8303359150886536,156.45390260419998,44,23.042691803514476,26.120172093751783
uci_har,0.1,fedprox,12,1.0,0.0,36.3776762232,50.92758899512501,0.826458311598202,0.8425517678260803,0.8462843298912048,0.4312860667705536,11.262648105621338,0.618621486058712,0.0,0.35526315789473684,0.35526315789473684,1.263157894736842,1.1569561958312988,0.7487275004386902,0.7654111385345459,0.8534102439880371,0.8425517678260803,0.8707159757614136,32.158475433599996,9,17.453122166737167,21.12903155027874
pamap2,0.1,ecofed_noQ,6,1.0,0.0,70.0624742938,71.7399219744,0.3296267598049272,0.29975247383117676,0.29678216576576233,0.29975247383117676,16.898946285247803,0.9990513183985261,0.5,0.42607552249493313,0.3345930378443566,1.5078947368421054,21.428611755371094,0.19405940175056458,0.2356435606877009,0.3156765600045522,0.29975247383117676,0.49653464555740356,68.0975857654,14,52.32408804237947,53.886499282334654
pamap2,0.1,fedavg_paced,12,1.0,0.0,49.8091295616,72.29395754879998,0.3110823960433238,0.33863234519958496,0.3391370177268982,0.3156699538230896,15.108184337615967,0.5749655615569058,0.0,0.24342105263157895,0.24342105263157895,0.7368421052631579,3.378051519393921,0.2863991856575012,0.19454958538214365,0.3501556118329366,0.33863234519958496,0.315417617559433,45.0385592016,56,,
uci_har,0.25,fedavg_single,15,1.0,0.0,114.88463741159998,127.31897248781246,0.8460672580640063,0.8985409140586853,0.8985409140586853,0.16661010682582855,21.712743759155273,0.9328028889956026,0.125,0.6842105263157895,0.6842105263157895,2.736842105263158,1.2975647449493408,0.7200542986392975,0.7849790851275126,0.8771632115046183,0.8985409140586853,0.9032914638519287,76.57396763999999,15,26.043221553666882,40.75982426872549
uci_har,1.0,oort,9,1.0,0.0,380.7740338667996,509.27588995124984,0.8706268295924489,0.876823902130127,0.8771632313728333,0.6836330691973368,60.64206552505493,0.9367737341562278,0.1875,1.0,1.0,4.0,0.8497087359428406,0.8657391468683878,0.8836104472478231,0.8801040450731913,0.876823902130127,0.8747879266738892,223.0063335468,44,20.01101472489859,23.166301841187042
uci_har,0.1,fedavg_q8,0,1.0,0.0,37.8206293776,50.92758899512499,0.8400418203556049,0.8350865244865417,0.8428910970687866,0.40956905484199524,14.380336999893188,0.6159307728922834,0.125,0.40789473684210525,0.40789473684210525,1.4736842105263157,4.810815811157227,0.775534451007843,0.848094125588735,0.8832711180051168,0.8350865244865417,0.882253110408783,25.113786329999996,7,9.667224540826066,14.481269967465973
uci_har,1.0,fedprox,14,1.0,0.0,376.9316498723998,509.2758899512498,0.8760926706206947,0.8788598577181498,0.8788598577181498,0.696188231309255,63.12187170982361,0.9481319455586188,0.1875,1.0,1.0,4.0,12.161865234375,0.8659653862317404,0.8867775003115336,0.8980884353319804,0.8788598577181498,0.9043094515800476,304.2631760328,52,35.08043098383026,43.15902284773066
pamap2,0.1,ecofed_noQ,5,1.0,0.0,71.90297999510001,73.31568549119997,0.3776238430683928,0.43016937375068665,0.12400127947330475,0.43016937375068665,17.420828104019165,0.9991627645912753,0.45,0.41094521188672717,0.2924628577052852,1.381578947368421,30.539541244506836,0.08501118421554565,0.3063811659812927,0.3423884113629659,0.43016937375068665,0.380952388048172,59.3397047564,10,32.15918420466557,34.50310877580071
uci_har,0.1,ecofed_fixtau,3,1.0,0.0,38.62309495499999,50.92758899512501,0.7933957754937135,0.8474154472351074,0.8506956299146017,0.8366700609525045,16.13693332672119,0.8206273579537042,0.25,0.3042314830832113,0.2458216493999853,1.482017543859649,4.978610515594482,0.6594276626904806,0.7579459150632223,0.7738943696022034,0.8474154472351074,0.8503562808036804,38.62309495499999,80,15.647261962956733,36.99168350011791
uci_har,0.1,ecofed,12,1.0,0.0,42.92295062829998,50.92758899512501,0.8209859514475998,0.8376880486806234,0.8270557721455892,0.7992308735847473,17.110576391220093,0.8280694165927549,0.375,0.31938481922337075,0.24162530789915565,1.7855263157894736,0.9678333401679993,0.7410926421483358,0.7962900201479594,0.8337292273839315,0.8376880486806234,0.8323718905448914,32.278950994599995,56,6.528519516239647,14.955142382729658
pamap2,0.1,fedavg,0,1.0,0.0,41.94836733600001,72.2939575488,0.20727647135429453,0.19354024529457092,0.21044662594795227,0.12616704404354095,14.55455207824707,0.5519209646212685,0.0,0.32894736842105265,0.32894736842105265,1.1578947368421053,26.23586082458496,0.13827908039093018,0.21860543390115103,0.24417529503504434,0.19354024529457092,0.23946505784988403,29.703449824800003,6,,
pamap2,0.1,fedavg_q8,9,1.0,0.0,53.4529487832,73.31568549119999,0.4111740601865309,0.47587087750434875,0.3141578733921051,0.34547778964042664,17.572126388549805,0.5791785283397549,0.1,0.40789473684210525,0.40789473684210525,1.4736842105263157,33.55712890625,0.2611057832837105,0.25684457023938495,0.5014381607373556,0.47587087750434875,0.5592840909957886,33.876347779199996,6,32.183863696930715,33.17003105203282
pamap2,1.0,fedprox,6,1.0,0.0,547.4450241288002,717.399219744,0.5242907408503934,0.5400164922078451,0.5325082540512085,0.3094884554545085,86.5970504283905,0.9629247648140596,0.15,1.0,1.0,4.0,31.456207275390625,0.2929042875766754,0.5487623711427053,0.600907584031423,0.5400164922078451,0.45148515701293945,244.43732926560003,21,122.05943049057147,127.76129791531974
pamap2,0.25,fedavg_paced,0,1.0,0.0,131.6427595056,180.73489387199993,0.35950012266380654,0.37025822202364606,0.3198755184809367,0.319370836019516,29.809068202972412,0.5954570556205676,0.15,0.625,0.625,2.4210526315789473,3.1652321815490723,0.2634367843468984,0.28984775642553967,0.37766002615292865,0.37025822202364606,0.41811758279800415,123.2282187936,68,86.09995703426046,
pamap2,0.25,ecofed_fixprec,2,1.0,0.0,151.8071027417,179.349804936,0.5901612435122252,0.672937273979187,0.5937293569246928,0.6666666467984518,33.66775822639465,0.8838168127808632,0.35,0.49560367520468074,0.30568390786766725,2.2811403508771932,2.8250081539154053,0.3035478542248408,0.6342409253120422,0.662953774134318,0.672937273979187,0.6413366198539734,48.67021951990001,23,28.63238900050635,29.309507963902906
pamap2,0.1,fedavg,11,1.0,0.0,41.744233224000006,70.06342471679999,0.24764913389642917,0.20177730917930603,0.20177730917930603,0.2767903804779053,14.451287984848022,0.5572387608913895,0.05,0.32894736842105265,0.32894736842105265,1.1578947368421053,20.241851806640625,0.2767903804779053,0.24751698970794678,0.32557937502861023,0.20177730917930603,0.3559853732585907,35.911797907200004,8,,
uci_har,0.1,fedprox,13,1.0,0.0,37.14123279960001,50.92758899512501,0.8386706870274335,0.8530709147453308,0.8530709147453308,0.5507295727729797,11.389971256256104,0.6200481542240779,0.0,0.3815789473684211,0.3815789473684211,1.368421052631579,3.085596799850464,0.763657957315445,0.7931229472160339,0.8758059144020081,0.8530709147453308,0.854428231716156,36.58996133880001,12,13.52046602067843,20.174110085659326
pamap2,1.0,ecofed,15,1.0,0.0,454.2697334563999,700.6342471679999,0.5267477120851392,0.5702213048934937,0.5005227526028951,0.581460197766622,78.79141306877136,0.8824679817596083,0.05,0.9942772170151405,0.8319425121925489,3.7000000000000006,0.5228718519210815,0.4149677554766337,0.5639484326044718,0.559679388999939,0.5702213048934937,0.600104570388794,236.40540212319993,40,75.71720874815563,77.0830300963578
uci_har,0.25,fedavg,5,1.0,0.0,114.0256284311999,127.31897248781245,0.8378743857580339,0.8761452436447144,0.8853070735931396,0.5609093904495239,23.893569707870483,0.9318104684020808,0.0625,0.6842105263157895,0.6842105263157895,2.736842105263158,1.2033106088638306,0.6542246341705322,0.8660784959793091,0.8761452436447144,0.8761452436447144,0.8778418898582458,45.3850972392,7,28.65443726864856,31.49466671859959
pamap2,1.0,oort,3,1.0,0.0,567.2492512776001,700.6342471679999,0.45337688371864204,0.4555671711762746,0.4405819873015086,0.4709879755973816,84.5890326499939,0.9639915479058669,0.2,1.0,1.0,4.0,8.367101669311523,0.4033803790807724,0.4502526521682739,0.4893709719181061,0.4555671711762746,0.5070569515228271,205.95605388720003,23,75.28339116044866,78.68905723908958
uci_har,0.25,ecofed_fixtau,5,1.0,0.0,12.011500005599999,127.31897248781245,0.7213355796975226,0.7217509150505066,0.6420088410377502,0.7217509150505066,8.451111555099487,0.46861992588012313,0.0,0.1821408671805559,0.11264894403896489,0.8526315789473685,18.4896297454834,0.7217509150505066,0.7217509150505066,0.7217509150505066,0.7217509150505066,0.7723108530044556,11.022248683199999,16,,
uci_har,0.25,fedavg_single,2,1.0,0.0,116.28526882560001,127.31897248781246,0.8744990920985416,0.8829317688941956,0.8829317688941956,0.16830675303936005,23.10479187965393,0.9329940290131934,0.125,0.6907894736842105,0.6907894736842105,2.736842105263158,4.7137131690979,0.7706141769886017,0.900237520535787,0.8992195328076681,0.8829317688941956,0.9012554883956909,48.6153916392,8,17.36433229023816,22.831350342784244
pamap2,0.25,fedavg_single,14,1.0,0.0,135.003974664,179.349804936,0.34393500327388177,0.33490097522735596,0.33490097522735596,0.0534653477370739,27.54664444923401,0.5969343554520186,0.15,0.6710526315789473,0.6710526315789473,2.6315789473684212,10.186921119689941,0.2629537930091222,0.3157590727011363,0.3930693070093791,0.33490097522735596,0.2965346574783325,70.8397418232,10,,
uci_har,0.1,fedavg_single,15,1.0,0.0,36.4456226796,50.927588995124985,0.8560924854118428,0.8547675609588623,0.8547675609588623,0.16355615854263306,10.541709184646606,0.6152956887062389,0.0,0.3815789473684211,0.3815789473684211,1.368421052631579,1.5253310203552246,0.787750244140625,0.8233231504758199,0.8929985364278158,0.8547675609588623,0.8910756707191467,35.8610927052,12,9.677721916432159,15.038027725883035
pamap2,0.25,fedavg_q8,12,1.0,0.0,133.75295701920012,180.73489387199993,0.4003758288614819,0.3838001489639282,0.23113802075386047,0.2599041163921356,34.03244638442993,0.5984499626116476,0.0,0.6973684210526315,0.6973684210526315,2.736842105263158,84.38729858398438,0.35755739609400433,0.4325006306171417,0.3893515070279439,0.3838001489639282,0.4468836784362793,94.3721357544,17,48.347578140289016,58.11930144214297
pamap2,0.25,oort,1,1.0,0.0,138.06094953359994,183.28921372799994,0.2557818208149856,0.12336209416389465,0.12336209416389465,0.05656759440898895,30.643909215927124,0.5970511649484272,0.25,0.6710526315789473,0.6710526315789473,2.6315789473684212,21.328813552856445,0.2507723520199458,0.4417811731497447,0.16086076200008392,0.12336209416389465,0.35218918323516846,28.917596853599996,4,51.18688463540363,53.24825020663629
uci_har,0.25,ecofed_fixdepth,1,1.0,0.0,5.2757532984,127.31897248781246,0.6792581597928318,0.6813709139823914,0.6464200615882874,0.427214115858078,5.965362787246704,0.2497722150150785,0.0,0.1337719298245614,0.1337719298245614,0.42105263157894735,3.7486114501953125,0.6813709139823914,0.6813709139823914,0.6813709139823914,0.6813709139823914,0.7176790237426758,5.0028891108,8,,
pamap2,0.1,energy_greedy,11,1.0,0.0,41.744233224,70.06342471679999,0.2891842503521454,0.2937794029712677,0.17015159130096436,0.2937794029712677,14.350086212158203,0.5572387608913895,0.05,0.3815789473684211,0.3815789473684211,1.368421052631579,47.74021530151367,0.2460794523358345,0.254748210310936,0.3547656337420146,0.2937794029712677,0.3693152070045471,36.175266237600006,8,,
uci_har,1.0,fedavg_paced,5,1.0,0.0,391.25924698320017,509.2758899512498,0.8731695090319296,0.8864381909370422,0.8864381909370422,0.7926705082257589,58.70492434501648,0.958489621504218,0.25,1.0,1.0,4.0,0.3503475487232208,0.8778418898582458,0.879764715830485,0.8898314634958903,0.8864381909370422,0.8812351822853088,210.47010789840002,40,30.41523252186783,34.022233899451784
uci_har,0.25,fedprox,5,1.0,0.0,114.0256284311999,127.31897248781245,0.8355317536979485,0.8754665851593018,0.8863250613212585,0.5626060366630554,26.539254426956177,0.9318104684020808,0.0625,0.6842105263157895,0.6842105263157895,2.736842105263158,1.432294249534607,0.6620291769504547,0.8633638819058737,0.8795385162035624,0.8754665851593018,0.8713946342468262,40.527481788,6,28.522905420778955,31.475406033545973
uci_har,0.1,static_depth,8,1.0,0.0,49.225484276399975,50.927588995125,0.8047858100517115,0.7980997562408447,0.2975907623767853,0.7980997562408447,20.872681856155396,0.9962921227254926,0.4375,0.40209835218695117,0.0,1.3,5.110739707946777,0.7486709753672282,0.798891524473826,0.8217396140098572,0.7980997562408447,0.8238887190818787,37.54109873159999,44,7.423264781367683,31.630722311332086
pamap2,0.25,fedavg_single,9,1.0,0.0,141.53092143599997,183.2892137279999,0.5154607401831466,0.5480984449386597,0.5480984449386597,0.13742409646511078,28.76046919822693,0.59800023038647,0.45,0.6776315789473685,0.6776315789473685,2.6315789473684212,15.01269245147705,0.28422286609808606,0.5054863194624583,0.6097794771194458,0.5480984449386597,0.6053051948547363,125.83972547520001,24,34.930204778857814,37.880897002254535
pamap2,0.25,ecofed_fixprec,1,1.0,0.0,149.21273930639998,183.28921372799994,0.5382595610301134,0.6662405331929525,0.41962289810180664,0.6927665869394938,34.85147213935852,0.8330312425354942,0.25,0.5943582720610633,0.32681278731073615,2.3074561403508773,4.757050514221191,0.2219026337067286,0.5491637488206228,0.6246937314669291,0.6662405331929525,0.5890060663223267,121.4555332725,64,43.400156887551226,43.99421088947134
uci_har,0.25,ecofed_fixdepth,0,1.0,0.0,6.664492608599999,127.31897248781245,0.8226958548621877,0.8364438414573669,0.8384798169136047,0.4346793293952942,6.39719033241272,0.24251241040845184,0.0,0.1600877192982456,0.1600877192982456,0.5263157894736842,1.1879829168319702,0.8364438414573669,0.8364438414573669,0.8364438414573669,0.8364438414573669,0.8364438414573669,6.664492608599999,12,6.664492608599999,6.664492608599999
pamap2,1.0,fedavg_paced,8,1.0,0.0,568.6742746704002,722.939575488,0.5206305633444629,0.5968542496363322,0.5708638230959574,0.5968542496363322,81.56890392303467,0.9683085951376912,0.05,1.0,1.0,4.0,8.968762397766113,0.35150139530499774,0.49760282039642334,0.5995457967122396,0.5968542496363322,0.6008074879646301,556.3429228848003,76,111.08769544420814,114.92196477106216
uci_har,0.1,ecofed_noQ,4,1.0,0.0,50.17193123174999,50.92758899512499,0.8018093459700166,0.7794367074966431,0.7919918298721313,0.7641669511795044,13.17931056022644,0.9983227399124711,0.625,0.4441898470157966,0.33829653147456606,1.5342105263157895,8.526424407958984,0.7154733836650848,0.7381518085797628,0.8267164429028829,0.7794367074966431,0.8788598775863647,38.70699295739999,10,18.868813766775183,25.211944896004038
uci_har,0.1,oort,3,1.0,0.0,37.2848215824,50.92758899512501,0.8436311652642219,0.8812351822853088,0.8812351822853088,0.44960978627204895,11.856151103973389,0.6211168231357659,0.0,0.35526315789473684,0.35526315789473684,1.263157894736842,6.973511219024658,0.7889379262924194,0.8109942475954691,0.8581608335177103,0.8812351822853088,0.8289785981178284,31.0046551752,9,10.442062656582912,16.99185130714543
pamap2,1.0,fedavg_q8,6,1.0,0.0,521.4950884679998,717.399219744,0.5007697892284282,0.4845709602038066,0.4807755748430888,0.27920791506767273,77.05770921707153,0.9407213865820817,0.25,1.0,1.0,4.0,32.09392547607422,0.2909240921338399,0.5364686449368795,0.6154290437698364,0.4845709602038066,0.5428217649459839,238.7048620656,21,108.32970380946435,115.68751570165016
pamap2,0.1,ecofed_fixtau,5,1.0,0.0,28.7748268524,73.31568549119997,0.38784346007933546,0.4074784318606059,0.5376584529876709,0.4074784318606059,14.485954999923706,0.31120557073736227,0.0,0.26058978551372536,0.20137925919793584,1.2210526315789474,15.603591918945312,0.27229146659374237,0.3545328676700592,0.4074784318606059,0.4074784318606059,0.36337488889694214,27.3962136588,72,,
uci_har,1.0,fedavg_paced,12,1.0,0.0,390.5594891736002,509.2758899512498,0.8695675625173274,0.8818006912867228,0.8777287801106771,0.7528560161590576,59.702465295791626,0.9562013166794268,0.25,1.0,1.0,4.0,0.5173702836036682,0.8801040450731913,0.8822531501452128,0.8808958331743876,0.8818006912867228,0.8829317688941956,390.5594891736002,80,23.437485580195204,34.57414894976972
pamap2,0.1,fedavg_q8,13,1.0,0.0,48.81839589359999,73.31568549119999,0.3138470118951997,0.3790348470211029,0.38446786999702454,0.2614253759384155,16.001226663589478,0.5649567274801325,0.0,0.3815789473684211,0.3815789473684211,1.368421052631579,17.265239715576172,0.20581655204296112,0.25364865859349567,0.29146693150202435,0.3790348470211029,0.3790348470211029,48.81839589359999,15,,
pamap2,1.0,static_depth,3,1.0,0.0,433.7566983496001,700.6342471679999,0.44656261773024186,0.45879071950912476,0.45033978422482807,0.45879071950912476,60.39252829551697,0.889717591564108,0.1,0.6942218167683132,0.27206032039836947,2.531578947368421,0.8874160051345825,0.4483359456062317,0.47063947717348736,0.5261369546254476,0.45879071950912476,0.5329325795173645,322.96062052880006,60,64.70579897322112,70.5919391592301
uci_har,1.0,fedavg_single,0,1.0,0.0,387.3510490464,509.2758899512498,0.8826728052606507,0.8868906100591024,0.8868906100591024,0.09931003302335739,55.69868779182434,0.9566620975518775,0.25,1.0,1.0,4.0,0.9782431125640869,0.8625720938046774,0.8888134956359863,0.894355853398641,0.8868906100591024,0.891414999961853,107.74041574080002,14,21.227915588996332,27.45817262405502
uci_har,1.0,fedavg,9,1.0,0.0,376.77968752199996,509.27588995124984,0.86324623370415,0.8658522566159567,0.8677751223246256,0.6541115244229635,54.65610718727112,0.9461106225254131,0.1875,1.0,1.0,4.0,1.9537312984466553,0.8691324591636658,0.8745617071787516,0.8758058945337931,0.8658522566159567,0.876823902130127,58.320147162000005,6,31.560719182004448,38.23685710262557
pamap2,0.25,fedavg_q8,15,1.0,0.0,133.59321620159992,175.15856179199997,0.3470007987809505,0.3076319992542267,0.19524307548999786,0.3076319992542267,33.75921654701233,0.6441591498611912,0.25,0.743421052631579,0.743421052631579,2.9473684210526314,98.73460388183594,0.24455479780832926,0.40834640463193256,0.44450252254803974,0.3076319992542267,0.4419759511947632,94.51481843279998,18,54.30455652155075,65.04105465029605
pamap2,1.0,fedavg_q8,2,1.0,0.0,519.9874021367998,717.399219744,0.5466990339928112,0.6061056057612101,0.626980185508728,0.4338283836841583,77.33805322647095,0.9381463918620426,0.15,1.0,1.0,4.0,21.199695587158203,0.29414190848668414,0.46204620599746704,0.636056105295817,0.6061056057612101,0.717079222202301,469.4249323127999,60,114.32448424562479,120.30735286682595
uci_har,1.0,fedprox,7,1.0,0.0,381.5364861624003,509.2758899512498,0.8682180238245796,0.8803302844365438,0.8822531501452128,0.6644044915835062,63.206315755844116,0.9482914899280229,0.3125,1.0,1.0,4.0,1.1459022760391235,0.86370321114858,0.8743354876836141,0.8822531302769979,0.8803302844365438,0.876823902130127,52.27350725280001,5,35.501961435293346,43.050034839107724
pamap2,1.0,fedavg_q8,10,1.0,0.0,521.8905511944001,717.3992197439999,0.48228055482418175,0.524009903271993,0.5224422415097555,0.29785478115081787,81.29816222190857,0.9395527231218459,0.25,1.0,1.0,4.0,11.162971496582031,0.3726072609424591,0.40998350580533344,0.5377062658468882,0.524009903271993,0.5631188154220581,471.26559876240003,60,102.0526899667562,106.86840642961192
uci_har,0.25,oort,1,1.0,0.0,119.50675855320003,127.31897248781246,0.869142808559293,0.8361045122146606,0.8361045122146606,0.6542246341705322,23.2695472240448,0.9949554252582143,0.3125,0.7171052631578947,0.7171052631578947,2.8421052631578947,11.517184257507324,0.8235493898391724,0.8839497764905294,0.8617803454399109,0.8361045122146606,0.8829317688941956,38.8660809612,8,5.2416266736,16.89967624872859
pamap2,0.25,ecofed,7,1.0,0.0,143.50635019679999,175.15856179199997,0.4751826232952742,0.5408607920010885,0.5287506580352783,0.5252657334009806,39.12008023262024,0.8083840261992146,0.25,0.5595554077450328,0.30591672816415194,2.0793859649122806,0.8096596002578735,0.405122846364975,0.47124935189882916,0.5243073801199595,0.5408607920010885,0.5611605048179626,143.50635019679999,80,26.975698844082082,27.633058355426662
uci_har,0.1,ecofed,5,1.0,0.0,44.103092389699995,50.92758899512499,0.8122453936800269,0.8560117483139038,0.856916626294454,0.782829999923706,16.759010791778564,0.8994639394649047,0.0625,0.30567449702451843,0.24815661791397053,1.52280701754386,0.9875504970550537,0.709308902422587,0.7064811587333679,0.7969686587651571,0.8560117483139038,0.8642687201499939,14.4574985658,24,7.202016056353311,14.087568612756078
uci_har,0.25,ecofed_fixdepth,7,1.0,0.0,6.607543203,127.31897248781245,0.6175078721241267,0.6223278045654297,0.6223278045654297,0.40753307938575745,6.092331409454346,0.24918950888461378,0.0,0.1600877192982456,0.1600877192982456,0.5263157894736842,3.604783773422241,0.6223278045654297,0.6223278045654297,0.6223278045654297,0.6223278045654297,0.8737699389457703,6.010541286,9,,
uci_har,1.0,ecofed,14,1.0,0.0,170.99954679959995,509.2758899512498,0.8684404200577944,0.8818006912867228,0.8838366667429606,0.8558986584345499,37.616517782211304,0.6889675669226973,0.0,0.6415577303591989,0.46170836433276985,2.594736842105264,0.40163716673851013,0.8594050407409668,0.8712815244992574,0.8818006912867228,0.8818006912867228,0.861214816570282,70.1747889773,28,18.652614998880672,21.510528908200993
pamap2,0.25,energy_greedy,4,1.0,0.0,134.73018553679995,180.73489387199993,0.33598397715032424,0.2654554545879364,0.26469847559928894,0.2538481056690216,30.584518909454346,0.5972419554530491,0.1,0.6578947368421053,0.6578947368421053,2.6315789473684212,42.915733337402344,0.3329968899488449,0.3080158233642578,0.40777189532915753,0.2654554545879364,0.42568761110305786,83.29747867679998,15,,
uci_har,0.1,energy_greedy,10,1.0,0.0,36.77581771679999,50.92758899512501,0.8053265113143088,0.8293179273605347,0.8293179273605347,0.4289107620716095,10.901957035064697,0.6185803984075164,0.0,0.35526315789473684,0.35526315789473684,1.263157894736842,4.8018012046813965,0.7019002139568329,0.7850921750068665,0.8495645523071289,0.8293179273605347,0.8863250613212585,30.973014962399997,8,17.41637351091071,22.83724283217621
pamap2,0.1,fedavg,13,1.0,0.0,49.56868113120001,73.31568549119999,0.31243583851891776,0.36465322971343994,0.35538509488105774,0.26621922850608826,14.749122619628906,0.5651069467298928,0.1,0.32894736842105265,0.32894736842105265,1.1578947368421053,26.196313858032227,0.2070949226617813,0.2851816366116206,0.2875252962112427,0.36465322971343994,0.36465322971343994,49.56868113120001,13,,
uci_har,0.25,static_depth,2,1.0,0.0,109.05519584720003,127.31897248781246,0.8308221141374384,0.8470761179924011,0.848546544710795,0.8727519512176514,30.91534113883972,0.9736446282348855,0.1875,0.3006251847608102,0.13085804744514606,1.7157894736842105,0.7616682052612305,0.7976473371187845,0.8419861992200216,0.8579346140225729,0.8470761179924011,0.8534102439880371,32.7723396772,20,12.326292015971658,28.032032677445788
uci_har,0.1,static_depth,12,1.0,0.0,49.6345130666,50.92758899512501,0.8598739244317369,0.8730912804603577,0.19884628057479858,0.8466236591339111,21.220356225967407,0.9991796764779031,0.5,0.43543023300071393,0.0,1.3157894736842106,3.366682767868042,0.8364438414573669,0.8437959551811218,0.8790860772132874,0.8730912804603577,0.8669833540916443,13.475778313000003,12,3.9243204328627477,5.594230616593682
uci_har,1.0,energy_greedy,2,1.0,0.0,341.95295751840007,509.27588995124984,0.8631561533447211,0.8624589840571085,0.8624589840571085,0.6219884753227234,56.71271276473999,0.8746988359656143,0.125,1.0,1.0,4.0,1.636511206626892,0.8819138209025065,0.8751272559165955,0.8660784959793091,0.8624589840571085,0.8812351822853088,48.644128308000006,8,23.270207869193516,35.63705127619764
pamap2,0.25,ecofed_fixprec,6,1.0,0.0,148.71896986209998,179.349804936,0.49225211593917184,0.5921617150306702,0.47896039485931396,0.5659240881601969,34.55188703536987,0.8168802602140597,0.2,0.5783495027913537,0.3066313715611462,2.114912280701754,4.607416152954102,0.36757424970467883,0.37194719910621643,0.571864664554596,0.5921617150306702,0.6014851331710815,96.45865393789997,48,46.421688453834626,46.57696975734478
uci_har,0.25,ecofed,9,1.0,0.0,68.08551933905,127.31897248781246,0.8379113014634879,0.8549937804539999,0.8735437194506327,0.8416468699773153,25.80420160293579,0.6495828511764027,0.0,0.38722327461647543,0.25565240743819523,1.9157894736842105,0.30078449845314026,0.838819146156311,0.8408551216125488,0.8711684147516886,0.8549937804539999,0.8676620125770569,61.79757596460001,72,10.356818210206628,12.928178197094836
pamap2,0.25,ecofed_noQ,6,1.0,0.0,176.5256410479001,179.349804936,0.43518220532576285,0.3596534729003906,0.3480198085308075,0.249504953622818,32.975642919540405,0.9990647253815639,0.6,0.6937129567887731,0.5885926530569888,2.615789473684211,13.984864234924316,0.24438943962256113,0.3354785492022832,0.4993399182955424,0.3596534729003906,0.6217821836471558,112.8034431998,15,68.92515980889479,75.89393333969576
uci_har,0.1,fedavg_q8,15,1.0,0.0,37.05888466440001,50.927588995124985,0.8104945606083062,0.7845266461372375,0.7845266461372375,0.5463182926177979,12.454395771026611,0.6145519519000361,0.0625,0.4605263157894737,0.4605263157894737,1.6842105263157894,30.39966583251953,0.7533084750175476,0.7895034750302633,0.8493383129437765,0.7845266461372375,0.8238887190818787,33.900717243600006,13,12.99595124143275,16.615544201063454
pamap2,1.0,energy_greedy,1,1.0,0.0,564.0093907344,733.1568549119997,0.5136161970504918,0.5192287166913351,0.4822627007961273,0.23426014681657156,94.71869349479675,0.9417210304101338,0.2,1.0,1.0,4.0,34.23041534423828,0.3611377477645874,0.605837861696879,0.6300202210744222,0.5192287166913351,0.6062639951705933,398.78721215519994,56,96.39527141284663,100.30440564110883
uci_har,1.0,fedavg_single,5,1.0,0.0,379.80277367280036,509.2758899512498,0.8810168854641371,0.8893790245056152,0.8893790245056152,0.20291822155316672,53.87881088256836,0.9484438727618085,0.25,1.0,1.0,4.0,1.1094670295715332,0.870037317276001,0.9084945122400919,0.9008030891418457,0.8893790245056152,0.8870037198066711,360.4769889048002,72,33.30833144518109,39.45196154173558
pamap2,0.1,fedprox,2,1.0,0.0,49.4812010352,71.73992197439999,0.27316396279615446,0.28316831588745117,0.28341585397720337,0.15371286869049072,16.178788900375366,0.5725708348682816,0.05,0.3815789473684211,0.3815789473684211,1.368421052631579,43.620704650878906,0.1258663348853588,0.21699669708808264,0.30066006382306415,0.28316831588745117,0.34158414602279663,47.911144199999995,11,,
pamap2,1.0,static_depth,5,1.0,0.0,494.14602503439994,733.1568549119996,0.5998196978030427,0.6372643113136292,0.6304463545481364,0.6872270305951437,68.49433159828186,0.8980211135049967,0.15,0.6375583051663098,0.4696467118989884,2.763157894736842,4.703319072723389,0.4231383800506592,0.6040268540382385,0.6262916922569275,0.6372643113136292,0.5867689251899719,278.76068195640005,44,54.293820413966294,55.7038805789067
pamap2,0.25,static_depth,9,1.0,0.0,175.13565653400008,183.2892137279999,0.5834457839885183,0.5081495642662048,0.3128795027732849,0.5081495642662048,35.80632781982422,0.9898436108109734,0.55,0.22671061259228653,0.22671061259228653,1.5578947368421054,9.637666702270508,0.38936827580134076,0.5431980391343435,0.643123467763265,0.5081495642662048,0.6791307330131531,88.29751103160001,28,3.559405884,29.44610160760984
pamap2,0.25,ecofed_fixtau,7,1.0,0.0,134.03019552759997,175.15856179199997,0.5182282159862701,0.5487018823623657,0.4477260808149974,0.55201256275177,38.94739365577698,0.7386145854762408,0.25,0.5693027569666188,0.2976926616095859,2.0491228070175436,2.0221567153930664,0.3928384780883789,0.4528663555781047,0.5824185411135355,0.5487018823623657,0.5781494975090027,86.24049702399998,48,20.308484271382177,20.46633711883282
uci_har,1.0,fedavg_q8,0,1.0,0.0,359.53021134600016,509.2758899512498,0.8804642746197935,0.8858726223309835,0.8954869508743286,0.7553444107373556,59.270833253860474,0.9232910067229992,0.3125,1.0,1.0,4.0,2.285924196243286,0.8692455689112345,0.8775025606155396,0.8963918089866638,0.8858726223309835,0.8707159757614136,144.30917251320005,21,19.64510659171758,27.771536281509864
pamap2,1.0,static_depth,7,1.0,0.0,423.5917788587999,700.6342471679999,0.5248774540231634,0.5650810201962789,0.4248126844565074,0.5650810201962789,61.077271461486816,0.8758250424032629,0.05,0.613835968426641,0.20003397849971563,2.357894736842105,3.558251142501831,0.5082767009735107,0.4999999900658925,0.5575012962023417,0.5650810201962789,0.5737062096595764,401.7739746839999,76,41.77648889335567,67.4198481510832
pamap2,1.0,fedavg_paced,10,1.0,0.0,562.2006814608002,717.3992197439999,0.5081672779366342,0.5178217788537344,0.5745874643325806,0.4844059447447459,81.03547692298889,0.9705760745575915,0.15,1.0,1.0,4.0,1.3480411767959595,0.40858085950215656,0.5349010030428568,0.531930685043335,0.5178217788537344,0.6205445528030396,458.4517677815999,60,81.72778341035047,85.73377079214727
uci_har,1.0,fedavg,5,1.0,0.0,379.80277367280036,509.2758899512498,0.8751900834042959,0.8908494512240092,0.8908494512240092,0.7120235363642374,55.61388444900513,0.9484438727618085,0.25,1.0,1.0,4.0,2.6318676471710205,0.8597443898518881,0.8828186790148417,0.8808958331743876,0.8908494512240092,0.8863250613212585,350.8140965208001,68,30.007139040807825,40.9105327302641
uci_har,0.25,oort,9,1.0,0.0,120.59192979359997,127.31897248781246,0.8374552075619053,0.866644024848938,0.8696979880332947,0.5548014640808105,22.822442770004272,0.9965289689209499,0.25,0.7105263157894737,0.7105263157894737,2.8421052631578947,0.6599826216697693,0.7004863619804382,0.8537495533625284,0.8860988616943359,0.866644024848938,0.8629114627838135,73.27826634120001,13,20.01101472489859,23.166301841187042
uci_har,0.1,ecofed_fixdepth,2,1.0,0.0,9.509438973600002,50.927588995125,0.8202510534846262,0.8323718905448914,0.8262640237808228,0.4825246036052704,6.605035066604614,0.582388135928611,0.0,0.27631578947368424,0.27631578947368424,0.9473684210526315,2.6265554428100586,0.7257097562154134,0.8323718905448914,0.8323718905448914,0.8323718905448914,0.8462843298912048,7.1387188536,10,7.1387188536,7.1387188536
pamap2,0.25,fedprox,7,1.0,0.0,142.18200943200003,175.15856179199997,0.35770719258773676,0.28724515438079834,0.29717719554901123,0.28724515438079834,36.16530752182007,0.7942265180581204,0.15,0.6644736842105263,0.6644736842105263,2.6315789473684212,44.80269241333008,0.19589649885892868,0.24577452739079794,0.5082767208417257,0.28724515438079834,0.4937271177768707,91.68783814080001,12,72.87743573522476,76.61609032139748
uci_har,0.1,ecofed_fixprec,1,1.0,0.0,43.58285054334999,50.92758899512499,0.8199489414114649,0.8692455689112345,0.8794254064559937,0.8428910772005717,14.438567876815796,0.8409541320139204,0.375,0.3238299109721991,0.19380049980063802,1.7653508771929822,0.7299343943595886,0.7430154879887899,0.8431172966957092,0.8229838212331136,0.8692455689112345,0.7970817685127258,8.0191804491,11,7.652109860875932,12.742146791704878
pamap2,0.25,energy_greedy,6,1.0,0.0,132.99123806160006,179.349804936,0.3325662056697014,0.30990099906921387,0.2839109003543854,0.1881188154220581,30.019920825958252,0.5970430984349053,0.1,0.6644736842105263,0.6644736842105263,2.6315789473684212,35.094947814941406,0.22698019941647848,0.34595709045728046,0.34884488582611084,0.30990099906921387,0.4383663237094879,73.96122677279999,13,,
uci_har,0.1,ecofed,15,1.0,0.0,43.36024277094999,50.927588995124985,0.801260377164851,0.8115597565968832,0.8371224999427795,0.7649586995442709,15.95933747291565,0.8884525351534336,0.125,0.30911906636466385,0.24295367931094566,2.037719298245614,1.1985597610473633,0.7077253659566244,0.8650605082511902,0.8321456909179688,0.8115597565968832,0.8676620125770569,12.485232176900002,19,7.103993170278674,12.485232176900002
uci_har,0.1,fedavg,8,1.0,0.0,36.773892676799996,50.927588995125,0.8380770813016392,0.8693586587905884,0.8693586587905884,0.3790295124053955,11.910171508789062,0.6192272555263054,0.0,0.35526315789473684,0.35526315789473684,1.263157894736842,3.1071019172668457,0.7449949085712433,0.7810202439626058,0.881687581539154,0.8693586587905884,0.88802170753479,26.892313967999996,7,14.14421140694926,16.50034836243715
pamap2,0.1,oort,1,1.0,0.0,49.77800777519999,73.31568549119999,0.1931441313329472,0.191754549741745,0.2214765101671219,0.06104186549782753,14.978594064712524,0.5643481531260678,0.15,0.32894736842105265,0.32894736842105265,1.1578947368421053,25.4420166015625,0.2540747821331024,0.21540428201357523,0.16991584251324335,0.191754549741745,0.191754549741745,49.77800777519999,13,,
uci_har,0.25,energy_greedy,10,1.0,0.0,114.1111922472,127.31897248781246,0.8396091817654215,0.826603353023529,0.826603353023529,0.4713267683982849,22.106307983398438,0.9330147481783008,0.0625,0.6710526315789473,0.6710526315789473,2.6315789473684212,3.9485599994659424,0.7850921750068665,0.8569166461626688,0.8799909353256226,0.826603353023529,0.8890396952629089,58.249256222400014,12,17.72989715626137,30.235815401592433
uci_har,0.1,fedprox,5,1.0,0.0,36.963129715200004,50.92758899512499,0.8207049845154551,0.8629114627838135,0.8629114627838135,0.5008482933044434,12.838740587234497,0.6175898615230917,0.0,0.35526315789473684,0.35526315789473684,1.263157894736842,2.535351037979126,0.646759420633316,0.7078384757041931,0.8803302844365438,0.8629114627838135,0.8629114627838135,36.963129715200004,13,19.713224778400253,20.754031123734492
uci_har,1.0,fedprox,2,1.0,0.0,381.70951239359954,509.27588995124984,0.8606650847775625,0.8574821750322977,0.8633638620376587,0.6254948576291403,62.94490694999695,0.945909976197988,0.25,1.0,1.0,4.0,1.8397363424301147,0.8658522963523865,0.8879086176554362,0.8755796949068705,0.8574821750322977,0.8652867078781128,77.529251496,9,24.145763277861775,30.39731305578099
uci_har,0.25,energy_greedy,2,1.0,0.0,116.28526882560001,127.31897248781246,0.8469603434294211,0.8435697555541992,0.8435697555541992,0.6236851215362549,24.013150215148926,0.9329940290131934,0.125,0.6710526315789473,0.6710526315789473,2.6315789473684212,2.448059320449829,0.7212984959284464,0.8281868696212769,0.8780680696169535,0.8435697555541992,0.8761452436447144,45.46821945600001,8,22.038121270212642,32.97107510147749
pamap2,0.1,fedavg_single,12,1.0,0.0,49.8091295616,72.29395754879998,0.31054414599586955,0.2551097571849823,0.2551097571849823,0.06560686230659485,14.540621519088745,0.5749655615569058,0.0,0.35526315789473684,0.35526315789473684,1.263157894736842,11.202747344970703,0.26760029792785645,0.27773572007815045,0.35301540295283,0.2551097571849823,0.489780455827713,48.2349072192,10,48.05532356165589,
pamap2,0.25,oort,14,1.0,0.0,135.003974664,179.349804936,0.33708493781063864,0.23935642838478088,0.18415841460227966,0.2232673317193985,30.08584189414978,0.5969343554520186,0.15,0.6710526315789473,0.6710526315789473,2.6315789473684212,30.452821731567383,0.3338283896446228,0.4051155149936676,0.44884487986564636,0.23935642838478088,0.49628713726997375,84.1247070768,13,74.9014910326525,79.68483141800121
uci_har,0.1,energy_greedy,15,1.0,0.0,36.44562267960001,50.927588995124985,0.8227948223150541,0.8435697555541992,0.8435697555541992,0.5463182926177979,11.48895263671875,0.6152956887062389,0.0,0.35526315789473684,0.35526315789473684,1.263157894736842,4.160927772521973,0.7376993298530579,0.8319194515546163,0.857821524143219,0.8435697555541992,0.8442484140396118,34.137065905200004,10,13.160079073296906,16.598223296363233
uci_har,0.25,fedavg_paced,8,1.0,0.0,115.2005038464,127.31897248781246,0.8316494111430133,0.875353475411733,0.875353475411733,0.7672209143638611,22.28745722770691,0.9322842029715512,0.125,0.8618421052631579,0.8618421052631579,3.3684210526315788,0.3689703047275543,0.6684764325618744,0.8484334349632263,0.8814613620440165,0.875353475411733,0.8659653663635254,27.9247949712,5,27.10022843837877,27.9247949712
pamap2,0.1,ecofed_fixprec,7,1.0,0.0,37.69453715399999,70.06342471679999,0.3509372784810912,0.3916187485059102,0.34492071469624835,0.4177557130654653,13.776601791381836,0.4611339217178459,0.1,0.3707784949455451,0.2507317734035186,1.486842105263158,4.170397758483887,0.20979264378547668,0.40076669057210285,0.3973688781261444,0.3916187485059102,0.3732357621192932,30.16616698979999,56,14.634963855599999,
pamap2,0.1,fedavg_paced,5,1.0,0.0,50.55449040240001,73.31568549119997,0.37097165104280083,0.4340044856071472,0.4378395676612854,0.45477789640426636,15.115530014038086,0.5724343642804988,0.1,0.3092105263157895,0.3092105263157895,1.263157894736842,3.041238784790039,0.2770853340625763,0.20592308541138968,0.3914988835652669,0.4340044856071472,0.30520933866500854,20.9006395392,12,48.98339219040001,49.658663430324154
pamap2,0.25,static_depth,3,1.0,0.0,166.8640008656,175.15856179199997,0.3927491975775804,0.2898588478565216,0.28881338238716125,0.29639309644699097,36.94006562232971,0.9900742052941014,0.45,0.25424577430319606,0.25424577430319606,1.594736842105263,7.086437225341797,0.331155260403951,0.5155950486660004,0.39388395349184674,0.2898588478565216,0.5906952619552612,57.35896449040001,17,36.494170976383444,37.98719329423884
uci_har,1.0,static_depth,7,1.0,0.0,269.6471650606,509.2758899512498,0.8754675710412035,0.889492134253184,0.8920936584472656,0.8238886992136637,41.53912973403931,0.8550876440420007,0.0625,0.5856845409017135,0.4697786559706667,2.6842105263157894,0.16628393530845642,0.8546544512112936,0.8810089230537415,0.8868906299273173,0.889492134253184,0.8920936584472656,119.52308243279997,36,18.627004840388228,29.64826199068122
pamap2,1.0,static_depth,13,1.0,0.0,487.36212552600006,733.1568549119997,0.5596777945120651,0.5447959899902344,0.5385107199350992,0.6149994730949402,64.74562573432922,0.8937354597005213,0.05,0.6285765446712615,0.4244832010589169,2.7052631578947377,4.202115058898926,0.4407158891359965,0.5799509982268015,0.6821135481198629,0.5447959899902344,0.5429849624633789,443.4413240524001,72,63.532122746804355,75.84118704086723
uci_har,0.1,fedavg_single,6,1.0,0.0,36.025229518799996,50.92758899512499,0.8502367598468841,0.8954869508743286,0.8954869508743286,0.1438751220703125,10.78455638885498,0.617045537983325,0.0,0.35526315789473684,0.35526315789473684,1.263157894736842,1.5637476444244385,0.7583983838558197,0.7861101826032003,0.8790860772132874,0.8954869508743286,0.8954869508743286,36.025229518799996,14,14.145269321289792,17.55948772012026
pamap2,0.1,fedavg,5,1.0,0.0,50.55449040240002,73.31568549119997,0.363766846549303,0.2665388286113739,0.1236816868185997,0.2665388286113739,15.091471910476685,0.5724343642804988,0.1,0.35526315789473684,0.35526315789473684,1.263157894736842,30.99285888671875,0.2937040627002716,0.34505167603492737,0.5034622251987457,0.2665388286113739,0.4161073863506317,32.033341368,5,32.818995617898885,34.766986801419876
pamap2,0.25,static_depth,1,1.0,0.0,177.0444325064,183.28921372799994,0.4849090047157899,0.4723553955554962,0.12048577517271042,0.4723553955554962,37.59324502944946,0.995252057055766,0.45,0.2368568708734739,0.2368568708734739,1.5315789473684212,11.733260154724121,0.3008415897687276,0.478960245847702,0.6546287536621094,0.4723553955554962,0.1792905032634735,136.0454160536,44,23.724122308242745,24.953894286223207
uci_har,0.25,static_depth,12,1.0,0.0,104.82295089159999,127.31897248781245,0.8426503754513627,0.8617803255716959,0.8718470732371012,0.8432303865750631,30.821186065673828,0.9710477724012002,0.0625,0.36989165092656046,0.0905818789162078,1.7473684210526317,0.5582184195518494,0.7536477843920389,0.8686800201733907,0.8737699389457703,0.8617803255716959,0.8808958530426025,79.46465690259998,56,8.814113816836919,12.378497177321924
uci_har,0.1,fedavg_paced,11,1.0,0.0,36.39704185080001,50.92758899512501,0.8147910135289088,0.8622328042984009,0.8652867078781128,0.7214115858078003,10.55243992805481,0.6182016276498703,0.0,0.3925438596491228,0.3925438596491228,1.1578947368421053,1.6266229152679443,0.7030878663063049,0.8269426623980204,0.8232100407282511,0.8622328042984009,0.8493382930755615,31.698629713200006,56,11.766381587999998,11.766381587999998
uci_har,0.25,fedavg_single,10,1.0,0.0,114.11119224720004,127.31897248781246,0.8439433862330501,0.851034939289093,0.851034939289093,0.17305734753608704,22.149813175201416,0.9330147481783008,0.0625,0.6973684210526315,0.6973684210526315,2.736842105263158,2.6987528800964355,0.6750932931900024,0.8668702642122904,0.9020472764968872,0.851034939289093,0.8971835970878601,68.4845957304,12,27.696678989485793,31.07695955238113
uci_har,1.0,ecofed,0,1.0,0.0,178.15972370269992,509.2758899512498,0.8740273031445029,0.8695848981539408,0.8695848981539408,0.8701504270235697,36.45842385292053,0.6213747188674645,0.0625,0.6552655271886517,0.4038236535088006,2.431578947368421,0.37437477707862854,0.8493383129437765,0.8648342887560526,0.8695848981539408,0.8695848981539408,0.8788598775863647,145.67424654619998,64,14.580051612983457,17.3925868757694
uci_har,0.25,fedprox,0,1.0,0.0,118.13112931679998,127.31897248781245,0.8597771994282486,0.8696979880332947,0.8625721335411072,0.4394299387931824,27.44744062423706,0.9939668177384381,0.1875,0.6710526315789473,0.6710526315789473,2.6315789473684212,4.255244731903076,0.776608963807424,0.8424386183420817,0.8875692884127299,0.8696979880332947,0.8934509754180908,105.07812017519998,24,22.432345224819883,32.491521331514214
pamap2,0.25,energy_greedy,2,1.0,0.0,134.08023368640002,179.349804936,0.4362200667066626,0.39628714323043823,0.38836634159088135,0.1507425755262375,29.058597087860107,0.5978447912627829,0.05,0.6578947368421053,0.6578947368421053,2.6315789473684212,111.61205291748047,0.27953795591990155,0.4523927370707194,0.5248349905014038,0.39628714323043823,0.5361385941505432,88.603179036,16,40.55166086092041,45.882601783942384
uci_har,0.25,energy_greedy,3,1.0,0.0,115.17117810240005,127.31897248781246,0.8514392402294152,0.8686800003051758,0.8686800003051758,0.6287750005722046,24.361663818359375,0.9319652438822102,0.1875,0.6907894736842105,0.6907894736842105,2.736842105263158,2.705756187438965,0.8132564226786295,0.8638163208961487,0.873430609703064,0.8686800003051758,0.8703766465187073,61.92365558400001,12,7.0502909510592495,18.173282296433502
uci_har,1.0,ecofed,13,1.0,0.0,183.06667060300003,509.2758899512498,0.8816728795250481,0.885080873966217,0.8855333129564921,0.8676620125770569,42.3943235874176,0.635117663968244,0.0,0.6988555339353248,0.5397581261428529,2.7578947368421054,0.2910009026527405,0.8497907519340515,0.881687601407369,0.885080873966217,0.885080873966217,0.879199206829071,165.42113591470002,72,13.272508745400456,15.044558638395957
uci_har,1.0,fedprox,11,1.0,0.0,372.5201625300003,509.2758899512498,0.8585740288780879,0.8582739432652792,0.8582739432652792,0.740074634552002,65.72511506080627,0.9439779846575302,0.1875,1.0,1.0,4.0,5.68203067779541,0.8721864024798075,0.8676620324452718,0.8811220725377401,0.8582739432652792,0.8683406710624695,166.29596192760002,23,30.849511509172117,36.230003190790335
pamap2,0.1,fedavg_single,2,1.0,0.0,49.4812010352,71.73992197439999,0.2868255387393517,0.28019800782203674,0.28019800782203674,0.1329207867383957,14.191789627075195,0.5725708348682816,0.05,0.3815789473684211,0.3815789473684211,1.368421052631579,26.878074645996094,0.19492574781179428,0.24240924417972565,0.3309405893087387,0.28019800782203674,0.2866336703300476,48.6961726176,12,,
uci_har,0.25,ecofed,10,1.0,0.0,71.49702143839995,127.31897248781246,0.8358796096632344,0.8564642071723938,0.8611016869544983,0.8503563006718954,26.96829056739807,0.5954661480877261,0.0,0.3736652790539157,0.25615550727428704,1.942105263157895,1.047425389289856,0.8241149187088013,0.8260377645492554,0.8652867277463278,0.8564642071723938,0.8707159757614136,61.152874065199974,68,4.915579403755223,14.472645703659076
uci_har,0.25,fedprox,13,1.0,0.0,119.41557879119995,127.31897248781245,0.8286701618900081,0.7953851222991943,0.801832377910614,0.5741431713104248,26.10742735862732,0.992874510349518,0.25,0.7171052631578947,0.7171052631578947,2.8421052631578947,11.428925514221191,0.7809636890888214,0.8462843497594198,0.8673227032025655,0.7953851222991943,0.8683406710624695,53.77383798599999,8,20.999814541233302,33.905465288065
pamap2,0.25,static_depth,15,1.0,0.0,166.12167111599996,175.15856179199997,0.46972130394594863,0.44458964467048645,0.2801881730556488,0.44458964467048645,35.06337070465088,0.9895295490395196,0.45,0.2532378854770002,0.2532378854770002,1.6407894736842106,8.301177024841309,0.33403032024701435,0.4906778037548065,0.5136783520380656,0.44458964467048645,0.5279665589332581,59.71403280480001,18,31.369731992499,35.91926321478419
uci_har,0.25,ecofed_noQ,7,1.0,0.0,126.48074598015002,127.31897248781245,0.8322346600863042,0.7821513414382935,0.8459450006484985,0.7821513414382935,24.878318309783936,0.9996632621253503,0.75,0.6596871731321192,0.6315368126260225,2.6526315789473687,2.8385839462280273,0.6942653357982635,0.8167627851168314,0.885080873966217,0.7821513414382935,0.8934509754180908,61.9512023922,11,31.41302657027342,34.37627805219396
pamap2,0.1,static_depth,2,1.0,0.0,63.64560989120001,71.73992197439999,0.4844179779073968,0.4658415913581848,0.10000000149011612,0.4982673227787018,21.745307683944702,0.9641087317539737,0.05,0.33450444339623564,0.0,1.0736842105263158,2.5328285694122314,0.37557755907376605,0.4771452148755391,0.49942244092623395,0.4658415913581848,0.6443069577217102,45.941998895599994,24,14.27034952237834,16.125211837282418
pamap2,0.25,fedavg_single,13,1.0,0.0,137.53815361200003,183.28921372799994,0.3378836687848662,0.32310643792152405,0.32310643792152405,0.20006391406059265,27.474063634872437,0.5972126262201121,0.2,0.6644736842105263,0.6644736842105263,2.6315789473684212,15.815413475036621,0.21593692898750305,0.3060615807771683,0.491530845562617,0.32310643792152405,0.514860987663269,96.5780030928,15,90.43998941512432,92.99521293079005
uci_har,0.1,fedavg,15,1.0,0.0,36.4456226796,50.927588995124985,0.8210241635908164,0.8062436580657959,0.8062436580657959,0.5639633536338806,11.26699161529541,0.6152956887062389,0.0,0.3815789473684211,0.3815789473684211,1.368421052631579,10.238974571228027,0.7738378047943115,0.8049994309743246,0.8460581302642822,0.8062436580657959,0.8656260371208191,21.606954505199997,5,11.76295120709267,16.559834809738504
pamap2,1.0,fedavg_q8,8,1.0,0.0,523.1009752440003,722.939575488,0.44549297135844074,0.4349398612976074,0.4146690269311269,0.29279165466626483,82.57552695274353,0.9414127641021311,0.05,1.0,1.0,4.0,34.304771423339844,0.2974177747964859,0.4337622920672099,0.5321725904941559,0.4349398612976074,0.5553873181343079,434.3888597519999,52,177.9321528128303,186.1176645352704
uci_har,1.0,fedavg_paced,3,1.0,0.0,389.3542682328001,509.27588995124984,0.8894230675896007,0.9101911584536234,0.9118878046671549,0.7720846136411031,58.2694947719574,0.956583195315636,0.3125,1.0,1.0,4.0,0.6106761693954468,0.8756927847862244,0.8942427237828573,0.9041963617006937,0.9101911584536234,0.9043094515800476,119.72798809919999,21,31.283557513178167,33.82465264942077
uci_har,0.1,static_depth,0,1.0,0.0,49.11761166100002,50.92758899512499,0.8572551249624171,0.8812351822853088,0.08585001528263092,0.8812351822853088,23.361865043640137,0.9949901585324005,0.375,0.41442792283911906,0.0,1.2526315789473683,5.210785388946533,0.7943671544392904,0.8373486995697021,0.8706028660138448,0.8812351822853088,0.907024085521698,41.27394634,48,4.851600739810555,12.323657906428647
pamap2,0.1,ecofed,9,1.0,0.0,33.1666994025,73.31568549119999,0.538217584588493,0.6010439991950989,0.5488441586494446,0.6747629642486572,13.543310403823853,0.40959760521200417,0.0,0.4206482657660517,0.3339080526016258,1.8065789473684213,6.041740417480469,0.2583359976609548,0.46521784861882526,0.6010439991950989,0.6010439991950989,0.6139341592788696,33.1666994025,80,4.4774383698,4.4774383698
uci_har,1.0,oort,4,1.0,0.0,394.5827708087998,509.2758899512498,0.8656110996291364,0.8545413414637247,0.8701504270235697,0.67232213417689,59.67587494850159,0.9536770220011167,0.1875,1.0,1.0,4.0,7.818779945373535,0.8778418699900309,0.8823662598927816,0.8732043902079264,0.8545413414637247,0.879199206829071,105.1525499568,19,14.597398872438061,17.937037027780814
uci_har,0.1,energy_greedy,0,1.0,0.0,36.65701977959999,50.92758899512499,0.8562688812402757,0.8788598775863647,0.8788598775863647,0.3837801218032837,11.973423957824707,0.6168001876923125,0.0,0.32894736842105265,0.32894736842105265,1.1578947368421053,2.674025535583496,0.7840176522731781,0.8146137396494547,0.8762583533922831,0.8788598775863647,0.8788598775863647,36.65701977959999,11,10.183365998463861,15.136191914198955
pamap2,0.1,fedavg_single,10,1.0,0.0,46.454733969599985,71.7399219744,0.2923811656717666,0.28044554591178894,0.28044554591178894,0.02846534736454487,13.886544942855835,0.5583313338670159,0.05,0.32894736842105265,0.32894736842105265,1.1578947368421053,20.164676666259766,0.16547029092907906,0.2075082485874494,0.374009907245636,0.28044554591178894,0.5460395812988281,45.70615373999998,10,42.98460555754264,43.88492318313491
uci_har,0.1,fedavg,5,1.0,0.0,36.963129715200004,50.92758899512499,0.8372145795229463,0.8411944508552551,0.8411944508552551,0.45605701208114624,12.593161582946777,0.6175898615230917,0.0,0.35526315789473684,0.35526315789473684,1.263157894736842,6.409023761749268,0.7901255488395691,0.8132564226786295,0.8690193295478821,0.8411944508552551,0.8703766465187073,28.5727682112,8,9.46921109699785,17.361415726781768
pamap2,1.0,ecofed,7,1.0,0.0,447.8340045546002,700.6342471679999,0.5171138397680378,0.5479177435239156,0.5270953178405762,0.5344136555989584,84.05477237701416,0.8828019905974918,0.05,0.988269727876026,0.8238561604259528,3.6842105263157903,0.9682910442352295,0.5459139247735342,0.5428646008173624,0.4969506859779358,0.5479177435239156,0.5527966618537903,447.8340045546002,80,61.6812952734802,62.485688199100416
pamap2,0.1,fedprox,4,1.0,0.0,48.280195104,72.29395754879998,0.2777543502655455,0.3065859079360962,0.33106231689453125,0.19732525944709778,15.972681283950806,0.5659653260985629,0.0,0.32894736842105265,0.32894736842105265,1.1578947368421053,15.565964698791504,0.22066615521907806,0.2482126255830129,0.27193203568458557,0.3065859079360962,0.3065859079360962,48.280195104,11,,
pamap2,0.1,static_depth,5,1.0,0.0,64.8304755696,73.31568549119997,0.41230761685271333,0.2195589691400528,0.0025567275006324053,0.2195589691400528,22.349074363708496,0.9592526227539298,0.2,0.33383153804631205,0.0,1.0684210526315787,2.86055064201355,0.27207841475804645,0.3545328676700592,0.31841908891995746,0.2195589691400528,0.5103867053985596,39.5060454936,19,20.899610650810043,21.79317491478532
pamap2,0.25,energy_greedy,14,1.0,0.0,135.003974664,179.349804936,0.3882489897586543,0.3138613998889923,0.26163366436958313,0.2794554531574249,31.23778748512268,0.5969343554520186,0.15,0.6447368421052632,0.6447368421052632,2.526315789473684,38.94359588623047,0.3342409282922745,0.4604785442352295,0.465016504128774,0.3138613998889923,0.45940592885017395,85.1565450648,16,40.10660123868214,46.20270133470565
pamap2,0.1,static_depth,6,1.0,0.0,63.217268950799976,71.7399219744,0.3990121040611061,0.2938118875026703,0.09034653753042221,0.2938118875026703,22.120473861694336,0.9567185458284163,0.05,0.3377433310326249,0.0,1.1263157894736842,3.313471555709839,0.21287128825982413,0.38085809350013733,0.49455446004867554,0.2938118875026703,0.4898514747619629,29.362856526,13,15.425091337304462,23.899878944279674
pamap2,0.25,fedavg_q8,13,1.0,0.0,136.0807654152,183.28921372799994,0.3040794155890738,0.25567275285720825,0.2527964115142822,0.25567275285720825,34.860435247421265,0.5967440716440837,0.15,0.6973684210526315,0.6973684210526315,2.736842105263158,25.4600887298584,0.23756258686383566,0.29210610191027325,0.45594971378644306,0.25567275285720825,0.47459250688552856,89.78396789279998,15,87.17526899550055,89.62054262883953
uci_har,1.0,oort,11,1.0,0.0,342.57651871320013,509.2758899512498,0.8529562134141319,0.8580477436383566,0.8580477436383566,0.7927836179733276,61.81003737449646,0.7900090342733921,0.1875,1.0,1.0,4.0,2.7848477363586426,0.8614410161972046,0.8710552851359049,0.8416468501091003,0.8580477436383566,0.8669833540916443,48.888699744,9,18.403433083193686,22.284344411853006
uci_har,0.1,fedavg_single,12,1.0,0.0,36.3776762232,50.92758899512501,0.8212770858093128,0.8568035364151001,0.8568035364151001,0.16728876531124115,10.378041982650757,0.618621486058712,0.0,0.35526315789473684,0.35526315789473684,1.263157894736842,1.3612706661224365,0.6956226825714111,0.7291030486424764,0.8681144515673319,0.8568035364151001,0.8798778653144836,34.57974161519999,10,18.190652481343072,20.795046742193296
pamap2,0.1,fedavg_q8,12,1.0,0.0,49.79703199679999,72.29395754879998,0.3082757657604965,0.22508201003074646,0.22508201003074646,0.20994196832180023,15.949326992034912,0.5739451612815608,0.1,0.40789473684210525,0.40789473684210525,1.4736842105263157,28.225500106811523,0.30002523958683014,0.33652957280476886,0.33442678054173786,0.22508201003074646,0.3287913203239441,32.20807662239999,6,,
pamap2,1.0,fedavg_single,1,1.0,0.0,564.2517933479998,733.1568549119997,0.49727150789975383,0.34824757774670917,0.34824757774670917,0.159688929716746,80.03696703910828,0.963150390351073,0.2,1.0,1.0,4.0,20.43572235107422,0.49579206109046936,0.6028550068537394,0.5999787052472433,0.34824757774670917,0.6548417806625366,167.76414041520002,12,46.9640915641727,52.20809564668907
pamap2,0.25,fedavg_single,8,1.0,0.0,136.52584581600007,180.734893872,0.35903151912210146,0.3449406921863556,0.3449406921863556,0.08074691146612167,27.975921630859375,0.5977900561119661,0.15,0.6842105263157895,0.6842105263157895,2.736842105263158,20.50371742248535,0.21650265653928122,0.4087812304496765,0.44982757170995075,0.3449406921863556,0.47287407517433167,85.768331556,13,81.50867215906348,89.8423015081537
pamap2,0.25,fedavg_paced,9,1.0,0.0,141.530921436,183.2892137279999,0.5332211622971109,0.6074358224868774,0.5469265977541605,0.6074358224868774,30.042634963989258,0.59800023038647,0.45,0.7302631578947368,0.7302631578947368,2.9473684210526314,6.949305057525635,0.41557472944259644,0.5671673615773519,0.5741983453432719,0.6074358224868774,0.6200063824653625,135.2902664136,72,20.830400395199998,20.830400395199998
uci_har,0.1,ecofed_fixtau,5,1.0,0.0,37.974722372399995,50.92758899512499,0.811511586281375,0.8443614840507507,0.8457188010215759,0.7684651215871176,15.57083511352539,0.8300288905576177,0.0625,0.31761266950762307,0.2388405029921131,1.412719298245614,3.29192852973938,0.7776269714037577,0.8210609555244446,0.8366700609525045,0.8443614840507507,0.8272819519042969,26.214195639599993,48,5.276571866120195,23.03267224230923
pamap2,0.1,static_depth,13,1.0,0.0,64.7303118532,73.31568549119999,0.42884870510029277,0.2956216037273407,0.06839245557785034,0.2956216037273407,22.350255727767944,0.9585135470121683,0.2,0.3705577163610952,0.0,1.1368421052631579,3.110809564590454,0.3207627534866333,0.3334398567676544,0.5105997721354166,0.2956216037273407,0.5503355860710144,52.3186892416,28,21.104217820406614,21.824347695416275
pamap2,0.25,ecofed,3,1.0,0.0,148.0388826117,175.15856179199997,0.4680653281258932,0.5098449091116587,0.45521867275238037,0.5098449091116587,39.178293228149414,0.8602029325719223,0.2,0.5761648629748813,0.3095937744243871,2.1188596491228067,1.3475887775421143,0.4041644831498464,0.4753441313902537,0.4736887911955516,0.5098449091116587,0.5083638429641724,112.410447526,60,26.931066525250348,30.90354730903445
uci_har,0.1,fedavg_paced,9,1.0,0.0,36.91205320079999,50.927588995125,0.7618177786088272,0.8201560974121094,0.8201560974121094,0.4835425913333893,10.718215703964233,0.6145402426931474,0.0,0.36622807017543857,0.36622807017543857,1.368421052631579,2.0153045654296875,0.6321682929992676,0.7571541468302408,0.8280737598737081,0.8201560974121094,0.749236524105072,14.051727145200001,18,13.4080709244,
pamap2,0.1,static_depth,3,1.0,0.0,64.4801702252,70.06342471679999,0.4082599539879378,0.47987455129623413,0.1515943557024002,0.4472033381462097,22.502323627471924,0.9765965221834436,0.2,0.33782797056014563,0.0,1.0789473684210527,2.2891533374786377,0.21414880454540253,0.3753267178932826,0.3870883385340373,0.47987455129623413,0.47987455129623413,64.4801702252,52,20.291449648678086,22.319259491553517
pamap2,0.1,energy_greedy,9,1.0,0.0,52.573691440800005,73.31568549119999,0.45892984961960254,0.5634387731552124,0.5445829629898071,0.304250568151474,15.624589920043945,0.5802221781290428,0.25,0.32894736842105265,0.32894736842105265,1.1578947368421053,4.7577223777771,0.2922658994793892,0.40332374970118207,0.47075743476549786,0.5634387731552124,0.547778844833374,36.828921283199996,6,30.224246793404586,33.649591383805785
uci_har,0.25,ecofed_fixtau,7,1.0,0.0,17.097339210900003,127.31897248781245,0.7919803551022452,0.7991177439689636,0.7991177439689636,0.7186969518661499,10.123759508132935,0.37339097041575053,0.0,0.21406117362361798,0.13865408769918883,1.1065789473684209,2.5309507846832275,0.7798891464869181,0.7991177439689636,0.7991177439689636,0.7991177439689636,0.7332881093025208,11.9839041549,18,15.477490059613727,
uci_har,1.0,energy_greedy,7,1.0,0.0,344.75985775559957,509.2758899512498,0.8742586062542,0.8798778454462687,0.884175976117452,0.6768465240796407,59.863789558410645,0.8789641063230702,0.1875,1.0,1.0,4.0,0.5140424370765686,0.8743354678153992,0.8771632313728333,0.8778418699900309,0.8798778454462687,0.8680013418197632,30.563974605600006,5,12.243339125395384,20.814708680561438
pamap2,0.1,energy_greedy,3,1.0,0.0,41.3037763104,70.06342471679999,0.2573377711189892,0.21562990546226501,0.272347092628479,0.21562990546226501,13.996970653533936,0.5636000236015648,0.0,0.3026315789473684,0.3026315789473684,1.0526315789473684,19.793752670288086,0.24137479811906815,0.2608468383550644,0.31155253450075787,0.21562990546226501,0.3541557788848877,31.7792976192,6,,
uci_har,1.0,fedavg_single,12,1.0,0.0,380.9058352656002,509.2758899512498,0.876993145590024,0.8896052440007528,0.8896052440007528,0.1693247358004252,53.28334593772888,0.9476760878090842,0.25,1.0,1.0,4.0,1.4784151315689087,0.8745616873105367,0.8866644104321798,0.8779549797375997,0.8896052440007528,0.8815745115280151,147.59118684,20,23.693485050349075,30.34614583086852
pamap2,1.0,fedprox,9,1.0,0.0,565.0046810496,733.1568549119996,0.5509790147736812,0.5980611642201742,0.5865558783213297,0.35357409715652466,97.02742886543274,0.9605008464337061,0.3,1.0,1.0,4.0,20.52500343322754,0.3622030516465505,0.5359539786974589,0.5750505924224854,0.5980611642201742,0.5922020077705383,264.37712975520003,24,120.96170409741794,130.11857668494858
pamap2,0.25,oort,5,1.0,0.0,139.1187786648,183.2892137279999,0.3731172811936217,0.25822946429252625,0.13742409646511078,0.25822946429252625,31.190767288208008,0.5972196470617929,0.3,0.6776315789473685,0.6776315789473685,2.6315789473684212,52.00674819946289,0.18429743746916452,0.42494940757751465,0.4643656114737193,0.25822946429252625,0.25822946429252625,139.1187786648,40,71.44205599792711,72.66022738594457
uci_har,0.1,fedavg_paced,2,1.0,0.0,36.270551414399996,50.927588995125,0.8188112306310741,0.8554462194442749,0.8554462194442749,0.6155412197113037,11.755405902862549,0.618619956575522,0.0,0.37280701754385964,0.37280701754385964,1.1578947368421053,2.193242311477661,0.7047845423221588,0.823775589466095,0.861214796702067,0.8554462194442749,0.8595181703567505,29.289450235199993,48,11.757181454399998,16.401979716674983
uci_har,0.25,fedavg_single,13,1.0,0.0,119.41557879119995,127.31897248781245,0.8564309231649152,0.8788598775863647,0.8788598775863647,0.16152018308639526,21.823179721832275,0.992874510349518,0.25,0.7171052631578947,0.7171052631578947,2.8421052631578947,0.9556577801704407,0.7251442074775696,0.86370321114858,0.8954869508743286,0.8788598775863647,0.8937903046607971,94.46898924599999,20,25.827173065854097,30.126612511434356
pamap2,0.1,ecofed,14,1.0,0.0,30.749445325799996,71.7399219744,0.421562701495838,0.4191419184207916,0.3528877894083659,0.4191419184207916,14.583190679550171,0.3417133914032626,0.0,0.41844767891012213,0.3335970588947833,1.6140350877192984,10.330344200134277,0.3176567753156026,0.3636963764826457,0.4191419184207916,0.4191419184207916,0.3663366436958313,9.3647541363,14,21.099339104926198,
pamap2,1.0,ecofed,5,1.0,0.0,481.2833818218,733.1568549119996,0.6359293774377137,0.6973474025726318,0.6780653993288676,0.7058698137601217,84.0283899307251,0.8860786534615439,0.1,0.9895507751613231,0.8330798240872518,3.6789473684210527,3.1342661380767822,0.5071907937526703,0.6092468500137329,0.6971343358357748,0.6973474025726318,0.6890380382537842,394.4655054854,64,56.33331266968443,57.72023826653806
uci_har,0.1,fedavg,4,1.0,0.0,36.70517937239999,50.92758899512499,0.8041220797327497,0.8391584753990173,0.8394978046417236,0.5490329265594482,12.488640785217285,0.6179494594540492,0.0625,0.3815789473684211,0.3815789473684211,1.368421052631579,4.695912837982178,0.6907024085521698,0.7311390042304993,0.8487727840741476,0.8391584753990173,0.8391584753990173,36.70517937239999,15,17.197571009522537,21.154837368735322
pamap2,0.25,ecofed_noZ,6,1.0,0.0,142.55546376499996,179.349804936,0.5002969695718807,0.5556930700937907,0.4602310160795848,0.5556930700937907,40.97798275947571,0.8153166922772385,0.05,0.6439376107999153,0.1829207792935062,1.9100877192982455,5.044297218322754,0.39843234419822693,0.44900989532470703,0.5415016611417135,0.5556930700937907,0.5292079448699951,83.63329195069998,44,24.80802492449987,26.87824252491819
uci_har,0.1,fedavg_q8,12,1.0,0.0,36.70658836799999,50.92758899512501,0.821479203216929,0.8551068902015686,0.8527315855026245,0.3322022259235382,12.627249956130981,0.6148168844283527,0.0,0.4342105263157895,0.4342105263157895,1.5789473684210527,5.823838710784912,0.702748566865921,0.7168872356414795,0.8716208736101786,0.8551068902015686,0.884628415107727,31.5331165968,11,17.364050649498992,20.15934113123509
pamap2,0.25,ecofed_fixtau,2,1.0,0.0,140.8576198274,179.349804936,0.5871769062013381,0.7045379479726156,0.4622112214565277,0.7210395932197571,39.085845708847046,0.8170853362898398,0.2,0.5691124529375886,0.32707245017113995,2.0978070175438597,2.7438852787017822,0.36666666467984516,0.5749174952507019,0.6255775491396586,0.7045379479726156,0.6816831827163696,140.8576198274,80,22.676605694208522,22.91819996104372
uci_har,0.25,static_depth,14,1.0,0.0,111.53432330940001,127.31897248781245,0.8344213814993775,0.8496776421864828,0.8478678663571676,0.8824793497721354,30.638125896453857,0.9654155300347894,0.3125,0.3104867354338994,0.1152645885348903,1.7,3.069854974746704,0.7957244714101156,0.8394977847735087,0.8629114429155985,0.8496776421864828,0.8364438414573669,32.5696984298,19,7.2382077421860975,29.748878407296715
pamap2,0.25,oort,12,1.0,0.0,135.7061042064,180.73489387199993,0.33751171277927405,0.32551097869873047,0.22154933214187622,0.32551097869873047,30.534388542175293,0.5985965200295175,0.1,0.6644736842105263,0.6644736842105263,2.6315789473684212,48.995643615722656,0.23753048976262411,0.3409033517042796,0.3384641309579213,0.32551097869873047,0.47236940264701843,68.7155646888,10,67.97103935974353,74.34178951353637
pamap2,1.0,fedavg_paced,15,1.0,0.0,558.0237935136,700.6342471679999,0.5398059939163882,0.5713538924853007,0.574664572874705,0.49599234263102215,78.38861966133118,0.9662015406689671,0.25,1.0,1.0,4.0,5.718576431274414,0.4079107840855916,0.5800662040710449,0.5854678352673849,0.5713538924853007,0.582592785358429,359.5457261952001,48,77.92846413151385,80.62385251151899
pamap2,1.0,static_depth,1,1.0,0.0,486.12059395040006,733.1568549119997,0.5935873367800564,0.6493022243181864,0.42420369386672974,0.6529242396354675,64.7310242652893,0.8963081038850157,0.15,0.6252780256863025,0.4346458873858296,2.6526315789473682,6.500530242919922,0.6254394253094991,0.48503249883651733,0.5917758544286092,0.6493022243181864,0.61649090051651,317.7642531116,52,21.594287045252848,23.625438700048186
pamap2,0.1,fedavg_single,11,1.0,0.0,41.744233224000006,70.06342471679999,0.2680685008157766,0.29064297676086426,0.29064297676086426,0.04025091603398323,13.640498399734497,0.5572387608913895,0.05,0.32894736842105265,0.32894736842105265,1.1578947368421053,7.163558006286621,0.24019864201545715,0.21824359397093454,0.315037469069163,0.29064297676086426,0.3382122218608856,38.117966277600004,9,,
pamap2,0.1,fedavg_q8,2,1.0,0.0,50.8928962128,71.73992197439999,0.2911796817854415,0.29158416390419006,0.29158416390419006,0.14826732873916626,16.450722217559814,0.5808413012367758,0.1,0.4342105263157895,0.4342105263157895,1.5789473684210527,51.959693908691406,0.12821782007813454,0.2282178228100141,0.26146864394346875,0.29158416390419006,0.34405940771102905,49.6059241776,13,,
uci_har,1.0,fedavg_paced,8,1.0,0.0,387.1744851912001,509.27588995124984,0.8646594140250801,0.8797647356987,0.882705569267273,0.7948195934295654,58.2399525642395,0.9586431417867031,0.25,1.0,1.0,4.0,0.5276497602462769,0.866644044717153,0.860762337843577,0.8677751421928406,0.8797647356987,0.8367831707000732,62.0553875928,11,30.553121048969317,32.71847163167036
pamap2,0.25,oort,0,1.0,0.0,131.64275950559997,180.73489387199993,0.3524139814541788,0.38405248522758484,0.28387585282325745,0.2593994438648224,29.65224814414978,0.5954570556205676,0.15,0.6842105263157895,0.6842105263157895,2.736842105263158,18.000829696655273,0.32307174801826477,0.3359407881895701,0.36218353112538654,0.38405248522758484,0.3234923183917999,81.00243284399998,12,76.26459034642745,
uci_har,1.0,fedavg_single,6,1.0,0.0,375.582653976,509.2758899512498,0.8922740829695306,0.9095124999682108,0.9095124999682108,0.16898541152477264,54.16176891326904,0.9455913813256122,0.375,1.0,1.0,4.0,0.7572996616363525,0.876823902130127,0.9032914837201437,0.9231987198193868,0.9095124999682108,0.9253478050231934,260.35744913519994,44,38.59803889699885,44.094760525668576
uci_har,0.1,fedprox,6,1.0,0.0,36.025229518799996,50.92758899512499,0.8178422410866213,0.8520529270172119,0.8520529270172119,0.4129623472690582,12.893060684204102,0.617045537983325,0.0,0.35526315789473684,0.35526315789473684,1.263157894736842,2.134718179702759,0.7295554876327515,0.7764958739280701,0.8224182923634847,0.8520529270172119,0.8635901212692261,34.2790303764,10,14.562450645503864,16.774176816150952
uci_har,0.1,fedavg_paced,1,1.0,0.0,37.179538128,50.92758899512499,0.8437422548440088,0.8622328042984009,0.8622328042984009,0.6613505482673645,11.809643507003784,0.6193326136560898,0.0,0.3991228070175438,0.3991228070175438,1.4736842105263157,4.111584663391113,0.7421106100082397,0.8217396338780721,0.878294308980306,0.8622328042984009,0.8771632313728333,36.534958059599994,68,4.086855733199999,12.113746965599999
pamap2,0.1,fedavg_single,6,1.0,0.0,46.26925878,71.7399219744,0.2355856046093958,0.21980197727680206,0.21980197727680206,0.02054455503821373,14.613072872161865,0.5601004454621428,0.05,0.35526315789473684,0.35526315789473684,1.263157894736842,13.645517349243164,0.05000000074505806,0.20907590414086977,0.2644389520088832,0.21980197727680206,0.3396039605140686,45.4842303624,11,,
pamap2,0.25,ecofed_fixtau,6,1.0,0.0,141.96244103100005,179.349804936,0.5181033117167475,0.6146039764086405,0.47623762488365173,0.6042904456456503,37.97764587402344,0.8063550528973817,0.15,0.5791926308710668,0.3227959255406062,2.180263157894737,2.541297674179077,0.32838283479213715,0.5599009990692139,0.45214521884918213,0.6146039764086405,0.590099036693573,129.24329097960003,72,27.315710961912202,29.32816210242946
uci_har,0.1,oort,1,1.0,0.0,37.179538128000004,50.92758899512499,0.7959595906508429,0.6990159749984741,0.5622667074203491,0.4716660976409912,11.927189826965332,0.6193326136560898,0.0,0.3815789473684211,0.3815789473684211,1.368421052631579,15.969382286071777,0.7210722863674164,0.7724239428838094,0.8979753653208414,0.6990159749984741,0.8961656093597412,27.3164363712,7,15.979265437757755,19.782249584296988
pamap2,0.1,fedavg_single,5,1.0,0.0,50.55449040240002,73.31568549119997,0.2816572599711152,0.1620326042175293,0.1527644544839859,0.1620326042175293,14.348744869232178,0.5724343642804988,0.1,0.35526315789473684,0.35526315789473684,1.263157894736842,18.1397647857666,0.24576541781425476,0.30584850907325745,0.41323105494181317,0.1620326042175293,0.3221476376056671,28.8005451624,4,39.18603275797814,40.54115685053827
uci_har,0.1,energy_greedy,7,1.0,0.0,36.3693625848,50.927588995125,0.8236204735830055,0.8092975616455078,0.8092975616455078,0.3322022259235382,12.653747797012329,0.6161636471928962,0.0,0.32894736842105265,0.32894736842105265,1.1578947368421053,6.714863300323486,0.7429589629173279,0.8158579270044962,0.8778418898582458,0.8092975616455078,0.8720732927322388,20.2424246616,5,12.243339125395384,17.43978457269662
uci_har,1.0,energy_greedy,5,1.0,0.0,365.53650914879967,509.2758899512498,0.8804057366667859,0.8859857519467672,0.894808272520701,0.7103269100189209,58.25923252105713,0.9196502306209976,0.125,1.0,1.0,4.0,1.2113776206970215,0.8745617071787516,0.8770501216252645,0.8922067681948344,0.8859857519467672,0.8825924396514893,113.61700012559997,21,3.7060740695999996,14.184801898279968
pamap2,0.1,fedavg_q8,1,1.0,0.0,49.0225156536,73.31568549119999,0.16960370980477782,0.16682645678520203,0.16682645678520203,0.05720677599310875,15.896108865737915,0.5642248121393565,0.0,0.3815789473684211,0.3815789473684211,1.368421052631579,34.53508377075195,0.19207414984703064,0.20187493662039438,0.1310322806239128,0.16682645678520203,0.16682645678520203,49.0225156536,15,,
pamap2,1.0,oort,13,1.0,0.0,571.2879515231998,733.1568549119997,0.4682472308047487,0.46660274267196655,0.3953339755535126,0.46660274267196655,81.29790115356445,0.9647576867179585,0.15,1.0,1.0,4.0,31.27170181274414,0.40364332993825275,0.5466070175170898,0.46969213088353473,0.46660274267196655,0.490572065114975,117.8075352312,12,107.12151053711092,110.19876808770658
uci_har,0.25,oort,0,1.0,0.0,118.1311293168,127.31897248781245,0.8750911088769423,0.8927723169326782,0.8965049386024475,0.517475426197052,23.306032419204712,0.9939668177384381,0.1875,0.6842105263157895,0.6842105263157895,2.736842105263158,0.8185535073280334,0.8186856706937155,0.8896052638689677,0.8872299591700236,0.8927723169326782,0.8866643905639648,83.2947736128,16,4.553666838,16.322688581674743
uci_har,0.1,fedavg_paced,8,1.0,0.0,36.773892676799996,50.927588995125,0.8461726812608343,0.8873430490493774,0.8873430490493774,0.5948421955108643,10.72734546661377,0.6192272555263054,0.0,0.3991228070175438,0.3991228070175438,1.263157894736842,0.5889739394187927,0.7380386888980865,0.8773894309997559,0.8778418699900309,0.8873430490493774,0.8747879266738892,11.977441267199996,11,9.639321369599998,11.587728627701686
pamap2,0.25,ecofed_noZ,5,1.0,0.0,149.23496372289998,183.2892137279999,0.5851290711777599,0.6036007404327393,0.48897411425908405,0.7138596177101135,42.33888077735901,0.8672260484380776,0.2,0.5966231893816363,0.19099534785018166,1.9587719298245616,3.573948621749878,0.3984233538309733,0.5388302902380625,0.6919143398602804,0.6036007404327393,0.6756151914596558,105.14805315630001,56,19.053290663570962,19.325646337351397
pamap2,0.1,ecofed_noZ,7,1.0,0.0,22.565665182600032,70.06342471679999,0.33768902638690446,0.3348144292831421,0.14244641363620758,0.36905384063720703,14.503676176071167,0.43568655427821523,0.0,0.2576778551129081,0.04389400842490088,1.0991228070175438,4.592777729034424,0.3550270100434621,0.3535459041595459,0.3348144292831421,0.3348144292831421,0.48928385972976685,15.141073408800002,28,8.748021586145276,8.959823582533241
uci_har,0.1,fedprox,8,1.0,0.0,36.773892676799996,50.927588995125,0.820146544775353,0.8863250613212585,0.8863250613212585,0.5032235980033875,11.503696203231812,0.6192272555263054,0.0,0.35526315789473684,0.35526315789473684,1.263157894736842,1.5307605266571045,0.573973536491394,0.6810315648714701,0.9004637400309244,0.8863250613212585,0.9012554883956909,22.2160741728,5,17.74557942207207,19.49381943450651
uci_har,1.0,fedavg_paced,14,1.0,0.0,388.5467594136,509.2758899512498,0.8819613616339421,0.8951476017634074,0.8966180284818014,0.8409682313601176,58.64890432357788,0.9577594433872594,0.1875,1.0,1.0,4.0,1.0148133039474487,0.8651736179987589,0.8845153252283732,0.9014817277590433,0.8951476017634074,0.8988802433013916,311.1811706879999,60,25.720597378529238,45.3021288906101
pamap2,0.25,static_depth,10,1.0,0.0,169.87077089,179.34980493599997,0.5471152870276519,0.5801980495452881,0.3482673168182373,0.5801980495452881,35.181495904922485,0.9928835626303979,0.1,0.2540790175999523,0.2540790175999523,1.605263157894737,11.23913288116455,0.3256600598494212,0.5844059387842814,0.616996705532074,0.5801980495452881,0.6472772359848022,79.05385472600001,24,23.030231493015094,24.365829057559182
pamap2,0.1,ecofed_noZ,6,1.0,0.0,13.004012144699997,71.7399219744,0.23147061520499232,0.22549505531787872,0.22549505531787872,0.25396040081977844,10.674607038497925,0.4713375009690004,0.0,0.22542348693614345,0.04346149441330784,0.7890350877192983,5.847732067108154,0.3501650194327037,0.22549505531787872,0.22549505531787872,0.22549505531787872,0.2066831737756729,4.4833343358,5,,
uci_har,0.25,ecofed_noZ,1,1.0,0.0,50.78123282415001,127.31897248781246,0.811002992802082,0.8112204670906067,0.7960638006528219,0.8112204670906067,23.573976516723633,0.5896444296484039,0.0,0.3567064337820073,0.01659922002996692,1.5263157894736843,1.2262123823165894,0.8297703862190247,0.8443614840507507,0.8112204670906067,0.8112204670906067,0.8466236591339111,30.810473011949995,44,5.048755130665246,31.7838220395939
pamap2,0.25,fedavg_q8,10,1.0,0.0,134.8369172256,179.34980493599997,0.3408136800475173,0.29034653306007385,0.22698019444942474,0.21881188452243805,34.01878380775452,0.5973254126798614,0.2,0.7302631578947368,0.7302631578947368,2.8421052631578947,64.64337921142578,0.2165016457438469,0.36674917737642926,0.4058580895264943,0.29034653306007385,0.38762375712394714,108.52905447840003,23,93.77708433247139,98.41502909562634
pamap2,1.0,fedavg_paced,9,1.0,0.0,579.2611991592,733.1568549119996,0.6527090553762616,0.7615851759910583,0.6888249715169271,0.7615851759910583,83.84983801841736,0.9684049931897062,0.3,1.0,1.0,4.0,4.045209884643555,0.4007670183976491,0.599339505036672,0.7133269508679708,0.7615851759910583,0.7599872350692749,466.3649294615998,60,79.93725498597246,82.9385048096676
pamap2,0.25,oort,3,1.0,0.0,140.407854324,175.15856179199997,0.3600428147304857,0.32828018069267273,0.2916884422302246,0.32828018069267273,30.794633150100708,0.7451954771033017,0.2,0.6710526315789473,0.6710526315789473,2.6315789473684212,45.92313003540039,0.2381948083639145,0.3499738574028015,0.4377940396467845,0.32828018069267273,0.49111342430114746,97.4560590552,14,71.56234832802728,75.88569133069977
pamap2,0.25,ecofed,10,1.0,0.0,143.45346831430004,179.34980493599997,0.5144762085059066,0.5618811845779419,0.5346534748872122,0.5912541349728903,37.562522888183594,0.7896990715661775,0.15,0.5703000224712848,0.3109191782738689,2.1236842105263154,6.56117057800293,0.37227723002433777,0.5464521447817484,0.619967003663381,0.5618811845779419,0.5178217887878418,118.33939878580003,64,29.594061369345155,31.117303674330877
uci_har,0.1,fedavg_single,0,1.0,0.0,36.6570197796,50.92758899512499,0.8349609867901832,0.898201584815979,0.898201584815979,0.12623006105422974,10.626554012298584,0.6168001876923125,0.0,0.32894736842105265,0.32894736842105265,1.1578947368421053,0.9863916039466858,0.6140142381191254,0.7015043497085571,0.9032914638519287,0.898201584815979,0.8920936584472656,34.793491992,10,17.408700530214567,19.507210002141882
uci_har,0.25,ecofed_fixprec,2,1.0,0.0,78.26392917459998,127.31897248781246,0.83103643222936,0.8441352844238281,0.8502431909243265,0.8416468699773153,20.784302234649658,0.6984617256798732,0.0,0.33513632967275075,0.22250768872766455,1.855263157894737,0.19705136120319366,0.7772876421610514,0.8199298779169718,0.8373487194379171,0.8441352844238281,0.8530709147453308,78.26392917459998,80,14.830902284645296,34.88345098367055
pamap2,1.0,energy_greedy,0,1.0,0.0,514.4194573271999,722.9395754879997,0.3982898036639076,0.4399024347464244,0.49970560272534686,0.2661283512910207,91.01055383682251,0.9136271703220223,0.0,1.0,1.0,4.0,3.972740411758423,0.35444528857866925,0.41416435440381366,0.3795104722181956,0.4399024347464244,0.4337623119354248,514.4194573271999,80,158.32776498996458,161.26192550454394
uci_har,0.1,ecofed,0,1.0,0.0,44.09165428139999,50.92758899512499,0.8497956633821413,0.8899445732434591,0.8844022154808044,0.8501300613085429,16.66773509979248,0.8934406874491896,0.3125,0.2748751260646931,0.21748982520105678,1.5232456140350876,0.9228970408439636,0.7876936992009481,0.8228707114855448,0.8775025407473246,0.8899445732434591,0.8313539028167725,13.068563513849998,22,6.179486173581358,15.26082613081228
uci_har,0.25,energy_greedy,13,1.0,0.0,119.41557879119998,127.31897248781245,0.8446509189810266,0.8486596345901489,0.8486596345901489,0.529691219329834,23.703351736068726,0.992874510349518,0.25,0.6776315789473685,0.6776315789473685,2.6315789473684212,3.845717668533325,0.8020585775375366,0.8202692071596781,0.8651736179987589,0.8486596345901489,0.8479809761047363,94.52282139959999,21,9.148490317224423,18.15709649844791
uci_har,0.25,ecofed_fixtau,0,1.0,0.0,12.178920688800002,127.31897248781245,0.7620425421198556,0.7638276219367981,0.7505938410758972,0.7638276219367981,9.166272640228271,0.4330131646417307,0.0,0.18792189362388256,0.09276876856684416,0.7973684210526316,8.080821990966797,0.7638276219367981,0.7638276219367981,0.7638276219367981,0.7638276219367981,0.8333898782730103,11.5470506916,15,5.979524307107836,
uci_har,0.1,fedavg_paced,3,1.0,0.0,37.28482158239999,50.92758899512501,0.8114604844062443,0.854428231716156,0.8564642071723938,0.6759416460990906,11.730762720108032,0.6211168231357659,0.0,0.4057017543859649,0.4057017543859649,1.4736842105263157,2.143014430999756,0.7760434448719025,0.8241149385770162,0.8275082111358643,0.854428231716156,0.854428231716156,37.28482158239999,80,9.7447933656,9.7447933656
uci_har,0.1,ecofed_fixprec,3,1.0,0.0,43.641432291099996,50.92758899512501,0.8052494395439899,0.8387060165405273,0.8387060165405273,0.7569279670715332,13.639169454574585,0.8832778927178807,0.1875,0.29423513781584093,0.19369230797164994,1.5236842105263158,4.7803497314453125,0.745390772819519,0.8167628248532613,0.8056780894597372,0.8387060165405273,0.8452664017677307,14.6353896546,20,8.31050723883745,29.459127248244236
pamap2,1.0,fedavg_paced,4,1.0,0.0,571.1191555439999,722.9395754879997,0.39328162430980584,0.42148203651110333,0.45310791333516437,0.42148203651110333,78.8461492061615,0.9683931204436953,0.15,1.0,1.0,4.0,3.667579174041748,0.3281184335549672,0.420893261830012,0.4020523130893707,0.42148203651110333,0.445117324590683,558.6295144847999,76,213.4745011075743,236.7372084396915
uci_har,1.0,oort,1,1.0,0.0,383.6614445135998,509.27588995124984,0.9006859292191283,0.9066847761472067,0.9069109956423441,0.7223164836565653,58.817686557769775,0.922449493923911,0.3125,1.0,1.0,4.0,1.461411952972412,0.8901707927385966,0.9103042682011923,0.9084945122400919,0.9066847761472067,0.9005768299102783,87.54592904279998,15,5.2416266736,16.89967624872859
uci_har,1.0,fedprox,4,1.0,0.0,383.1761852688,509.2758899512498,0.8564252416051439,0.8445877234141032,0.8553331096967062,0.6526410977045695,62.592570543289185,0.9501608606686708,0.1875,1.0,1.0,4.0,3.8592989444732666,0.8718470732371012,0.8807827234268188,0.881687601407369,0.8445877234141032,0.8398371338844299,383.1761852688,80,32.05746288414518,45.916176957397646
uci_har,0.25,fedavg_paced,9,1.0,0.0,120.5919297936,127.31897248781246,0.8159949243023641,0.8358782927195231,0.8332767883936564,0.7086302439371744,22.537861347198486,0.9965289689209499,0.25,0.7697368421052632,0.7697368421052632,2.9473684210526314,0.6252942085266113,0.6888360977172852,0.7827168901761373,0.8554462194442749,0.8358782927195231,0.8680013418197632,32.127556682400005,6,32.127556682400005,32.127556682400005
uci_har,0.1,ecofed_fixprec,7,1.0,0.0,44.079095402600004,50.927588995125,0.7820244503064468,0.8105417887369791,0.8138219714164734,0.7563623984654745,14.583343267440796,0.865037867865665,0.25,0.2874548933344611,0.17556877865654846,1.5864035087719297,0.653839111328125,0.749688963095347,0.7882592479387919,0.7961768905321757,0.8105417887369791,0.8215134143829346,15.188186928850001,24,14.932426368850003,
pamap2,0.25,ecofed_fixprec,7,1.0,0.0,145.3596887168,175.15856179199997,0.4546557014408017,0.5276180406411489,0.4365743100643158,0.5178602437178293,34.66346096992493,0.8148419631443893,0.35,0.4925417144450545,0.2974694929595394,1.9438596491228073,2.413935899734497,0.29543474316596985,0.4093047579129537,0.4118313292662303,0.5276180406411489,0.5554103255271912,145.3596887168,80,53.26784431208139,60.08037333001176
uci_har,0.25,fedprox,2,1.0,0.0,116.28526882560001,127.31897248781246,0.8589559688261299,0.84764164686203,0.84764164686203,0.6437054872512817,26.642749309539795,0.9329940290131934,0.125,0.6907894736842105,0.6907894736842105,2.736842105263158,3.9448397159576416,0.7813030183315277,0.8820269107818604,0.8845153252283732,0.84764164686203,0.8883610367774963,32.796345758399994,5,15.993093325060286,23.99805210869966
pamap2,0.25,fedavg_q8,7,1.0,0.0,140.97212953439993,175.15856179199997,0.36770952334138435,0.3486670255661011,0.35912179946899414,0.3486670255661011,34.41530919075012,0.7932458193375795,0.2,0.6973684210526315,0.6973684210526315,2.736842105263158,31.963741302490234,0.2062205970287323,0.28611255685488385,0.45582854747772217,0.3486670255661011,0.4845792055130005,84.4637375616,11,66.81863496770987,73.41315934433032
pamap2,0.25,ecofed,0,1.0,0.0,149.25456385020004,180.73489387199993,0.38792591671134913,0.4766590893268585,0.47506096959114075,0.49945329626401264,38.249574184417725,0.8266233941805959,0.3,0.590211070157319,0.32587187643737864,2.1741228070175445,1.183524250984192,0.35057616233825684,0.2819412847359975,0.3486415942509969,0.4766590893268585,0.4277062714099884,149.25456385020004,80,111.36693400339513,116.12488413075124
uci_har,1.0,static_depth,14,1.0,0.0,267.97669466240006,509.2758899512498,0.8864059104077813,0.8905101219813029,0.8932247360547384,0.8689062396685282,45.13126277923584,0.8775383702016121,0.0,0.6014250187489647,0.39970270614953113,2.6157894736842104,0.3851098120212555,0.8727519512176514,0.8848546743392944,0.8840629061063131,0.8905101219813029,0.8812351822853088,228.59489835520006,68,12.736789399556947,20.798199931581486
uci_har,0.1,fedprox,9,1.0,0.0,36.91205320080001,50.927588995125,0.8292850849721802,0.8883610367774963,0.8883610367774963,0.5076348781585693,11.792242288589478,0.6145402426931474,0.0,0.3815789473684211,0.3815789473684211,1.368421052631579,0.31737029552459717,0.7061418294906616,0.7721977233886719,0.8249066869417826,0.8883610367774963,0.8411944508552551,21.1410245028,5,14.836064354232281,18.178125267310087
uci_har,0.1,ecofed_fixprec,4,1.0,0.0,43.85442050440001,50.92758899512499,0.8367401280018505,0.894355853398641,0.890962560971578,0.8864381909370422,13.165592908859253,0.8721930579219013,0.1875,0.2796888867405331,0.19195637888233075,1.3078947368421054,0.524712324142456,0.755570650100708,0.8134826421737671,0.8445877234141032,0.894355853398641,0.8405157923698425,12.954896107900002,20,6.941375880605896,12.975161092001287
uci_har,1.0,fedavg,13,1.0,0.0,380.17691519519997,509.2758899512498,0.8628946642540303,0.8635900815327963,0.8682275811831156,0.7553444306055704,58.102898597717285,0.9509251124478365,0.1875,1.0,1.0,4.0,7.632669448852539,0.8683406710624695,0.876823902130127,0.8786336382230123,0.8635900815327963,0.8730912804603577,233.85096307320003,36,15.014739936066464,31.850407985869076
pamap2,0.25,fedavg_paced,3,1.0,0.0,140.40785432400008,175.15856179199997,0.3411916170429392,0.41540337602297467,0.39684614539146423,0.35284892717997235,30.402300596237183,0.7451954771033017,0.2,0.5789473684210527,0.5789473684210527,2.1052631578947367,2.589700222015381,0.18452692031860352,0.31381773948669434,0.36870535214742023,0.41540337602297467,0.4647150933742523,136.38586419360007,72,,
pamap2,0.25,fedavg,6,1.0,0.0,132.9912380615999,179.349804936,0.37389549745825457,0.37821781635284424,0.3678217828273773,0.2878713011741638,31.363271474838257,0.5970430984349053,0.1,0.6710526315789473,0.6710526315789473,2.6315789473684212,51.72831726074219,0.21394388874371847,0.34397690494855243,0.44207920630772907,0.37821781635284424,0.39801979064941406,76.78449405839999,11,68.6430849674815,71.71225200246731
uci_har,1.0,oort,14,1.0,0.0,370.46602380119987,509.2758899512498,0.8941667406380336,0.8989933331807455,0.9023866057395935,0.7142857114473978,61.17189931869507,0.8930462122283295,0.1875,1.0,1.0,4.0,2.400294065475464,0.8830448985099792,0.8985408941904703,0.9084945122400919,0.8989933331807455,0.8985409140586853,370.46602380119987,80,5.2099464684,23.206176479541146
uci_har,1.0,ecofed,10,1.0,0.0,178.40564929970003,509.27588995124984,0.8607327948628666,0.86460808912913,0.898201564947764,0.86460808912913,41.158427715301514,0.6658073342886515,0.0,0.7041939020631447,0.5289350930286428,2.81578947368421,0.21044738590717316,0.8841759959856669,0.8791991869608561,0.86460808912913,0.86460808912913,0.8629114627838135,168.90064441680005,76,16.808874249487715,21.470710077651617
uci_har,0.25,oort,15,1.0,0.0,114.88463741159998,127.31897248781246,0.8538152468426736,0.866644024848938,0.866644024848938,0.6267390847206116,22.994818210601807,0.9328028889956026,0.125,0.7039473684210527,0.7039473684210527,2.736842105263158,0.8662204146385193,0.7724239428838094,0.8793122967084249,0.8746748169263204,0.866644024848938,0.8703766465187073,41.2987502352,8,14.79304229492517,17.963439803098492
uci_har,0.1,ecofed_noZ,2,1.0,0.0,38.898835536200004,50.927588995125,0.8070704231775188,0.8450401624043783,0.8267164429028829,0.8420993089675903,19.34733247756958,0.9100637324020849,0.125,0.22017311268353876,0.04484434427929824,1.210964912280702,1.7470144033432007,0.7372469305992126,0.8016061584154764,0.8315801421801249,0.8450401624043783,0.8469629883766174,30.5138781729,60,10.00815899678276,29.272774776615044
uci_har,0.25,fedavg,6,1.0,0.0,113.10065545200001,127.31897248781245,0.8353894812550202,0.8778418898582458,0.8778418898582458,0.5405496954917908,24.147055864334106,0.8707575069050378,0.125,0.6907894736842105,0.6907894736842105,2.736842105263158,1.773037075996399,0.6784865856170654,0.868566890557607,0.8742223580678304,0.8778418898582458,0.8727519512176514,30.4938205332,5,25.340478965617887,28.366212490253922
uci_har,0.1,ecofed_noQ,1,1.0,0.0,50.3392313014,50.92758899512499,0.8201205329087412,0.8282999396324158,0.8282999396324158,0.7655242681503296,13.176980018615723,0.9990765015647461,0.8125,0.4977456586729895,0.36317857481995736,1.692105263157895,4.1940693855285645,0.8045470118522644,0.758963922659556,0.814048190911611,0.8282999396324158,0.8547675609588623,50.2523735578,19,5.2416266736,29.4290697370907
pamap2,0.1,fedprox,11,1.0,0.0,41.744233224000006,70.06342471679999,0.25456881406321097,0.2025614231824875,0.2025614231824875,0.22503919899463654,15.53609037399292,0.5572387608913895,0.05,0.32894736842105265,0.32894736842105265,1.1578947368421053,12.563629150390625,0.2780972421169281,0.26415752867857617,0.3474472959836324,0.2025614231824875,0.3653946816921234,35.911797907200004,8,,
pamap2,0.25,static_depth,14,1.0,0.0,171.30857293320008,179.349804936,0.5599111005931277,0.5091584324836731,0.2235148549079895,0.5091584324836731,35.965840339660645,0.992327578902834,0.35,0.21904556354008275,0.21904556354008275,1.4947368421052631,17.072195053100586,0.5052805344263712,0.4504125515619914,0.5919967095057169,0.5091584324836731,0.5782178044319153,168.14544114120008,60,16.21538681804259,17.303178528638277
pamap2,0.1,fedavg_q8,10,1.0,0.0,49.71649123680002,71.7399219744,0.2951811615956268,0.2945544421672821,0.28935644030570984,0.09430693089962006,16.551280975341797,0.5716388429630981,0.15,0.3815789473684211,0.3815789473684211,1.368421052631579,23.20333480834961,0.1873762421309948,0.2108910953005155,0.36864686012268066,0.2945544421672821,0.4195544421672821,45.26415795360001,11,,
pamap2,0.25,ecofed,2,1.0,0.0,147.94618556179995,179.349804936,0.5858304685559041,0.6238448818524679,0.5456270575523376,0.6238448818524679,37.51348376274109,0.8569696115178433,0.15,0.5402949971930499,0.30682860188927447,2.075438596491228,2.209655523300171,0.38201319177945453,0.605940580368042,0.6691419084866842,0.6238448818524679,0.6797029972076416,121.56118694519998,64,24.990232127901265,26.486487131542205
pamap2,0.1,fedavg_single,13,1.0,0.0,49.56868113120001,73.31568549119999,0.2876013884276213,0.3227868378162384,0.3227868378162384,0.19303292036056519,14.751435995101929,0.5651069467298928,0.1,0.32894736842105265,0.32894736842105265,1.1578947368421053,19.246694564819336,0.12975391745567322,0.23053158819675446,0.31501012047131854,0.3227868378162384,0.375519335269928,47.164651168800006,10,,
uci_har,0.25,oort,8,1.0,0.0,115.20050384639994,127.31897248781246,0.8643298626297513,0.8683406710624695,0.8683406710624695,0.5266372561454773,22.86029577255249,0.9322842029715512,0.125,0.6973684210526315,0.6973684210526315,2.736842105263158,2.364863395690918,0.7456169923146566,0.8858726421991984,0.8931116263071696,0.8683406710624695,0.8832710981369019,25.152683035199995,5,18.761898571737618,21.958058030691113
pamap2,1.0,fedavg_paced,14,1.0,0.0,565.0766381471999,717.399219744,0.4978471953414366,0.5665841499964396,0.5032178163528442,0.5651815136273702,80.51319360733032,0.9691303872997684,0.25,1.0,1.0,4.0,6.118972301483154,0.3605610529581706,0.48061055938402814,0.5194719433784485,0.5665841499964396,0.5631188154220581,565.0766381471999,80,113.62630279218091,120.18640927605252
pamap2,0.1,fedavg_q8,7,1.0,0.0,41.401601342400006,70.06342471679999,0.2920031246024366,0.2605854570865631,0.18191322684288025,0.2605854570865631,15.859140634536743,0.5450599065130228,0.1,0.35526315789473684,0.35526315789473684,1.263157894736842,26.129924774169922,0.23719289153814316,0.23985014855861664,0.42237324515978497,0.2605854570865631,0.41139569878578186,38.681864520000005,10,,
pamap2,0.1,ecofed_noQ,4,1.0,0.0,71.05160279680001,72.29395754879998,0.29697069879919163,0.2684834599494934,0.26015645265579224,0.2684834599494934,17.261428117752075,0.9990934381098928,0.55,0.39986600745822964,0.29112887839320445,1.368421052631579,29.108901977539062,0.2066616266965866,0.25494153797626495,0.2668853501478831,0.2684834599494934,0.3999495208263397,60.46277532220001,11,,
uci_har,0.25,ecofed,1,1.0,0.0,71.48776027559998,127.31897248781246,0.8305069658997914,0.8609885573387146,0.8323719104131063,0.8609885573387146,28.087969303131104,0.5960024985263965,0.0,0.3923691482853632,0.24830376854575342,2.0526315789473686,3.191196918487549,0.7774007519086202,0.8280737400054932,0.8380273580551147,0.8609885573387146,0.8289785981178284,9.732299681399999,10,9.082566751319213,14.850794270683947
pamap2,1.0,fedavg_paced,6,1.0,0.0,566.3065336872,717.399219744,0.5673105949028902,0.5836633443832397,0.6306930581728617,0.5587458610534668,80.28163027763367,0.973279712799089,0.15,1.0,1.0,4.0,2.829711675643921,0.45412541429201764,0.588943878809611,0.6465346614519755,0.5836633443832397,0.66410893201828,386.9614552752,48,62.73754593673277,65.71108412834124
uci_har,0.1,fedavg_q8,2,1.0,0.0,37.599529732799994,50.927588995125,0.8524281428049254,0.8534102439880371,0.8534102439880371,0.49032914638519287,14.245885610580444,0.6172683423229096,0.0625,0.4605263157894737,0.4605263157894737,1.6842105263157894,2.514258623123169,0.8025110363960266,0.8885872761408488,0.8775025407473246,0.8534102439880371,0.8998982310295105,16.471437463199997,4,7.744366059583663,12.766152660116294
uci_har,0.25,fedavg_q8,6,1.0,0.0,119.80497048719988,127.31897248781245,0.8436103996818479,0.8802171945571899,0.8802171945571899,0.5381743907928467,28.201151609420776,0.9942310343955402,0.25,0.7697368421052632,0.7697368421052632,3.0526315789473686,2.135777711868286,0.7178486585617065,0.8622327645619711,0.8807827234268188,0.8802171945571899,0.8839497566223145,92.44058578439994,24,24.31708263326851,28.842492344702126
pamap2,0.1,fedavg_single,8,1.0,0.0,49.48167949199999,72.29395754879997,0.29248750178454963,0.3732021152973175,0.3732021152973175,0.0751955583691597,14.271346092224121,0.5747354293653806,0.0,0.32894736842105265,0.32894736842105265,1.1578947368421053,11.372160911560059,0.19240474700927734,0.1934561381737391,0.31255783637364704,0.3732021152973175,0.3732021152973175,49.48167949199999,12,,
pamap2,1.0,fedprox,11,1.0,0.0,547.7723524199996,700.6342471679999,0.43599438092184384,0.3477086623509725,0.3653075397014618,0.32897717754046124,90.33059072494507,0.9592156175255261,0.3,1.0,1.0,4.0,46.16312026977539,0.4081721504529317,0.5450426936149597,0.4810942808787028,0.3477086623509725,0.496340811252594,223.83122025360007,20,77.92717051324462,82.07219065247048
uci_har,0.25,fedprox,15,1.0,0.0,114.88463741159998,127.31897248781246,0.8386744193636144,0.8639293909072876,0.8754665851593018,0.5897523164749146,25.619044542312622,0.9328028889956026,0.125,0.6842105263157895,0.6842105263157895,2.736842105263158,1.2270450592041016,0.6769596040248871,0.8741092483202616,0.880217174688975,0.8639293909072876,0.8639293909072876,114.88463741159998,40,24.544263427055533,27.85413945194324
pamap2,0.25,ecofed,15,1.0,0.0,145.12370843079998,175.15856179199997,0.4889051718806757,0.5311900873978933,0.46027182539304096,0.5475692550341288,38.09922909736633,0.8304863035469132,0.3,0.5967459503036224,0.31342775955604746,2.3153508771929823,4.133586406707764,0.32810593644777936,0.5082767009735107,0.5664750138918558,0.5311900873978933,0.554887592792511,145.12370843079998,80,26.59812799074792,27.011681451501286
uci_har,1.0,fedavg_q8,13,1.0,0.0,354.16453532279945,509.2758899512498,0.8626129953427617,0.8727519512176514,0.8780681093533834,0.7499151825904846,56.08081293106079,0.916912556980781,0.375,1.0,1.0,4.0,15.05091381072998,0.8423255085945129,0.8791991869608561,0.8718470732371012,0.8727519512176514,0.8853070735931396,206.7722947452,32,20.374528705960316,40.52108274365847
uci_har,1.0,energy_greedy,12,1.0,0.0,330.75391694160004,509.2758899512498,0.8723590866093955,0.8737699190775553,0.8903970122337341,0.6661011179288229,61.503406286239624,0.8783803528102749,0.0625,1.0,1.0,4.0,1.853645920753479,0.863703191280365,0.8788598577181498,0.8699242273966471,0.8737699190775553,0.885646402835846,301.89805901040006,72,13.616897640143193,21.85982784773402
uci_har,0.1,fedavg_q8,13,1.0,0.0,37.88528166239998,50.92758899512501,0.8219919802842515,0.8126908540725708,0.8154054880142212,0.4726840853691101,12.736508846282959,0.616258505671212,0.0625,0.4868421052631579,0.4868421052631579,1.7894736842105263,3.6143150329589844,0.758737713098526,0.7882592479387919,0.8706028858820597,0.8126908540725708,0.829657256603241,36.14436004919999,14,12.999679966654575,16.491546162540356
uci_har,0.1,fedavg_paced,4,1.0,0.0,36.705179372399996,50.92758899512499,0.8158012024181375,0.8656260371208191,0.8656260371208191,0.6057007312774658,11.946672201156616,0.6179494594540492,0.0625,0.3464912280701754,0.3464912280701754,1.1578947368421053,1.7157750129699707,0.6757719814777374,0.8355389634768168,0.8804433941841125,0.8656260371208191,0.8656260371208191,36.705179372399996,80,9.973178397021016,14.016823787861185
pamap2,0.25,fedavg_single,4,1.0,0.0,134.7301855367999,180.73489387199993,0.2969080912476495,0.2624274492263794,0.2624274492263794,0.11304567009210587,28.282748699188232,0.5972419554530491,0.1,0.6710526315789473,0.6710526315789473,2.6315789473684212,53.92328643798828,0.21011019249757132,0.2968289951483409,0.413743793964386,0.2624274492263794,0.42846328020095825,93.29040853919999,15,,
uci_har,0.1,oort,11,1.0,0.0,36.3970418508,50.92758899512501,0.8055290383491136,0.8435697555541992,0.8564642071723938,0.6165592074394226,10.828153371810913,0.6182016276498703,0.0,0.35526315789473684,0.35526315789473684,1.263157894736842,0.5776269435882568,0.6935867071151733,0.7455039024353027,0.8561248779296875,0.8435697555541992,0.8534102439880371,21.1835571072,5,18.04055559868078,20.653710773501246
uci_har,1.0,fedavg_single,14,1.0,0.0,376.9316498723998,509.2758899512498,0.8858269310751186,0.8927723169326782,0.8927723169326782,0.1648003657658895,51.666014194488525,0.9481319455586188,0.1875,1.0,1.0,4.0,1.4886791706085205,0.8527315855026245,0.8876823782920837,0.9045356909434,0.8927723169326782,0.8758059144020081,339.27044496359997,64,27.91828404970441,36.14460410079367
pamap2,1.0,fedavg_q8,9,1.0,0.0,531.6705896639999,733.1568549119996,0.54419577656255,0.5032491584618887,0.5049536426862081,0.3767976959546407,83.32615494728088,0.9392692697045322,0.1,1.0,1.0,4.0,14.496319770812988,0.3805262545744578,0.534462551275889,0.5772877335548401,0.5032491584618887,0.5736656785011292,480.5874314399998,60,91.64590386944604,106.80644859928805
uci_har,0.1,ecofed_noQ,6,1.0,0.0,50.13459712119998,50.92758899512499,0.7977166888541694,0.8371224999427795,0.8371224999427795,0.6942653656005859,13.093875646591187,0.9976772346768724,0.75,0.4887829944575691,0.36224501651759095,1.689473684210526,4.954195499420166,0.7037665247917175,0.7326094309488932,0.8512611786524454,0.8371224999427795,0.810654878616333,42.619100418399995,12,20.766279531430573,26.000037782706737
pamap2,0.1,fedavg_single,1,1.0,0.0,49.77800777519999,73.31568549119999,0.20910609151037435,0.22850750386714935,0.22850750386714935,0.09076382219791412,14.484432458877563,0.5643481531260678,0.15,0.32894736842105265,0.32894736842105265,1.1578947368421053,11.999094009399414,0.19079577922821045,0.19718759755293527,0.15883668760458627,0.22850750386714935,0.22850750386714935,49.77800777519999,13,,
uci_har,0.1,fedavg_q8,4,1.0,0.0,37.07843620199999,50.92758899512499,0.8179636446607905,0.8489989638328552,0.8486596345901489,0.5643026828765869,14.076822757720947,0.6141407036605837,0.125,0.4605263157894737,0.4605263157894737,1.6842105263157894,3.4284420013427734,0.7019002437591553,0.7488971948623657,0.8691324591636658,0.8489989638328552,0.8489989638328552,37.07843620199999,18,15.94269524150046,19.457031854826347
pamap2,0.1,fedavg,8,1.0,0.0,49.48167949199999,72.29395754879997,0.2528391881151569,0.31920263171195984,0.31920263171195984,0.1534191220998764,14.943963527679443,0.5747354293653806,0.0,0.32894736842105265,0.32894736842105265,1.1578947368421053,16.78587532043457,0.15165278688073158,0.18184876690308252,0.25039952496687573,0.31920263171195984,0.31920263171195984,49.48167949199999,13,,
uci_har,1.0,fedavg_q8,6,1.0,0.0,352.1659782443999,509.2758899512498,0.8810519699143512,0.9044225811958313,0.9044225811958313,0.6269652843475342,57.34201502799988,0.9123432151430523,0.4375,1.0,1.0,4.0,1.7805609703063965,0.8716208537419637,0.8680013418197632,0.8980884552001953,0.9044225811958313,0.9110960364341736,337.11520665719996,72,35.565160653483105,39.779143965668865
pamap2,1.0,fedavg,4,1.0,0.0,554.1005435424003,722.9395754879997,0.34135217956455566,0.3165110647678375,0.3220624128977458,0.25704432527224225,76.4721314907074,0.9581347977327603,0.15,1.0,1.0,4.0,48.383636474609375,0.2889225383599599,0.43426697452863056,0.38792160153388977,0.3165110647678375,0.4012112021446228,195.41703700080006,16,188.38122207599312,192.0406668288492
uci_har,0.1,energy_greedy,4,1.0,0.0,36.705179372399996,50.92758899512499,0.8156292026278587,0.8608754873275757,0.8585001826286316,0.489311158657074,12.246638536453247,0.6179494594540492,0.0625,0.32894736842105265,0.32894736842105265,1.1578947368421053,6.926614284515381,0.6817102134227753,0.7985522150993347,0.8754665652910868,0.8608754873275757,0.8676620125770569,24.6514325004,6,16.0157257634522,20.388816841560665
pamap2,0.1,fedavg_paced,4,1.0,0.0,48.28019510400001,72.29395754879998,0.2867568435222021,0.2891748547554016,0.28261417150497437,0.27226847410202026,14.996989488601685,0.5659653260985629,0.0,0.3684210526315789,0.3684210526315789,1.1578947368421053,14.067173957824707,0.2805955111980438,0.25107242663701373,0.3239128589630127,0.2891748547554016,0.35806208848953247,36.62244441839999,40,,
uci_har,0.1,fedprox,7,1.0,0.0,36.3693625848,50.927588995125,0.8022056070951039,0.8262640237808228,0.8001357316970825,0.5721072554588318,13.229849815368652,0.6161636471928962,0.0,0.35526315789473684,0.35526315789473684,1.263157894736842,3.487400770187378,0.7762130796909332,0.7604343295097351,0.8467367887496948,0.8262640237808228,0.8479809761047363,26.6741355348,7,16.639888966531835,23.82778363488658
pamap2,1.0,fedavg,8,1.0,0.0,555.9015488111997,722.939575488,0.43892372728419315,0.38035159309705097,0.3821179270744324,0.25738076865673065,76.54581665992737,0.9604808921246174,0.05,1.0,1.0,4.0,63.4747428894043,0.28892254332701367,0.4950794776280721,0.5833964149157206,0.38035159309705097,0.6265455484390259,428.29460899199995,48,167.6727732981896,173.06986647784237
uci_har,0.25,fedavg,15,1.0,0.0,114.88463741159998,127.31897248781246,0.8436817145266228,0.8649473786354065,0.8802171945571899,0.5741431713104248,22.428494930267334,0.9328028889956026,0.125,0.6842105263157895,0.6842105263157895,2.736842105263158,1.1935539245605469,0.6925687193870544,0.8730912605921427,0.8858726421991984,0.8649473786354065,0.8771632313728333,81.37030762319999,17,24.142317256360087,27.597058351950572
pamap2,0.25,energy_greedy,3,1.0,0.0,140.407854324,175.15856179199997,0.3269342900756036,0.2765290141105652,0.2898588478565216,0.2765290141105652,30.855345249176025,0.7451954771033017,0.2,0.6776315789473685,0.6776315789473685,2.6315789473684212,53.651222229003906,0.1968984156847,0.31660568714141846,0.42158912618954975,0.2765290141105652,0.47203344106674194,102.18504546000001,16,92.79274466680789,100.55940881773188
uci_har,0.25,fedavg,11,1.0,0.0,112.73613603359999,127.31897248781245,0.8340769274611703,0.838819146156311,0.8381404876708984,0.6681370735168457,22.746994256973267,0.870682713958444,0.1875,0.7171052631578947,0.7171052631578947,2.8421052631578947,6.254141330718994,0.7332880795001984,0.8483203252156576,0.8725257317225138,0.838819146156311,0.838819146156311,112.73613603359999,40,23.762220119164194,29.796886905009885
pamap2,0.1,fedavg,7,1.0,0.0,40.82455538400001,70.06342471679999,0.3393924232196137,0.3544171452522278,0.18139047920703888,0.23314166069030762,14.187400817871094,0.5534921172419758,0.0,0.3026315789473684,0.3026315789473684,1.0526315789473684,24.767236709594727,0.27313122153282166,0.28576406836509705,0.3781146506468455,0.3544171452522278,0.3544171452522278,40.82455538400001,12,,
uci_har,0.25,ecofed,8,1.0,0.0,71.24876050399997,127.31897248781246,0.8049305541246891,0.8155185977617899,0.8173283735911051,0.8123515446980795,24.277160167694092,0.6970019784829503,0.0,0.38006086998034394,0.25248706412921845,1.8500000000000003,0.34795504808425903,0.7874674797058105,0.8100893298784891,0.8187987804412842,0.8155185977617899,0.8137088418006897,20.1687041613,21,13.03918309017329,
uci_har,0.1,ecofed_noZ,7,1.0,0.0,41.57208257245002,50.927588995125,0.8295902197835008,0.8764845530192057,0.8655129472414652,0.8591788212458292,20.70365285873413,0.8834630627169024,0.0625,0.25462379043394195,0.0661686060060613,1.2828947368421053,0.8152937293052673,0.7919918497403463,0.8294310569763184,0.8722995320955912,0.8764845530192057,0.8761452436447144,37.36327649120001,72,5.5801336427647685,20.934117731197333
pamap2,0.25,oort,2,1.0,0.0,134.08023368640002,179.349804936,0.4453160063635969,0.5086633563041687,0.4091584086418152,0.23663365840911865,29.459779739379883,0.5978447912627829,0.05,0.6710526315789473,0.6710526315789473,2.6315789473684212,41.49860763549805,0.2264851505557696,0.38135312994321185,0.5495874484380087,0.5086633563041687,0.5472772121429443,89.19944596560002,14,73.99007751687738,75.74143378683603
pamap2,1.0,fedprox,12,1.0,0.0,559.7189328912002,722.9395754879997,0.44376484879462524,0.49213558435440063,0.45310791333516437,0.34721169869105023,96.52447962760925,0.9615971896074887,0.15,1.0,1.0,4.0,17.148237228393555,0.3087728222211202,0.39927664399147034,0.5309109191099802,0.49213558435440063,0.5566490292549133,495.79197253919995,60,193.5670868051089,197.38134561075518
uci_har,1.0,ecofed,5,1.0,0.0,171.2631475034,509.2758899512498,0.8755101577076709,0.8836104472478231,0.8773894309997559,0.8761452436447144,32.90119671821594,0.6709835988238205,0.0,0.5494174835497375,0.36568037367539175,2.221052631578947,0.2102108746767044,0.8521660367647806,0.8828186790148417,0.8836104472478231,0.8836104472478231,0.8958262801170349,109.33213217599997,48,14.693401037502698,20.28669053560633
pamap2,0.25,ecofed_fixprec,0,1.0,0.0,147.46879103500004,180.73489387199993,0.3952063964582383,0.42165027062098187,0.4075195590655009,0.5046681861082712,34.55178880691528,0.7772103360254192,0.25,0.5717738707524415,0.3048245829036753,2.0666666666666664,3.3976051807403564,0.3818655808766683,0.357052743434906,0.4082765579223633,0.42165027062098187,0.4973504841327667,46.8080357849,22,94.20257307483872,97.57994617114176
uci_har,0.25,ecofed_fixdepth,3,1.0,0.0,4.3761912924,127.31897248781246,0.8543290774903527,0.8615541458129883,0.8615541458129883,0.30777060985565186,5.585707187652588,0.24916945963308748,0.0,0.1337719298245614,0.1337719298245614,0.42105263157894735,2.281924247741699,0.8615541458129883,0.8615541458129883,0.8615541458129883,0.8615541458129883,0.8401764631271362,3.5391217775999997,6,3.5391217775999997,3.5391217775999997
pamap2,0.25,fedavg,12,1.0,0.0,135.70610420640003,180.73489387199993,0.3961612058529239,0.42543527483940125,0.23239970207214355,0.3141559362411499,30.44119644165039,0.5985965200295175,0.1,0.6644736842105263,0.6644736842105263,2.6315789473684212,90.43602752685547,0.29295987884203595,0.3933047354221344,0.3568004071712494,0.42543527483940125,0.4234166145324707,102.19235335440001,17,102.01658742817534,
pamap2,1.0,fedavg_single,2,1.0,0.0,549.8986983143998,717.399219744,0.5707611938826179,0.5890263915061951,0.5890263915061951,0.1067656750480334,75.76064109802246,0.9593609307618733,0.25,1.0,1.0,4.0,6.847015380859375,0.35008250673611957,0.46881187955538434,0.6490923961003622,0.5890263915061951,0.6774752736091614,431.03356512719984,48,117.78350318795563,122.56240168036747
pamap2,0.25,fedavg_q8,2,1.0,0.0,134.9857267824001,179.349804936,0.454800461285339,0.45990097522735596,0.28069308400154114,0.21262376010417938,34.72567653656006,0.5981358131364541,0.15,0.7105263157894737,0.7105263157894737,2.8421052631578947,74.57027435302734,0.28943894306818646,0.38976897795995075,0.48473597566286725,0.45990097522735596,0.5863861441612244,80.78687789519999,13,55.84437167474406,57.72842858108093
pamap2,0.1,fedavg_q8,15,1.0,0.0,42.50494469760001,70.06342471679999,0.2503809256325398,0.2219027727842331,0.2002090960741043,0.2219027727842331,15.809173822402954,0.5560216906216309,0.05,0.4605263157894737,0.4605263157894737,1.6842105263157894,60.855892181396484,0.17524830251932144,0.21292908489704132,0.35546263058980304,0.2219027727842331,0.28280189633369446,39.3636199608,11,,
uci_har,0.25,fedavg_paced,14,1.0,0.0,120.30016476,127.31897248781245,0.8406029950549507,0.8837235768636068,0.8837235768636068,0.7996832927068075,22.958720207214355,0.9959590918939996,0.1875,0.8026315789473685,0.8026315789473685,3.1578947368421053,1.9094146490097046,0.7117407619953156,0.8631376425425211,0.8820269107818604,0.8837235768636068,0.891414999961853,116.7800510472,72,28.97037586097536,30.62286999603668
uci_har,1.0,fedprox,8,1.0,0.0,377.86635028559994,509.27588995124984,0.8653971847329331,0.8673226833343506,0.8673226833343506,0.6705123980840048,67.93405604362488,0.9499843346172435,0.25,1.0,1.0,4.0,1.3750699758529663,0.8934509754180908,0.8712815244992574,0.8690193295478821,0.8673226833343506,0.8788598775863647,56.63244135840001,7,33.092554300413276,38.266174703475855
uci_har,0.25,fedavg_single,7,1.0,0.0,116.76528610800005,127.31897248781245,0.8488265667445403,0.8649473786354065,0.8649473786354065,0.15066169202327728,23.287340879440308,0.9326775383033705,0.25,0.6907894736842105,0.6907894736842105,2.736842105263158,0.8429554104804993,0.7266711890697479,0.882705569267273,0.8884741465250651,0.8649473786354065,0.8839497566223145,34.6190315808,5,23.66250960332112,26.822457488885934
uci_har,0.25,fedavg_single,8,1.0,0.0,115.20050384639993,127.31897248781246,0.8743352174884378,0.900237500667572,0.900237500667572,0.017645062878727913,22.257526397705078,0.9322842029715512,0.125,0.6907894736842105,0.6907894736842105,2.736842105263158,0.6495149731636047,0.764845609664917,0.8988802234331766,0.8574821750322977,0.900237500667572,0.8995589017868042,33.621494004,5,18.912859054999842,24.037065117065154
pamap2,0.25,oort,7,1.0,0.0,142.182009432,175.15856179199997,0.4011658226378272,0.39780449867248535,0.32017773389816284,0.39780449867248535,30.466803789138794,0.7942265180581204,0.15,0.6644736842105263,0.6644736842105263,2.6315789473684212,33.57604217529297,0.23871754109859467,0.38822094599405926,0.4667189319928487,0.39780449867248535,0.4615786671638489,72.1349604192,9,52.69936602764732,59.131391712631256
pamap2,0.25,fedavg_single,2,1.0,0.0,134.08023368639996,179.349804936,0.43502139625709546,0.3465346395969391,0.3465346395969391,0.13044553995132446,27.6237473487854,0.5978447912627829,0.05,0.6776315789473685,0.6776315789473685,2.6315789473684212,34.710243225097656,0.34265677134195965,0.41683168212572735,0.550495058298111,0.3465346395969391,0.6784653663635254,86.0593322952,13,52.680772291522274,58.19081092256282
pamap2,1.0,static_depth,15,1.0,0.0,443.1987629476,700.6342471679999,0.5262867915961628,0.5428646008173624,0.38508450984954834,0.5428646008173624,59.55294394493103,0.8832345913324561,0.2,0.6522350847699637,0.2943000021531376,2.605263157894737,1.9607446193695068,0.49407560626665753,0.56952432791392,0.5491374731063843,0.5428646008173624,0.6131730079650879,222.07728569960003,40,49.94212109372741,55.03150993905574
uci_har,1.0,fedavg,2,1.0,0.0,381.70951239359954,509.27588995124984,0.8635702735663017,0.8529578049977621,0.8587264021237692,0.6274177233378092,56.26718807220459,0.945909976197988,0.25,1.0,1.0,4.0,0.9447880983352661,0.8583870530128479,0.8839497764905294,0.8823662400245667,0.8529578049977621,0.8568035364151001,145.3143236232,18,23.788532126919293,30.574196717312574
pamap2,0.1,fedavg_q8,14,1.0,0.0,52.626248147999995,71.7399219744,0.3209159074502616,0.32499998807907104,0.33490097522735596,0.17178218066692352,17.036898136138916,0.5896384345233497,0.15,0.40789473684210525,0.40789473684210525,1.4736842105263157,19.822513580322266,0.20977722853422165,0.2298679898182551,0.43869637449582416,0.32499998807907104,0.44257426261901855,38.059253301599995,7,37.504209895113455,40.308568418853454
uci_har,1.0,energy_greedy,1,1.0,0.0,340.40814074520006,509.27588995124984,0.9013322560357211,0.9061192274093628,0.9061192274093628,0.6969799598058065,57.72846484184265,0.8504742292255109,0.25,1.0,1.0,4.0,2.9519641399383545,0.8954869508743286,0.8996719916661581,0.9126795729001363,0.9061192274093628,0.9127926826477051,312.7776861756,72,6.063737234176205,13.701223409128739
uci_har,1.0,fedavg_q8,9,1.0,0.0,351.2780647307994,509.27588995124984,0.8618159807048578,0.8746748169263204,0.8746748169263204,0.665535589059194,57.48065519332886,0.9104352313968619,0.3125,1.0,1.0,4.0,1.4624255895614624,0.8586132725079855,0.8488858938217163,0.8857595324516296,0.8746748169263204,0.8836104273796082,252.9545060388,44,32.735419599185924,38.44396252358304
pamap2,1.0,fedavg_single,11,1.0,0.0,547.7723524199996,700.6342471679999,0.4026988464997255,0.3832549254099528,0.3832549254099528,0.061073356618483864,70.89347457885742,0.9592156175255261,0.3,1.0,1.0,4.0,13.748496055603027,0.3424812654654185,0.4600975811481476,0.4855375587940216,0.3832549254099528,0.4830109775066376,406.29265561680006,44,162.2447293152259,168.53660619162383
uci_har,1.0,oort,6,1.0,0.0,381.17229512400024,509.2758899512498,0.8861609880906691,0.8863250811894735,0.8864381909370422,0.6828413009643555,59.1073682308197,0.9233316464620903,0.375,1.0,1.0,4.0,1.9257103204727173,0.8864381909370422,0.8903970122337341,0.8859857519467672,0.8863250811894735,0.8873430490493774,251.1886822896,52,14.943242328818082,17.299489277220314
pamap2,1.0,static_depth,8,1.0,0.0,488.87910673639976,722.939575488,0.5125276284724469,0.6654049952824911,0.5222474535306295,0.49634115894635517,62.6394407749176,0.8970188130023026,0.15,0.6188175563972786,0.43598883726495447,2.7315789473684204,2.2075657844543457,0.32744553685188293,0.362183541059494,0.45992093284924823,0.6654049952824911,0.6651526689529419,447.4133590907998,72,231.25410329461428,257.9377817593512
pamap2,1.0,fedprox,1,1.0,0.0,564.2517933479998,733.1568549119997,0.49273095952182955,0.40044742822647095,0.3542132725318273,0.23713646829128265,89.95881128311157,0.963150390351073,0.2,1.0,1.0,4.0,32.600887298583984,0.4461489220460256,0.6056248148282369,0.5984872778256735,0.40044742822647095,0.5624800324440002,429.57510862320004,48,76.62296152168398,83.38491212740723
pamap2,1.0,ecofed,14,1.0,0.0,474.230037316,717.399219744,0.5426776141757632,0.6053630312283834,0.6063531438509623,0.6354785362879435,81.04449248313904,0.9004990110584857,0.05,0.9986737261480395,0.8712370939766899,3.8157894736842106,3.095015287399292,0.4226072629292806,0.5184818506240845,0.5970297058423361,0.6053630312283834,0.6371287107467651,428.02777921560005,72,51.89741871154938,94.65926431408572
uci_har,1.0,fedavg_single,4,1.0,0.0,383.1761852688,509.2758899512498,0.8886487982196173,0.8883610367774963,0.8883610367774963,0.19907250006993613,53.95699405670166,0.9501608606686708,0.1875,1.0,1.0,4.0,1.6981219053268433,0.8920936584472656,0.9071371952692667,0.9055536786715189,0.8883610367774963,0.91923987865448,158.03170550400003,21,28.76822259357851,34.685140876989976
uci_har,0.1,ecofed_noZ,5,1.0,0.0,37.8515637326,50.92758899512499,0.8173500569924119,0.8503563006718954,0.7421106298764547,0.8142744104067484,19.45203447341919,0.8810094817981146,0.125,0.22926825673578516,0.044896466174736756,1.2298245614035088,0.3650332987308502,0.7871281504631042,0.7890510161717733,0.8261508941650391,0.8503563006718954,0.8462843298912048,33.367662615,68,6.009226442315312,23.394286725873826
uci_har,1.0,fedavg_single,8,1.0,0.0,377.86635028559994,509.27588995124984,0.8890385620777432,0.8998982111612955,0.8998982111612955,0.15156657000382742,52.00691890716553,0.9499843346172435,0.25,1.0,1.0,4.0,0.9086752533912659,0.8871168295542399,0.900689959526062,0.9013686180114746,0.8998982111612955,0.8568035364151001,41.361096355200004,5,28.615304001459993,34.712796152867845
uci_har,0.25,fedavg_q8,3,1.0,0.0,119.7544990488,127.31897248781246,0.8569188168669795,0.8306752443313599,0.8306752443313599,0.5900916457176208,28.808375358581543,0.9929674733795117,0.3125,0.75,0.75,2.9473684210526314,3.617030620574951,0.7780794203281403,0.8789729674657186,0.8851939837137858,0.8306752443313599,0.8819137811660767,68.9947345536,13,16.067863365525128,22.32569492577765
pamap2,0.25,ecofed,13,1.0,0.0,148.49151094600006,183.28921372799994,0.5373456766804702,0.6026419599850973,0.4146159589290619,0.6126557985941569,37.83315062522888,0.8484228673541417,0.25,0.5933065871044123,0.3203333914492581,2.3153508771929823,9.97452449798584,0.46053051948547363,0.5687653223673502,0.5062320133050283,0.6026419599850973,0.6104186773300171,137.06429749000003,72,16.864241760314563,18.029892832296884
uci_har,1.0,energy_greedy,9,1.0,0.0,336.3849510576002,509.27588995124984,0.8782689596578808,0.8775025407473246,0.8794254064559937,0.6104513009389242,59.587613344192505,0.8810333200744294,0.0625,1.0,1.0,4.0,0.7675949335098267,0.8676620324452718,0.8927723169326782,0.8805565039316813,0.8775025407473246,0.8761452436447144,52.026078332400004,9,10.766768777479504,21.8242608950766
uci_har,0.1,fedavg,7,1.0,0.0,36.3693625848,50.927588995125,0.817921186124819,0.8466236591339111,0.8466236591339111,0.3372921645641327,12.26618218421936,0.6161636471928962,0.0,0.35526315789473684,0.35526315789473684,1.263157894736842,3.0294511318206787,0.7215812802314758,0.7667684753735861,0.8669833739598592,0.8466236591339111,0.8707159757614136,24.2260777728,6,15.126275567271172,18.62182036291919
uci_har,0.1,fedprox,2,1.0,0.0,36.270551414399996,50.927588995125,0.8332576852881024,0.8639293909072876,0.8639293909072876,0.6504920125007629,12.818774938583374,0.618619956575522,0.0,0.35526315789473684,0.35526315789473684,1.263157894736842,1.610437035560608,0.7405836284160614,0.7832824190457662,0.8525053660074869,0.8639293909072876,0.8639293909072876,36.270551414399996,13,13.651316585073518,16.533483867777107
pamap2,0.1,ecofed,0,1.0,0.0,34.7479490277,72.2939575488,0.2871660040381501,0.2825300693511963,0.30801581343015033,0.21339053412278494,14.619400024414062,0.415250598052115,0.0,0.4643674754976029,0.3768958326641332,2.003947368421053,5.1986188888549805,0.2033812701702118,0.22222221891085306,0.2825300693511963,0.2825300693511963,0.26167044043540955,26.763744035400006,56,,
pamap2,1.0,oort,7,1.0,0.0,574.8730572863998,700.6342471679999,0.4790918323453367,0.5121972362200419,0.5194284717241923,0.4387523929278056,91.65499496459961,0.968645273625271,0.25,1.0,1.0,4.0,3.3155677318573,0.4113085865974426,0.4715978403886159,0.511587381362915,0.5121972362200419,0.4958180785179138,145.5512370816,17,82.25869338300419,100.49983562255568
uci_har,0.1,energy_greedy,14,1.0,0.0,36.89122132199999,50.92758899512501,0.8204259720086418,0.8327112197875977,0.8327112197875977,0.3305056095123291,11.286033153533936,0.6188891660176684,0.0,0.35526315789473684,0.35526315789473684,1.263157894736842,16.099903106689453,0.7655242681503296,0.8328243295351664,0.8614409963289896,0.8327112197875977,0.8456056714057922,28.1583779148,7,12.78437178608027,16.32280019290386
pamap2,0.25,ecofed,12,1.0,0.0,151.99752820439997,180.73489387199993,0.40236970700683306,0.48355622092882794,0.37151989340782166,0.48565900325775146,37.97697329521179,0.8422242201753019,0.4,0.5986325262496919,0.3085432424694698,2.2074561403508772,4.926974773406982,0.26402556399504346,0.32862309614817303,0.35966018835703534,0.48355622092882794,0.4885188043117523,122.91335654169995,64,71.31606087597011,117.51077007307096
pamap2,0.1,fedavg_q8,6,1.0,0.0,48.0197476536,71.7399219744,0.27783860423257467,0.2698019742965698,0.2685643434524536,0.1522277295589447,16.063232421875,0.5646419923400061,0.1,0.40789473684210525,0.40789473684210525,1.4736842105263157,22.258365631103516,0.1957920789718628,0.2161716173092524,0.37070955832799274,0.2698019742965698,0.36163365840911865,47.412709824,13,,
uci_har,0.25,ecofed_noQ,0,1.0,0.0,126.57245930434996,127.31897248781245,0.8021435808179702,0.8391584753990173,0.8391584753990173,0.780454695224762,25.417458534240723,0.999844126579843,0.8125,0.6700894694155948,0.6110619508000581,2.5749999999999997,1.9714642763137817,0.618086189031601,0.6735663612683614,0.8708290855089823,0.8391584753990173,0.8775025606155396,121.03524878794997,32,40.10593191479603,42.65895247534491
pamap2,1.0,oort,9,1.0,0.0,566.2624945344004,733.1568549119996,0.5919168458641011,0.5783530275026957,0.5626930793126425,0.4836475948492686,80.37177610397339,0.9599170046527349,0.3,1.0,1.0,4.0,10.682085037231445,0.38990092277526855,0.5596037109692892,0.7097049156824747,0.5783530275026957,0.6957494616508484,419.8979516736,44,85.80838285547296,91.7680943263071
pamap2,1.0,fedavg_q8,3,1.0,0.0,528.8391948336001,700.6342471679999,0.42579292973741556,0.43666144212086994,0.43256664276123047,0.45155950387318927,79.74502801895142,0.9467530240852826,0.3,1.0,1.0,4.0,17.315967559814453,0.35825056831041974,0.458006610472997,0.4262937704722087,0.43666144212086994,0.44694197177886963,244.39598629200003,23,106.78694086442343,113.74739323287544
pamap2,1.0,oort,15,1.0,0.0,559.1257591560003,700.6342471679999,0.5196925338517621,0.5461752812067667,0.5375500917434692,0.4074751635392507,79.51405024528503,0.9663831144539023,0.2,1.0,1.0,4.0,20.626766204833984,0.34788291652997333,0.5283150374889374,0.5891270438830057,0.5461752812067667,0.5844223499298096,387.8610700896001,48,90.76502752615244,94.1040972466915
uci_har,1.0,fedavg,11,1.0,0.0,372.5201625300003,509.2758899512498,0.8575997787660075,0.8635901014010111,0.8657391667366028,0.7476530075073242,55.05316138267517,0.9439779846575302,0.1875,1.0,1.0,4.0,5.346306800842285,0.8505825201670328,0.8603099385897318,0.8734306295712789,0.8635901014010111,0.8656260371208191,166.29596192760002,23,31.251514968257162,37.11144516473886
uci_har,0.25,fedavg_single,1,1.0,0.0,119.5067585532,127.31897248781246,0.8508715417989461,0.8751272559165955,0.8751272559165955,0.15269765257835388,23.700504779815674,0.9949554252582143,0.3125,0.6907894736842105,0.6907894736842105,2.736842105263158,4.3791375160217285,0.6515100002288818,0.8673227032025655,0.8820269107818604,0.8751272559165955,0.8992195725440979,84.6702756708,17,25.251327433015,29.25954373695319
uci_har,0.1,static_depth,7,1.0,0.0,48.6851427076,50.927588995125,0.796493276113498,0.8120121955871582,0.2955547869205475,0.8120121955871582,23.765429973602295,0.9939955592863997,0.25,0.38675914068415806,0.0,1.2842105263157895,4.567168712615967,0.7041058739026388,0.7715190649032593,0.7997964223225912,0.8120121955871582,0.8394978046417236,47.359679695000004,60,16.665342274381224,18.050969056007673
pamap2,1.0,energy_greedy,2,1.0,0.0,493.9508018663998,717.399219744,0.6185171471050674,0.6928217808405558,0.6966171662012736,0.3882838288942973,89.70173287391663,0.9112251053891682,0.0,1.0,1.0,4.0,12.515925407409668,0.42136964201927185,0.63803631067276,0.6878712972005209,0.6928217808405558,0.7123762369155884,474.60614147279983,76,40.55166086092041,43.95112047063311
pamap2,1.0,fedavg_q8,7,1.0,0.0,531.1937258784001,700.6342471679999,0.4786730472360701,0.5031364262104034,0.49538246790568036,0.36861823002497357,78.25426054000854,0.9494667653286593,0.2,1.0,1.0,4.0,21.465957641601562,0.3022303481896718,0.49311726291974384,0.5825056433677673,0.5031364262104034,0.5154207944869995,216.02645764799996,18,124.26251556178933,159.72077560157902
uci_har,0.25,ecofed,0,1.0,0.0,70.28288387245,127.31897248781245,0.8676742529021702,0.8822531501452128,0.8762583335240682,0.8750141263008118,26.99110174179077,0.6469118294392588,0.0,0.37699291395981965,0.25481727167813295,1.905263157894737,1.2258408069610596,0.8150661786397299,0.8772763212521871,0.8750141461690267,0.8822531501452128,0.870037317276001,53.970480659450004,60,11.511548235948544,13.26232640773643
uci_har,1.0,fedavg_q8,8,1.0,0.0,353.05920978479935,509.27588995124984,0.8662979004571247,0.8635901014010111,0.8635901014010111,0.6838592886924744,57.532453536987305,0.9122821747832118,0.4375,1.0,1.0,4.0,1.4482977390289307,0.8866643905639648,0.8721864223480225,0.8737699389457703,0.8635901014010111,0.8836104273796082,39.92744195520001,5,21.008036629513455,30.37046114990279
pamap2,0.25,energy_greedy,8,1.0,0.0,136.52584581600001,180.734893872,0.3742437569106739,0.2816048562526703,0.2816048562526703,0.25309109687805176,30.57495141029358,0.5977900561119661,0.15,0.6644736842105263,0.6644736842105263,2.6315789473684212,34.37318420410156,0.2600723405679067,0.35629572967688244,0.4653881788253784,0.2816048562526703,0.46353772282600403,87.01406776800002,15,54.132765611441975,66.89189331478991
pamap2,1.0,oort,11,1.0,0.0,554.7568898567993,700.6342471679999,0.4966348121348306,0.4710750977198283,0.41174420714378357,0.39440669616063434,78.10849523544312,0.9610088286117651,0.3,1.0,1.0,4.0,35.31694412231445,0.4451123774051666,0.5298832456270853,0.5842481056849161,0.4710750977198283,0.562205970287323,419.73464691119995,48,72.33749816896707,101.43995310752594
uci_har,0.25,ecofed_fixtau,4,1.0,0.0,11.2388103678,127.31897248781245,0.8379367802125531,0.8473023176193237,0.8276212811470032,0.8473023176193237,8.443162441253662,0.4690847645520796,0.0,0.1921164658462915,0.0809879230239341,0.7842105263157895,2.1097571849823,0.8473023176193237,0.8473023176193237,0.8473023176193237,0.8473023176193237,0.8177807927131653,11.1086930904,16,7.251300855574634,11.2388103678
pamap2,0.1,ecofed_fixprec,2,1.0,0.0,30.992009232599983,71.73992197439999,0.41340328686602773,0.4377887745698293,0.29900989433129627,0.4377887745698293,12.499213457107544,0.30212190844716125,0.05,0.42654137273688614,0.3136564858274765,1.9578947368421054,6.25853157043457,0.39034653703371686,0.39653465151786804,0.4377887745698293,0.4377887745698293,0.4037128686904907,7.822896800699999,10,20.011055557125612,20.253295010214575
pamap2,0.25,fedavg_q8,1,1.0,0.0,136.5879406848,183.28921372799994,0.3141071616392237,0.35346755385398865,0.35346755385398865,0.12400127947330475,35.54349422454834,0.5966495129560477,0.15,0.7039473684210527,0.7039473684210527,2.736842105263158,37.382144927978516,0.2678171992301941,0.3426014681657155,0.20379247764746347,0.35346755385398865,0.35346755385398865,136.5879406848,36,66.00933688059187,67.7427645868079
uci_har,0.25,oort,5,1.0,0.0,114.0256284311999,127.31897248781245,0.867350594581829,0.8591788411140442,0.8591788411140442,0.5480149388313293,24.527035236358643,0.9318104684020808,0.0625,0.6973684210526315,0.6973684210526315,2.736842105263158,7.463948726654053,0.8363307515780131,0.867096483707428,0.886551300684611,0.8591788411140442,0.8598574995994568,34.482638188799996,7,4.9934207183999995,13.519115884638978
uci_har,0.1,fedavg_single,14,1.0,0.0,36.891221322,50.92758899512501,0.7954491007483486,0.7404139637947083,0.7404139637947083,0.17339667677879333,10.113452672958374,0.6188891660176684,0.0,0.40789473684210525,0.40789473684210525,1.4736842105263157,5.401675701141357,0.7181879878044128,0.7708404064178467,0.867096463839213,0.7404139637947083,0.8710553050041199,27.0179572416,7,17.126198753425015,20.704455280264078
uci_har,0.25,ecofed,2,1.0,0.0,67.18895575910001,127.31897248781246,0.83567555825245,0.8545413414637247,0.8526184757550558,0.8569166461626688,24.601056575775146,0.7108154221923455,0.0,0.3769005219121893,0.254754451950804,2.059210526315789,0.3338407278060913,0.8002488414446512,0.8321456909179688,0.8540889024734497,0.8545413414637247,0.8137088418006897,19.9740248379,22,10.586585917215166,37.05183815440994
pamap2,0.25,fedprox,6,1.0,0.0,132.9912380615999,179.349804936,0.3586657514183241,0.3675742447376251,0.3012376129627228,0.2930693030357361,35.419509172439575,0.5970430984349053,0.1,0.6710526315789473,0.6710526315789473,2.6315789473684212,49.32155990600586,0.2144389400879542,0.33028052747249603,0.4110561013221741,0.3675742447376251,0.4544554352760315,81.61914179999998,12,86.60914044357777,100.94371382938637
pamap2,1.0,fedavg_paced,2,1.0,0.0,565.7657172648001,717.399219744,0.5719358054843952,0.6415016452471415,0.6204620401064554,0.5672442118326823,76.33846116065979,0.9690313070950037,0.25,1.0,1.0,4.0,1.9889755249023438,0.476485143105189,0.43028052647908527,0.6214521328608195,0.6415016452471415,0.6339108943939209,479.44198782479987,64,71.8703490384941,73.56477946424988
pamap2,1.0,fedavg_single,5,1.0,0.0,565.7655826056007,733.1568549119996,0.5574989224903989,0.5881538192431132,0.5881538192431132,0.07084265599648158,79.20429182052612,0.9628076794969719,0.2,1.0,1.0,4.0,8.916543006896973,0.23596463104089102,0.6367316345373789,0.6272504727045695,0.5881538192431132,0.6260786056518555,253.83010129200002,23,108.71034617637396,110.60314335156254
uci_har,0.1,fedavg,11,1.0,0.0,36.3970418508,50.92758899512501,0.7930409445041213,0.838819146156311,0.8374618291854858,0.41533762216567993,12.208176612854004,0.6182016276498703,0.0,0.3815789473684211,0.3815789473684211,1.368421052631579,3.2509615421295166,0.7064811587333679,0.7225427031517029,0.8537495732307434,0.838819146156311,0.8439090847969055,25.856101512000002,7,20.524704319066704,24.548403183610258
uci_har,0.25,fedavg_paced,3,1.0,0.0,115.1711781024,127.31897248781246,0.8585075886130209,0.8730912605921427,0.8730912605921427,0.6996945937474569,23.140597105026245,0.9319652438822102,0.1875,0.9013157894736842,0.9013157894736842,3.473684210526316,10.66113567352295,0.8118425607681274,0.826716423034668,0.8699242075284322,0.8730912605921427,0.885646402835846,115.1711781024,80,12.91383454545598,24.34775614807958
uci_har,0.25,ecofed,3,1.0,0.0,68.0215313241,127.31897248781246,0.850019100860198,0.8547675609588623,0.8553330898284912,0.8547675609588623,25.259650707244873,0.685046438033822,0.0,0.3633103992234308,0.253208730164177,1.9500000000000002,1.3978960514068604,0.7536477843920389,0.8623458941777548,0.8499038418134054,0.8547675609588623,0.8568035364151001,52.28790232560001,60,5.68336583523256,11.319432049468794
pamap2,0.25,energy_greedy,1,1.0,0.0,138.0609495336,183.28921372799994,0.2537591675608966,0.12400127947330475,0.12400127947330475,0.05656759440898895,30.810930967330933,0.5970511649484272,0.25,0.6644736842105263,0.6644736842105263,2.6315789473684212,24.680912017822266,0.11974006642897923,0.4120592375596364,0.47896026571591693,0.12400127947330475,0.21987855434417725,126.76646966160001,23,70.04669053042849,73.89343833477906
pamap2,0.25,oort,15,1.0,0.0,132.31226225039993,175.15856179199997,0.3188125341760042,0.2334030270576477,0.22634606063365936,0.2119707316160202,29.62437415122986,0.6460100186327022,0.15,0.7105263157894737,0.7105263157894737,2.8421052631578947,69.69158935546875,0.19872800012429556,0.4150548775990804,0.4181042015552521,0.2334030270576477,0.4200209081172943,119.08791823920002,24,,
uci_har,0.25,fedavg,1,1.0,0.0,119.5067585532,127.31897248781246,0.841314778587571,0.8398371338844299,0.8398371338844299,0.589073657989502,23.011414766311646,0.9949554252582143,0.3125,0.6907894736842105,0.6907894736842105,2.736842105263158,7.599919319152832,0.6912114024162292,0.8206085165341696,0.878294308980306,0.8398371338844299,0.8863250613212585,58.5305840076,9,27.968168399195502,34.307749878929535
pamap2,0.25,ecofed_fixprec,3,1.0,0.0,150.5555739405,175.15856179199997,0.47459011304749144,0.5500958363215128,0.48832549651463825,0.5657780170440674,36.02556085586548,0.8832703961766792,0.2,0.5738360852738068,0.31269502268938004,2.078070175438596,2.014439821243286,0.3919672469298045,0.4252483050028483,0.5024394591649374,0.5500958363215128,0.5253528356552124,150.5555739405,80,16.7675225157847,32.634237490370936
pamap2,0.25,fedprox,3,1.0,0.0,140.407854324,175.15856179199997,0.3532141209621758,0.42707788944244385,0.4333507716655731,0.2569262981414795,35.58217096328735,0.7451954771033017,0.2,0.6578947368421053,0.6578947368421053,2.6315789473684212,12.2986421585083,0.18727130442857742,0.3022303481896718,0.39998258153597516,0.42707788944244385,0.41871407628059387,106.888896588,17,98.03695386498262,
pamap2,1.0,oort,0,1.0,0.0,565.3504317120002,722.9395754879997,0.35992695175697675,0.352931280930837,0.46379005908966064,0.352931280930837,84.74942207336426,0.9608874575207389,0.15,1.0,1.0,4.0,11.103044509887695,0.3044831355412801,0.424005389213562,0.37278156479199726,0.352931280930837,0.3673984408378601,189.5756332872,19,118.21135764761604,
uci_har,1.0,fedavg_single,2,1.0,0.0,381.70951239359954,509.27588995124984,0.8912784338728896,0.8934509754180908,0.8934509754180908,0.19624476631482443,53.663918256759644,0.945909976197988,0.25,1.0,1.0,4.0,0.5255256295204163,0.8953738212585449,0.909964938958486,0.8997850815455118,0.8934509754180908,0.8965049386024475,43.56013386960001,5,9.236404981721511,17.99048815554017
uci_har,0.1,fedavg_q8,1,1.0,0.0,37.546328024400005,50.92758899512499,0.8208114641518875,0.8232100605964661,0.8232100605964661,0.3461146950721741,14.316097021102905,0.616312132795647,0.0625,0.4605263157894737,0.4605263157894737,1.6842105263157894,8.632983207702637,0.7505938112735748,0.7475398580233256,0.8770501017570496,0.8232100605964661,0.8815745115280151,31.797564754800003,11,3.6200845332,20.780366826586384
uci_har,0.25,ecofed_noZ,5,1.0,0.0,44.689045875699975,127.31897248781245,0.8233427359144273,0.8409682114919027,0.8120122154553732,0.8409682114919027,21.356462240219116,0.6822650285171786,0.0,0.2754725281058941,0.0015029174279483704,1.3210526315789477,1.1652175188064575,0.7759303251902262,0.8286392688751221,0.8409682114919027,0.8409682114919027,0.8096368908882141,23.1122770524,36,15.27862953567959,35.35135394719897
pamap2,0.1,fedavg_paced,3,1.0,0.0,41.30377631039999,70.06342471679999,0.2732474650603536,0.30423417687416077,0.2177208513021469,0.21824359893798828,14.071070194244385,0.5636000236015648,0.0,0.29605263157894735,0.29605263157894735,0.9473684210526315,9.613025665283203,0.147673811763525,0.208747165898482,0.3179125289122264,0.30423417687416077,0.4218505024909973,30.9015866664,36,,
uci_har,0.25,fedavg_q8,8,1.0,0.0,119.75668617120007,127.31897248781246,0.8606062196595755,0.8486596345901489,0.8486596345901489,0.6294536590576172,27.10935616493225,0.9926481245953512,0.375,0.743421052631579,0.743421052631579,2.9473684210526314,3.4361960887908936,0.7892772257328033,0.8987671136856079,0.8803302844365438,0.8486596345901489,0.8988802433013916,35.2767917544,5,15.266903098057416,24.944719693361215
pamap2,0.1,static_depth,1,1.0,0.0,64.86553752760004,73.31568549119999,0.33001333471948696,0.12400127947330475,0.03643336519598961,0.197187602519989,22.098679780960083,0.9563832056650459,0.2,0.3360452062355553,0.0,1.0736842105263158,2.2957355976104736,0.31905826926231384,0.5281772712866465,0.5090018212795258,0.12400127947330475,0.427293062210083,3.292943565600001,1,3.292943565600001,17.758217038669734
pamap2,1.0,oort,4,1.0,0.0,571.1566451087998,722.9395754879997,0.3819800306213813,0.3984355330467224,0.4039868811766307,0.39347295959790546,87.23395609855652,0.9682646889128096,0.15,1.0,1.0,4.0,9.35611629486084,0.31735217571258545,0.4565564692020416,0.3683236638704936,0.3984355330467224,0.4148372411727905,200.55413583599997,22,168.91303169792604,177.24063632982472
pamap2,0.1,ecofed_fixdepth,4,1.0,0.0,6.0057280896,72.29395754879998,0.14845917897180932,0.1415594220161438,0.12717637419700623,0.11203633248806,7.997094392776489,0.18356734228905788,0.0,0.17982456140350878,0.17982456140350878,0.631578947368421,23.066186904907227,0.1415594220161438,0.1415594220161438,0.1415594220161438,0.1415594220161438,0.2745395004749298,5.6298759096,17,,
uci_har,1.0,energy_greedy,0,1.0,0.0,354.4331782836,509.2758899512498,0.882364604703427,0.8842891057332357,0.8883610367774963,0.7569279472033182,59.482861280441284,0.8917500455375513,0.1875,1.0,1.0,4.0,1.0162692070007324,0.8828186988830566,0.9013686180114746,0.8818007111549377,0.8842891057332357,0.8805565237998962,265.3331064012001,56,10.183365998463861,16.143494611988864
uci_har,1.0,static_depth,9,1.0,0.0,267.1112378109999,509.27588995124984,0.8745801440037505,0.8721864024798075,0.9049881100654602,0.8556724389394125,45.26317882537842,0.8754209033929855,0.0,0.5890841485561207,0.4528391924052625,2.736842105263158,0.1532084047794342,0.8290917277336121,0.8707159757614136,0.8721864024798075,0.8721864024798075,0.8608754873275757,241.12249887459993,72,19.537830349329624,53.382910338715135
pamap2,0.25,ecofed_fixdepth,7,1.0,0.0,80.65534614239995,175.15856179199997,0.37554770910128926,0.46053319176038104,0.3203519781430562,0.3711448013782501,22.95958971977234,0.4826717014992762,0.0,0.7894736842105263,0.7894736842105263,3.3684210526315788,9.73328971862793,0.26224080224831897,0.3509322206179301,0.46053319176038104,0.46053319176038104,0.48719289898872375,79.61622178559995,76,39.1636471861484,76.91422466066122
pamap2,0.1,ecofed,15,1.0,0.0,30.03301384290001,70.06342471679999,0.40077981333159934,0.4115699628988902,0.34945112466812134,0.3755880792935689,14.128529787063599,0.33829224844049993,0.0,0.4831211358983997,0.3941819620614719,1.6500000000000001,11.147858619689941,0.21562990546226501,0.4477260907491048,0.4115699628988902,0.4115699628988902,0.406952440738678,19.6193388597,44,16.811031966779144,22.711455701151458
pamap2,0.25,fedprox,9,1.0,0.0,141.53092143599997,183.2892137279999,0.5076289249770306,0.547778844833374,0.5480984449386597,0.2751677930355072,34.37489342689514,0.59800023038647,0.45,0.6776315789473685,0.6776315789473685,2.6315789473684212,26.55303955078125,0.2752743164698283,0.4960051278273265,0.574411412080129,0.547778844833374,0.6129754185676575,81.91738441919999,12,39.9495608013212,41.804699684073036
pamap2,0.25,ecofed,4,1.0,0.0,148.4327669836,180.73489387199993,0.39646171595413027,0.47228531042734784,0.3525107304255168,0.47741609811782837,38.768744230270386,0.8173445070772891,0.2,0.5626535269401526,0.30862651535183755,2.3482456140350876,7.915394306182861,0.31272605061531067,0.3720245560010274,0.4362856348355611,0.47228531042734784,0.4380519688129425,127.77963501460002,68,89.4590084488532,95.85484699053401
pamap2,0.1,static_depth,14,1.0,0.0,63.59597634680001,71.7399219744,0.3960036234786233,0.40816831588745117,0.17499999701976776,0.40816831588745117,21.78371548652649,0.959127199029144,0.1,0.3209322088337595,0.0,1.063157894736842,1.9698246717453003,0.2755775600671768,0.4807755649089813,0.4703795313835144,0.40816831588745117,0.40717822313308716,34.1616595304,16,15.7512799693317,17.031542558813236
uci_har,1.0,fedavg_paced,13,1.0,0.0,391.520413542,509.2758899512498,0.8790809505350663,0.8963918288548788,0.894808292388916,0.8493382930755615,59.96346664428711,0.9608925278761257,0.1875,1.0,1.0,4.0,0.6627443432807922,0.8806696136792501,0.8872299591700236,0.8959393699963888,0.8963918288548788,0.8961656093597412,347.22236375759996,68,31.81364880002144,35.57907120851547
pamap2,1.0,ecofed,8,1.0,0.0,473.99511259340005,722.939575488,0.5088618808915694,0.566069483757019,0.5035747388998667,0.566069483757019,73.94514298439026,0.9005258190687341,0.05,0.9972452463885366,0.7838751782628567,3.6263157894736837,1.4133601188659668,0.3877533773581187,0.45680880546569824,0.5333501597245535,0.566069483757019,0.48927581310272217,448.13189153340005,76,108.51210662584934,130.43445747621908
pamap2,0.1,oort,5,1.0,0.0,50.55449040240002,73.31568549119997,0.3666211823197806,0.29338446259498596,0.25631192326545715,0.29338446259498596,14.815263986587524,0.5724343642804988,0.1,0.35526315789473684,0.35526315789473684,1.263157894736842,35.73823165893555,0.3318951725959778,0.2808138926823934,0.5002663234869639,0.29338446259498596,0.5263662338256836,26.182791624,4,34.157841469595525,34.77903789011038
pamap2,1.0,fedavg_paced,13,1.0,0.0,578.3959037304,733.1568549119997,0.5157168273107291,0.5802705883979797,0.4768296579519908,0.5855970978736877,83.9082863330841,0.9712981990288415,0.15,1.0,1.0,4.0,11.785579681396484,0.38244380553563434,0.533503790696462,0.5998721520105997,0.5802705883979797,0.6756151914596558,390.4940319888,48,128.7515850744218,130.1191748052775
uci_har,0.25,ecofed_noQ,3,1.0,0.0,126.5762697591001,127.31897248781246,0.8001687714348227,0.8591788411140442,0.8591788411140442,0.7533084750175476,25.139353275299072,0.9997405911606569,0.875,0.676085362250449,0.6316346141544164,2.642105263157895,2.9694314002990723,0.5824567079544067,0.6631602644920349,0.8872299591700236,0.8591788411140442,0.8887003660202026,43.543867017800004,6,40.17243454203108,42.115572053683984
pamap2,0.1,energy_greedy,12,1.0,0.0,49.8091295616,72.29395754879998,0.2843471609619433,0.2541004419326782,0.19253091514110565,0.2541004419326782,15.406137704849243,0.5749655615569058,0.0,0.32894736842105265,0.32894736842105265,1.1578947368421053,29.09700584411621,0.1606106460094452,0.23038102189699808,0.40962234139442444,0.2541004419326782,0.49457481503486633,47.4238443816,9,46.45133362949017,
pamap2,1.0,oort,6,1.0,0.0,548.8475889888003,717.399219744,0.5577053468182629,0.5921617348988851,0.5995874802271525,0.3940594096978505,83.6358094215393,0.9611370726864772,0.15,1.0,1.0,4.0,6.998554706573486,0.49727723002433777,0.564026415348053,0.5396039485931396,0.5921617348988851,0.573019802570343,109.54424644800001,11,71.40195097497674,76.69772589021427
uci_har,0.1,ecofed,2,1.0,0.0,44.554127303899996,50.927588995125,0.8001111495015867,0.8371224999427795,0.8216265042622884,0.8419861992200216,16.659188270568848,0.9063317848668252,0.125,0.30932408455894483,0.2508989026368312,1.914035087719298,3.2793729305267334,0.7079515854517618,0.7847528656323751,0.8171021540959676,0.8371224999427795,0.810654878616333,8.2784350593,13,8.137429289270214,40.09313623241516
pamap2,0.25,fedavg,1,1.0,0.0,138.0609495336,183.28921372799994,0.307523824918539,0.2937040627002716,0.32694151997566223,0.12400127947330475,30.70628571510315,0.5970511649484272,0.25,0.6710526315789473,0.6710526315789473,2.6315789473684212,16.121002197265625,0.23031852642695108,0.3483541011810303,0.2462980697552363,0.2937040627002716,0.2937040627002716,138.0609495336,40,60.028255093266125,72.35919898198263
uci_har,0.25,ecofed_noQ,5,1.0,0.0,126.63625503109995,127.31897248781245,0.8111796750119371,0.8177807927131653,0.8398371338844299,0.8028503656387329,25.415276527404785,0.999773070024031,0.875,0.6973388762904427,0.6461086514089971,2.7605263157894737,2.3524768352508545,0.6394638419151306,0.7459563215573629,0.8363307317097982,0.8177807927131653,0.820834755897522,60.8009173008,10,38.426694953793564,45.540331623691934
pamap2,1.0,fedprox,7,1.0,0.0,565.0577450784006,700.6342471679999,0.4615291877990323,0.4469419817129771,0.4459836184978485,0.3870012164115906,92.20942997932434,0.9665116425166285,0.35,1.0,1.0,4.0,19.595462799072266,0.3076319893201192,0.5101934174696604,0.5193413496017456,0.4469419817129771,0.5143753290176392,175.6141713744,13,121.14901711726039,131.89458842125217
pamap2,0.1,oort,11,1.0,0.0,41.744233224,70.06342471679999,0.3088131664991867,0.2932566702365875,0.16858337819576263,0.2932566702365875,13.97706651687622,0.5572387608913895,0.05,0.35526315789473684,0.35526315789473684,1.263157894736842,42.769718170166016,0.17537899315357208,0.2970900883277257,0.3904861509799957,0.2932566702365875,0.4323052763938904,39.059201215200005,9,,
pamap2,0.25,fedavg_single,3,1.0,0.0,140.407854324,175.15856179199997,0.36093493489753836,0.35729220509529114,0.35729220509529114,0.023784631863236427,28.506028413772583,0.7451954771033017,0.2,0.6578947368421053,0.6578947368421053,2.6315789473684212,11.251607894897461,0.18191322684288025,0.3417842785517375,0.4081721603870392,0.35729220509529114,0.4087820053100586,100.5086970744,15,66.73482646766426,99.41096733258938
uci_har,0.25,fedavg_paced,5,1.0,0.0,114.02562843119996,127.31897248781245,0.8302178153286739,0.8755796750386556,0.8755796750386556,0.8148399591445923,24.73010778427124,0.9318104684020808,0.0625,0.8289473684210527,0.8289473684210527,3.3684210526315788,3.475886821746826,0.652867317199707,0.8310145934422811,0.833955446879069,0.8755796750386556,0.8927723169326782,93.8944402176,56,27.748107733304188,27.799880049600006
uci_har,0.1,ecofed_fixdepth,1,1.0,0.0,9.3689943072,50.92758899512499,0.798755714106661,0.8001357316970825,0.8001357316970825,0.4418052136898041,6.246802091598511,0.6062558648917056,0.0,0.2565789473684211,0.2565789473684211,0.8421052631578947,14.273695945739746,0.7706141869227091,0.8001357316970825,0.8001357316970825,0.8001357316970825,0.8720732927322388,7.3594985988,10,5.523420682799999,7.3594985988
uci_har,0.1,ecofed_fixprec,0,1.0,0.0,45.23024787184998,50.92758899512499,0.8265449519735737,0.8500169515609741,0.8426648378372192,0.8003619511922201,13.985854387283325,0.8965458760894088,0.3125,0.2730518268954115,0.15737720352610995,1.5767543859649125,0.3435450494289398,0.7659766872723898,0.8137088616689047,0.8282999396324158,0.8500169515609741,0.8639293909072876,26.903792242199994,44,7.436871806952208,8.55570127232595
uci_har,0.1,ecofed,13,1.0,0.0,45.1832206823,50.92758899512501,0.847502270958494,0.8877954880396525,0.8924329876899719,0.8890396952629089,16.825536966323853,0.9187029140941645,0.1875,0.3238932987681028,0.25968859346898854,1.9504385964912283,1.0257487297058105,0.7628096540768942,0.8764845530192057,0.860309918721517,0.8877954880396525,0.8968442678451538,45.1832206823,80,5.911325968741667,8.154824956669097
uci_har,0.25,fedavg_q8,9,1.0,0.0,121.73641154400013,127.31897248781246,0.8112545049571109,0.8713946342468262,0.8713946342468262,0.5459789633750916,27.271048307418823,0.9970834255054876,0.25,0.756578947368421,0.756578947368421,2.9473684210526314,1.0596081018447876,0.669664055109024,0.7699355284372965,0.8469630082448324,0.8713946342468262,0.8683406710624695,49.096286148000004,8,38.109499625509464,45.435628799044686
uci_har,1.0,fedavg_q8,11,1.0,0.0,350.0020666307999,509.2758899512498,0.853704071983648,0.8568035364151001,0.8568035364151001,0.7468612194061279,57.79013800621033,0.9083439916751701,0.375,1.0,1.0,4.0,6.670987606048584,0.8375749389330546,0.8469630082448324,0.8786336382230123,0.8568035364151001,0.8724126219749451,163.88396665200003,23,31.294587542230637,55.90234602727412
pamap2,0.25,ecofed_fixdepth,1,1.0,0.0,50.4696504636,183.28921372799994,0.238859110970841,0.24640460312366486,0.3934164345264435,0.24640460312366486,16.394062995910645,0.5389121773515736,0.0,0.5263157894736842,0.5263157894736842,1.894736842105263,8.91018295288086,0.09811441600322723,0.2778310353557269,0.24640460312366486,0.24640460312366486,0.5254074931144714,47.743603079999986,36,48.387320895872186,49.16591512560497
pamap2,0.25,fedprox,5,1.0,0.0,139.11877866479998,183.2892137279999,0.4516700086268771,0.39245766401290894,0.39245766401290894,0.42154043912887573,36.4584801197052,0.5972196470617929,0.3,0.6710526315789473,0.6710526315789473,2.6315789473684212,35.0854606628418,0.36593160033226013,0.43943752845128375,0.621604343255361,0.39245766401290894,0.5912432074546814,81.0190467456,11,49.19474317527582,54.34446698654082
pamap2,0.1,static_depth,8,1.0,0.0,64.35064971560001,72.29395754879997,0.3406683846017527,0.3454453647136688,0.0633358582854271,0.3454453647136688,22.284284591674805,0.9644883675177625,0.1,0.34180722142825154,0.0,1.131578947368421,3.280866861343384,0.23408192644516626,0.36580032110214233,0.40104297796885174,0.3454453647136688,0.38127681612968445,44.81079181639999,23,33.00379593460025,33.44320049031209
pamap2,0.25,ecofed_noZ,0,1.0,0.0,148.8536416424,180.73489387199993,0.4298819211873277,0.49751871824264526,0.2244932254155477,0.49751871824264526,42.691513776779175,0.8449096529006146,0.2,0.6581574419325753,0.1577505518798122,2.055263157894737,6.266388893127441,0.3308941026528676,0.3939776321252187,0.40970645348231,0.49751871824264526,0.4910421371459961,121.07903277920002,64,24.949822142283256,103.56568560463228
pamap2,0.1,fedavg_single,14,1.0,0.0,48.907927236000006,71.7399219744,0.23677774484878658,0.10495049506425858,0.1430693119764328,0.10495049506425858,14.22441291809082,0.5717794127163806,0.05,0.35526315789473684,0.35526315789473684,1.263157894736842,22.881366729736328,0.2512376233935356,0.3013201306263606,0.2943069239457448,0.10495049506425858,0.3042079210281372,32.039103804,5,,
pamap2,0.1,fedprox,8,1.0,0.0,49.48167949199999,72.29395754879997,0.2540708847836622,0.31213727593421936,0.31213727593421936,0.19429725408554077,15.967085599899292,0.5747354293653806,0.0,0.32894736842105265,0.32894736842105265,1.1578947368421053,17.934804916381836,0.17083017900586128,0.19732526193062463,0.23853981991608939,0.31213727593421936,0.31213727593421936,49.48167949199999,13,,
pamap2,0.1,fedprox,6,1.0,0.0,46.26925878,71.7399219744,0.26921045123126297,0.2759900987148285,0.2599009871482849,0.1527227759361267,15.301381587982178,0.5601004454621428,0.05,0.35526315789473684,0.35526315789473684,1.263157894736842,38.71277618408203,0.19232673943042755,0.22912541031837463,0.2948019752899806,0.2759900987148285,0.2759900987148285,46.26925878,12,,
pamap2,0.25,fedprox,8,1.0,0.0,136.52584581600007,180.734893872,0.324238692498097,0.20691394805908203,0.20691394805908203,0.2197829931974411,33.59356355667114,0.5977900561119661,0.15,0.6842105263157895,0.6842105263157895,2.736842105263158,49.53871154785156,0.20741862306992212,0.3281184285879135,0.4724535346031189,0.20691394805908203,0.3890991806983948,90.53008292160001,14,56.85080593698202,77.54431725758917
pamap2,0.1,fedavg_q8,0,1.0,0.0,47.0688756288,72.2939575488,0.20578123755798014,0.16426949203014374,0.16426949203014374,0.10648498684167862,15.48250699043274,0.557360135604917,0.15,0.40789473684210525,0.40789473684210525,1.4736842105263157,50.79735565185547,0.13802674412727356,0.1908486783504486,0.24131549894809723,0.16426949203014374,0.21296997368335724,33.2766651216,7,,
pamap2,0.25,fedavg_paced,1,1.0,0.0,138.06094953359997,183.28921372799994,0.25407791539855656,0.22382017970085144,0.20432512958844504,0.1137743666768074,31.072276830673218,0.5970511649484272,0.25,0.7105263157894737,0.7105263157894737,2.9473684210526314,7.5840535163879395,0.21838713188966116,0.27953553199768066,0.2560988614956538,0.22382017970085144,0.36209651827812195,111.796466052,56,,
uci_har,0.25,fedavg,0,1.0,0.0,118.13112931679998,127.31897248781245,0.8616768527412473,0.8574821949005127,0.8574821949005127,0.49609771370887756,23.665818691253662,0.9939668177384381,0.1875,0.6710526315789473,0.6710526315789473,2.6315789473684212,4.728884220123291,0.7928967277208964,0.8555593291918436,0.8855333129564921,0.8574821949005127,0.8893790245056152,102.58571772839998,23,18.10702951907509,27.633415571081176
pamap2,0.1,fedprox,9,1.0,0.0,52.57369144080001,73.31568549119999,0.3961751771262497,0.4563758373260498,0.4001278281211853,0.342601478099823,16.644201040267944,0.5802221781290428,0.25,0.32894736842105265,0.32894736842105265,1.1578947368421053,13.550732612609863,0.2766059413552284,0.2704804490009944,0.44678811232248944,0.4563758373260498,0.4768296480178833,36.742581379200004,6,35.28293203793836,37.11650354882904
pamap2,0.25,fedavg,9,1.0,0.0,141.53092143599997,183.2892137279999,0.515717491324234,0.5643975734710693,0.5346755981445312,0.2850750982761383,31.174417972564697,0.59800023038647,0.45,0.6776315789473685,0.6776315789473685,2.6315789473684212,30.015050888061523,0.2665388335784276,0.5080430408318838,0.5847448507944742,0.5643975734710693,0.6107382774353027,81.91738441919999,12,39.09763448555143,40.88999738686364
uci_har,0.1,ecofed_noQ,3,1.0,0.0,50.068525077800004,50.92758899512501,0.8023745236230521,0.8415337800979614,0.8435697555541992,0.7064811587333679,13.103580951690674,0.9982930114730709,0.625,0.48533381574278134,0.3522376596525146,1.6263157894736844,4.502650260925293,0.6793349385261536,0.7236738006273905,0.8250197966893514,0.8415337800979614,0.8605361580848694,38.799583621400004,11,22.95559777428913,27.516364079938132
uci_har,0.1,ecofed_fixprec,5,1.0,0.0,44.974217928700014,50.92758899512499,0.8013050865111999,0.8606492479642233,0.834973414738973,0.8436828454335531,13.15174913406372,0.9193127451589772,0.1875,0.2916874344649155,0.19369576911211592,1.5539473684210527,2.27528715133667,0.7082909146944681,0.8094107111295065,0.7964031298955282,0.8606492479642233,0.8204954266548157,12.986030318800003,17,12.49543367929211,31.672339496390975
pamap2,0.1,fedavg,14,1.0,0.0,48.907927236000006,71.7399219744,0.2965029053320193,0.21584159135818481,0.21584159135818481,0.19306930899620056,14.828590154647827,0.5717794127163806,0.05,0.35526315789473684,0.35526315789473684,1.263157894736842,26.36150550842285,0.2149752452969551,0.27268976469834644,0.4221947292486827,0.21584159135818481,0.4301980137825012,44.1134052096,9,39.13190570962011,
uci_har,0.25,fedavg_q8,1,1.0,0.0,118.36626669959983,127.31897248781246,0.8281102945952067,0.838819146156311,0.838819146156311,0.556498110294342,27.455595016479492,0.9943655792892199,0.1875,0.75,0.75,2.9473684210526314,3.9367220401763916,0.5931455492973328,0.860762357711792,0.884628434975942,0.838819146156311,0.8530709147453308,88.88521996679995,23,30.116898433599143,33.79170295991515
uci_har,0.1,ecofed_fixdepth,4,1.0,0.0,8.717081796599999,50.92758899512499,0.8141692499139725,0.8320325613021851,0.8320325613021851,0.4787919819355011,6.085878133773804,0.6152581849597439,0.0,0.25,0.25,0.8421052631578947,3.199922561645508,0.6297930081685384,0.8320325613021851,0.8320325613021851,0.8320325613021851,0.8680013418197632,7.353551928,10,7.353551928,7.353551928
pamap2,0.1,static_depth,11,1.0,0.0,63.76987838799999,70.06342471679999,0.42879990081579616,0.3640878200531006,0.14244641363620758,0.3640878200531006,21.998095273971558,0.9757459677964495,0.2,0.3820251341470379,0.0,1.1736842105263159,2.9855382442474365,0.30780623356501263,0.45687402288119,0.4613173007965088,0.3640878200531006,0.44851019978523254,30.545025772,14,13.408570325939166,16.19837414276878
pamap2,0.25,fedavg_q8,8,1.0,0.0,136.41311741039985,180.734893872,0.3532324263985901,0.28236183524131775,0.28236183524131775,0.19126923382282257,34.244566440582275,0.5984669602536288,0.1,0.7171052631578947,0.7171052631578947,2.8421052631578947,107.04302215576172,0.2879973103602727,0.3912860651810964,0.41752880811691284,0.28236183524131775,0.6237698793411255,81.55619865839999,13,71.81752558270459,73.81565726728714
pamap2,0.25,oort,4,1.0,0.0,134.73018553679995,180.73489387199993,0.2851411089285657,0.25914710760116577,0.25914710760116577,0.259651780128479,29.939841270446777,0.5972419554530491,0.1,0.6842105263157895,0.6842105263157895,2.736842105263158,20.506465911865234,0.21002607544263205,0.2915299783150355,0.3193708558877309,0.25914710760116577,0.3020439147949219,110.06227508159996,20,,
pamap2,0.1,ecofed_fixtau,7,1.0,0.0,31.6884272664,70.06342471679999,0.3796642568650396,0.4025962750116984,0.40529709060986835,0.27844572563966113,15.941647052764893,0.3443053538077791,0.05,0.19958709489601936,0.1649993412653674,0.4052631578947368,5.972352027893066,0.3815995951493581,0.24028576413790384,0.4025962750116984,0.4025962750116984,0.43439623713493347,28.359972210000002,68,,
pamap2,0.1,fedavg,9,1.0,0.0,52.57369144080001,73.31568549119999,0.405827004807894,0.4595717489719391,0.4093959629535675,0.3457973897457123,15.195095777511597,0.5802221781290428,0.25,0.32894736842105265,0.32894736842105265,1.1578947368421053,13.448302268981934,0.27612655609846115,0.30169383188088733,0.4511558512846629,0.4595717489719391,0.48386067152023315,41.674934752800006,7,34.52767521886209,36.544157891693146
uci_har,0.1,oort,5,1.0,0.0,36.9631297152,50.92758899512499,0.834946297452321,0.8588395118713379,0.8588395118713379,0.49643704295158386,12.226464986801147,0.6175898615230917,0.0,0.3815789473684211,0.3815789473684211,1.368421052631579,5.857457160949707,0.730573445558548,0.7768351833025614,0.8924329876899719,0.8588395118713379,0.8954869508743286,28.631894457599998,8,14.484511056014039,17.290453636000347
uci_har,1.0,energy_greedy,15,1.0,0.0,361.55914211280003,509.27588995124984,0.8747230753272943,0.8786336183547974,0.884628415107727,0.7387173374493917,60.901381731033325,0.9105392701708979,0.1875,1.0,1.0,4.0,2.237705945968628,0.8896052241325378,0.89582626024882,0.8874561587969462,0.8786336183547974,0.8900576829910278,93.4037791968,18,13.160079073296906,16.844140153832452
uci_har,0.25,fedprox,12,1.0,0.0,111.62728917840003,127.31897248781245,0.8376350902218461,0.8252460360527039,0.8316932320594788,0.5181540846824646,25.44287109375,0.8677771367074267,0.0625,0.6842105263157895,0.6842105263157895,2.736842105263158,15.904587745666504,0.7539870937665304,0.7701617280642191,0.8853070735931396,0.8252460360527039,0.8931116461753845,91.65415279920002,22,36.34807068696469,38.95228615841396
uci_har,1.0,fedprox,1,1.0,0.0,379.5222863267997,509.27588995124984,0.8828121620248713,0.9046487808227539,0.9046487808227539,0.6935867071151733,62.03324508666992,0.9494241904849254,0.3125,1.0,1.0,4.0,2.337332010269165,0.8520529468854269,0.8680013616879781,0.8933378656705221,0.9046487808227539,0.8754665851593018,162.86306326200005,22,28.28773280614798,34.785737795436596
pamap2,1.0,fedavg,10,1.0,0.0,548.6418858072002,717.3992197439999,0.469497150664712,0.5205445686976115,0.5205445686976115,0.2940593957901001,76.44908452033997,0.9625518757390459,0.15,1.0,1.0,4.0,11.166705131530762,0.3306930661201477,0.40272276600201923,0.5190594096978506,0.5205445686976115,0.5356435775756836,486.69354137519986,60,106.29339175533528,206.84754907503122
uci_har,0.25,fedavg_q8,2,1.0,0.0,120.32100713039996,127.31897248781246,0.8447015441870009,0.8364438414573669,0.8411944508552551,0.6253817677497864,28.073513507843018,0.9948346666730347,0.1875,0.75,0.75,2.9473684210526314,3.060321807861328,0.7524601221084595,0.847641666730245,0.8799909353256226,0.8364438414573669,0.8713946342468262,65.0689119216,12,21.454212170223254,25.897127637295092
uci_har,0.25,ecofed,4,1.0,0.0,69.04985214515001,127.31897248781245,0.8598041236030144,0.8898314634958903,0.8741092681884766,0.8971835772196451,25.272123336791992,0.6972309522471364,0.0,0.371658318653611,0.2554254043671927,1.95921052631579,0.2917111814022064,0.8249066869417826,0.841759979724884,0.8980884353319804,0.8898314634958903,0.8394978046417236,20.509266696700003,21,6.425240433156585,14.860413695945699
uci_har,0.1,fedavg,12,1.0,0.0,36.3776762232,50.92758899512501,0.8334636221334472,0.857821524143219,0.8581608533859253,0.3352561891078949,11.07266640663147,0.618621486058712,0.0,0.35526315789473684,0.35526315789473684,1.263157894736842,10.104461669921875,0.7504241764545441,0.7611130078633627,0.8674358129501343,0.857821524143219,0.857821524143219,36.3776762232,14,16.440772182941483,20.787917723228404
pamap2,0.25,static_depth,6,1.0,0.0,172.02636189999998,179.349804936,0.5126632215326076,0.5415841341018677,0.2487623691558838,0.5415841341018677,35.97596597671509,0.9956748949520533,0.2,0.22628754500888815,0.22628754500888815,1.5421052631578949,20.03023910522461,0.2979373037815094,0.4527227779229482,0.5286303460597992,0.5415841341018677,0.5522277355194092,170.9128100308,60,26.196631571801863,27.313563842362463
pamap2,0.1,energy_greedy,13,1.0,0.0,49.5686811312,73.31568549119999,0.30813637927472903,0.273889422416687,0.2591882348060608,0.273889422416687,14.929606437683105,0.5651069467298928,0.1,0.35526315789473684,0.35526315789473684,1.263157894736842,15.253564834594727,0.2507190778851509,0.25620538492997486,0.38862256209055585,0.273889422416687,0.3186321556568146,41.586142101600004,8,,
uci_har,0.25,static_depth,5,1.0,0.0,107.44918554440002,127.31897248781245,0.8447915468911731,0.8674358129501343,0.8719602028528849,0.8469630082448324,30.328203439712524,0.9822432891122109,0.0625,0.2899081290734446,0.11964839760742063,1.7157894736842103,0.7524760961532593,0.7895034551620483,0.8185725609461466,0.8725257515907288,0.8674358129501343,0.8656260371208191,43.090350007,28,7.1625667395618065,40.81199760440384
uci_har,1.0,ecofed,15,1.0,0.0,179.49997059060001,509.27588995124984,0.8546183344550012,0.8549938003222147,0.8345209956169128,0.8276213010152181,34.92801213264465,0.6312312561635065,0.0,0.6300110700078578,0.404715596358514,2.3842105263157896,1.9639579057693481,0.868566890557607,0.8667571544647217,0.8549938003222147,0.8549938003222147,0.8853070735931396,46.4272921084,16,20.181808773270134,30.02255481445375
pamap2,0.1,ecofed_fixprec,6,1.0,0.0,32.31756582329999,71.7399219744,0.35389948262623416,0.3708745837211609,0.366996705532074,0.35866337021191913,12.460056066513062,0.34799082757467836,0.05,0.4174203236116778,0.30017230339131734,1.7228070175438597,11.382669448852539,0.23630362749099731,0.27013200521469116,0.3708745837211609,0.3708745837211609,0.2757425606250763,3.8615833727999993,5,,
pamap2,1.0,fedavg_single,3,1.0,0.0,559.4873144400002,700.6342471679999,0.4677921165533016,0.47874194383621216,0.47874194383621216,0.052970901131629944,79.24209141731262,0.9660717395695382,0.2,1.0,1.0,4.0,5.554825305938721,0.35459138949712116,0.46898414691289264,0.4975605408350627,0.47874194383621216,0.4762153625488281,476.54502799679994,56,121.3869603044736,125.58990719305325
uci_har,1.0,fedprox,0,1.0,0.0,387.3510490464,509.2758899512498,0.8749321999444082,0.8801040848096212,0.8888134757677714,0.6924556096394857,65.84746718406677,0.9566620975518775,0.25,1.0,1.0,4.0,1.010421633720398,0.8706028858820597,0.8618934750556946,0.8839497963587443,0.8801040848096212,0.8849677443504333,316.7237293524,56,26.589001222902347,34.462824286676344
pamap2,0.25,fedavg_paced,11,1.0,0.0,135.77130140160006,175.15856179199997,0.3866615190949645,0.45844224095344543,0.4320439000924428,0.3423070212205251,28.635401010513306,0.695403813304946,0.15,0.6973684210526315,0.6973684210526315,2.6315789473684212,7.293488502502441,0.2032148391008377,0.37271300951639813,0.40146366755167645,0.45844224095344543,0.4451123774051666,54.379658760000005,20,53.36286852255785,54.379658760000005
uci_har,1.0,static_depth,4,1.0,0.0,274.577821765,509.2758899512498,0.8897620802977997,0.8946951826413473,0.8966180284818014,0.8701504270235697,42.44575309753418,0.8569223205352319,0.0,0.6339351875049827,0.4770627313670552,2.7263157894736842,0.20358283817768097,0.8648342887560526,0.8859857519467672,0.8887003858884176,0.8946951826413473,0.8903970122337341,234.2264094792,68,18.72229276461237,22.647918785329143
uci_har,0.1,oort,2,1.0,0.0,36.270551414399996,50.927588995125,0.8168059679760231,0.8496776223182678,0.8496776223182678,0.6589752435684204,11.738361358642578,0.618619956575522,0.0,0.3815789473684211,0.3815789473684211,1.368421052631579,1.4159023761749268,0.6988462805747986,0.7621309757232666,0.8737699190775553,0.8496776223182678,0.8696979880332947,25.896827491199996,7,18.32283641914744,20.489627505200854
pamap2,0.25,ecofed_noZ,2,1.0,0.0,139.4497924007,179.349804936,0.6117197768683864,0.6983498334884644,0.3706270555655162,0.696039617061615,39.83559274673462,0.8378266004694154,0.15,0.6025365589398575,0.18282049905530098,2.0171052631578945,5.64979362487793,0.408003310362498,0.5833333333333334,0.6678217848141988,0.6983498334884644,0.7131187915802002,133.9016585225,76,20.304316873783772,21.54728115255209
uci_har,0.1,ecofed_fixtau,2,1.0,0.0,38.525819337199984,50.927588995125,0.791469588604527,0.8232100407282511,0.8286393086115519,0.8198167681694031,15.869332075119019,0.8606200137666338,0.1875,0.31537126746560346,0.22756892093824474,1.5456140350877192,1.0553029775619507,0.729329248269399,0.7852052847544352,0.8043207923571268,0.8232100407282511,0.7994570732116699,10.754367775799999,23,10.754367775799999,
uci_har,0.25,fedavg_paced,11,1.0,0.0,112.73613603359992,127.31897248781245,0.8325474186071673,0.8638163010279337,0.8638163010279337,0.7688044309616089,22.339146614074707,0.870682713958444,0.1875,0.875,0.875,3.473684210526316,1.0101139545440674,0.7691437602043152,0.8585001627604166,0.8644949595133463,0.8638163010279337,0.8456056714057922,105.68851782719995,68,23.481539027620943,27.01525015100985
pamap2,1.0,ecofed,1,1.0,0.0,481.6049686160002,733.1568549119997,0.6198172170729106,0.6535634398460388,0.6398210128148397,0.6421647071838379,81.29811429977417,0.858523858077485,0.1,0.996037973960599,0.7884950033613908,3.568421052631579,0.4738471210002899,0.48439331849416095,0.6696495215098063,0.618941088517507,0.6535634398460388,0.563758373260498,341.1479313540001,56,36.54420882309483,39.23802946742266
uci_har,1.0,ecofed,7,1.0,0.0,178.0555967205,509.2758899512498,0.8680384464647353,0.8764845728874207,0.8764845728874207,0.8262640039126078,39.18852615356445,0.6311851563592593,0.0,0.6863156375881906,0.4745970000390607,2.5736842105263156,0.10491663217544556,0.8642687400182089,0.8591788411140442,0.8764845728874207,0.8764845728874207,0.8469629883766174,147.4041758972,64,13.73784110676122,15.4154350506244
pamap2,1.0,fedprox,2,1.0,0.0,549.8986983143998,717.399219744,0.5590357727179559,0.5712046225865682,0.5775577624638876,0.3646864692370097,85.14404940605164,0.9593609307618733,0.25,1.0,1.0,4.0,26.209272384643555,0.2825907568136851,0.4825907548268636,0.6764851609865824,0.5712046225865682,0.658910870552063,488.01283649039965,60,108.26927174860437,113.56476107690754
pamap2,1.0,ecofed,0,1.0,0.0,478.2616326523999,722.9395754879997,0.4598729070601791,0.5154344340165457,0.45487425724665326,0.521238108476003,81.45353770256042,0.8780379718968075,0.05,0.9917634668800371,0.7932883485561609,3.6368421052631574,1.9903589487075806,0.32307174305121106,0.4028093119462331,0.5127428770065308,0.5154344340165457,0.43123894929885864,274.4026174092,44,121.39135281531564,315.28641587050345
uci_har,0.1,energy_greedy,12,1.0,0.0,36.3776762232,50.92758899512501,0.8296548411797404,0.8425517678260803,0.8425517678260803,0.3338988721370697,11.57047986984253,0.618621486058712,0.0,0.35526315789473684,0.35526315789473684,1.263157894736842,4.679899215698242,0.754156768321991,0.8083927035331726,0.8528446952501932,0.8425517678260803,0.8907363414764404,33.406986276,9,13.616897640143193,18.962939837177398
uci_har,1.0,fedavg_single,9,1.0,0.0,376.77968752199996,509.27588995124984,0.8774596004856063,0.8858726223309835,0.8858726223309835,0.10089356452226639,51.09808564186096,0.9461106225254131,0.1875,1.0,1.0,4.0,0.7731323838233948,0.8707159757614136,0.8874561587969462,0.8933378656705221,0.8858726223309835,0.8924329876899719,147.63754181640002,19,33.32925450889341,42.26375413069996
uci_har,0.25,fedprox,8,1.0,0.0,115.20050384639993,127.31897248781246,0.8426321629397674,0.8574821949005127,0.8574821949005127,0.4784526526927948,25.023043394088745,0.9322842029715512,0.125,0.6907894736842105,0.6907894736842105,2.736842105263158,2.305605173110962,0.7103834450244904,0.8806695938110352,0.869019349416097,0.8574821949005127,0.885646402835846,48.283452153599995,8,23.190292310566537,26.736214633416644
pamap2,0.1,fedavg,1,1.0,0.0,49.77800777519999,73.31568549119999,0.1942968723889179,0.16235218942165375,0.16235218942165375,0.08628954738378525,15.659159898757935,0.5643481531260678,0.15,0.32894736842105265,0.32894736842105265,1.1578947368421053,27.159809112548828,0.2511984705924988,0.22371364633242288,0.12847555180390677,0.16235218942165375,0.16235218942165375,49.77800777519999,13,,
pamap2,1.0,ecofed,3,1.0,0.0,470.65805596800016,700.6342471679999,0.4938951927199427,0.555148979028066,0.5479177435239156,0.5507928133010864,81.64348292350769,0.8915238795340239,0.1,0.985045648507861,0.7925731730532093,3.594736842105264,3.7484676837921143,0.38944066564242047,0.46941975752512616,0.5273566842079163,0.555148979028066,0.565865159034729,401.8322583708001,68,80.81126850765979,82.58913265924335
pamap2,1.0,fedavg,3,1.0,0.0,559.4873144400002,700.6342471679999,0.4304398930771056,0.4265551467736562,0.4078236718972524,0.43099843462308246,78.35186576843262,0.9660717395695382,0.2,1.0,1.0,4.0,22.829687118530273,0.3438752293586731,0.4323052763938904,0.47874194383621216,0.4265551467736562,0.4905906915664673,435.1980954455999,48,117.39074602199315,121.38934044540649
pamap2,1.0,static_depth,14,1.0,0.0,487.55814313080026,717.399219744,0.5303156741231929,0.6038778821627299,0.5273102323214213,0.6705445647239685,64.30419373512268,0.892396284604405,0.3,0.6439551022355076,0.45362732597197164,2.8,5.195121765136719,0.4863036274909973,0.4962046146392822,0.5706270535786947,0.6038778821627299,0.5351485013961792,341.5578534236001,56,54.22615372215127,56.74413349735593
pamap2,0.25,ecofed_fixdepth,4,1.0,0.0,72.71604042839999,180.73489387199993,0.3045338517129378,0.30456724762916565,0.2916982173919678,0.30456724762916565,23.006493091583252,0.4458220909131558,0.0,0.6644736842105263,0.6644736842105263,2.736842105263158,5.322824001312256,0.2712591489156087,0.25931533177693683,0.30456724762916565,0.30456724762916565,0.35150137543678284,64.6186606752,52,,
pamap2,0.1,fedavg_paced,0,1.0,0.0,41.94836733600001,72.2939575488,0.2590015680954591,0.27050215005874634,0.27378249168395996,0.17083017528057098,13.874144554138184,0.5519209646212685,0.0,0.3026315789473684,0.3026315789473684,0.9473684210526315,3.1434547901153564,0.2682311236858368,0.2634367843468984,0.23012868563334146,0.27050215005874634,0.2745395004749298,20.3757913488,9,,
uci_har,0.25,ecofed_fixprec,5,1.0,0.0,77.04790202880001,127.31897248781245,0.832161038428095,0.7885985771814982,0.795498251914978,0.7438072562217712,21.32892417907715,0.6988871100468376,0.0,0.3421336582848849,0.2209485297651259,1.8,0.07807774841785431,0.769709308942159,0.8351996541023254,0.8699242075284322,0.7885985771814982,0.8092975616455078,20.2171191067,20,5.6835751366505125,33.15664122029686
pamap2,0.25,energy_greedy,13,1.0,0.0,137.538153612,183.28921372799994,0.35906717931045856,0.27868327498435974,0.27868327498435974,0.2703739106655121,31.77277946472168,0.5972126262201121,0.2,0.6710526315789473,0.6710526315789473,2.6315789473684212,45.67952346801758,0.27740492423375446,0.43091508746147156,0.4803451597690582,0.27868327498435974,0.46660274267196655,59.863710215999994,10,47.98932304326578,51.5689062463991
uci_har,1.0,fedavg_q8,2,1.0,0.0,356.0772601488002,509.27588995124984,0.8586229145502462,0.8431172966957092,0.8631376624107361,0.6248161991437277,57.67569661140442,0.9130129732268812,0.375,1.0,1.0,4.0,1.3850258588790894,0.8618934551874796,0.8617803454399109,0.8857595324516296,0.8431172966957092,0.851034939289093,42.02645706960001,5,22.53179895637639,27.573247326104102
uci_har,0.25,fedavg_single,5,1.0,0.0,114.0256284311999,127.31897248781245,0.8463832825516784,0.9056667685508728,0.9056667685508728,0.15371564030647278,22.934672117233276,0.9318104684020808,0.0625,0.6842105263157895,0.6842105263157895,2.736842105263158,1.495029330253601,0.6535459756851196,0.8675489028294882,0.8784073988596598,0.9056667685508728,0.8520529270172119,40.527481788,6,28.507631036859472,31.254973809785657
uci_har,0.1,fedavg_paced,7,1.0,0.0,36.3693625848,50.927588995125,0.7836624172053316,0.8408551216125488,0.8299965858459473,0.6291143298149109,12.157234907150269,0.6161636471928962,0.0,0.3991228070175438,0.3991228070175438,1.263157894736842,1.0723299980163574,0.7170003652572632,0.7550050814946493,0.8100893497467041,0.8408551216125488,0.8530709147453308,26.012002362,36,14.230030061999999,36.3693625848
pamap2,1.0,fedavg_single,6,1.0,0.0,547.4450241288002,717.399219744,0.48452123033455957,0.5037953654925028,0.5037953654925028,0.011056105295817057,76.63102436065674,0.9629247648140596,0.15,1.0,1.0,4.0,17.181659698486328,0.2146039605140686,0.4381188054879506,0.5679043034712473,0.5037953654925028,0.6287128925323486,384.65641957200006,40,125.11133437422109,190.78988034352926
uci_har,0.25,fedavg_paced,0,1.0,0.0,118.13112931679993,127.31897248781245,0.8336258254329263,0.8497907320658366,0.8570297559102377,0.7949327031771342,23.685718297958374,0.9939668177384381,0.1875,0.7631578947368421,0.7631578947368421,2.9473684210526314,2.123309850692749,0.7275195121765137,0.8803302645683289,0.8571428656578064,0.8497907320658366,0.8764845728874207,33.3332084556,9,30.8408060088,30.8408060088
uci_har,1.0,fedprox,15,1.0,0.0,378.96949604640025,509.27588995124984,0.8738983094985747,0.8674357930819193,0.8759190241495768,0.6995814839998881,63.46528911590576,0.9465646588220581,0.25,1.0,1.0,4.0,1.4906342029571533,0.8415337602297465,0.894355853398641,0.8845153252283732,0.8674357930819193,0.8683406710624695,117.04019978280003,13,12.178384738800002,43.10498510412102
pamap2,1.0,fedavg_single,15,1.0,0.0,543.2736628007996,700.6342471679999,0.4744264357989937,0.48893535137176514,0.48893535137176514,0.022216413790980976,70.06828474998474,0.9571023991112253,0.25,1.0,1.0,4.0,13.529062271118164,0.42594529191652936,0.5002613763014475,0.5568914612134298,0.48893535137176514,0.5002613663673401,518.9858548776,72,73.99336004542683,119.25871536401463
uci_har,1.0,fedprox,12,1.0,0.0,380.9058352656002,509.2758899512498,0.8518453702343729,0.8468498984972636,0.8627983331680298,0.578893780708313,64.14837718009949,0.9476760878090842,0.25,1.0,1.0,4.0,0.9826652407646179,0.8401764631271362,0.8680013616879781,0.8341816465059916,0.8468498984972636,0.8785205483436584,160.6929575496,23,20.350143526253678,35.224998788438924
uci_har,1.0,fedavg_paced,9,1.0,0.0,387.57468595079996,509.27588995124984,0.8718310655517992,0.8857595125834147,0.8857595125834147,0.820834755897522,58.464900493621826,0.9557035416262873,0.1875,1.0,1.0,4.0,0.6089804768562317,0.8730912804603577,0.8903970122337341,0.8834973375002543,0.8857595125834147,0.8978622555732727,127.41643467600001,23,31.361329828507827,34.547082383443
uci_har,1.0,static_depth,12,1.0,0.0,258.43577154860003,509.2758899512498,0.8819220442775686,0.8891528050104777,0.8937903046607971,0.8726388414700826,43.01981234550476,0.8653113617299009,0.0,0.5526775187476304,0.4641986436475307,2.4789473684210526,0.15583235025405884,0.8732043902079264,0.8868906299273173,0.8891528050104777,0.8891528050104777,0.8863250613212585,60.409069384199995,20,14.15761971621737,25.36484176991822
uci_har,1.0,fedavg_paced,1,1.0,0.0,390.1285542887999,509.27588995124984,0.8905763960550673,0.9126795530319214,0.9126795530319214,0.7898427645365397,58.58480739593506,0.9597030480500408,0.3125,1.0,1.0,4.0,0.7463135719299316,0.8891528248786926,0.9051012396812439,0.9005768497784933,0.9126795530319214,0.8805565237998962,85.43629537199998,16,30.01948261769595,33.21990674359583
uci_har,1.0,oort,10,1.0,0.0,356.46576400800006,509.27588995124984,0.8914219377859613,0.9010292887687683,0.9010292887687683,0.6629340449968973,61.265483140945435,0.8430154159125173,0.1875,1.0,1.0,4.0,1.950021743774414,0.8967311580975851,0.8971835772196451,0.8944689631462097,0.9010292887687683,0.8985409140586853,82.45776659999999,15,13.312905509586422,18.617392203617772
uci_har,0.1,ecofed,3,1.0,0.0,44.00012823,50.92758899512501,0.8069301333838438,0.870037317276001,0.86460808912913,0.870037317276001,16.534481287002563,0.8855207307487596,0.125,0.2837452682602393,0.22419569458345864,1.5618421052631577,0.9285699725151062,0.7456170121828715,0.7873543699582418,0.8309014836947123,0.870037317276001,0.8659653663635254,44.00012823,80,12.91893471299157,28.973744135605216
pamap2,0.1,ecofed_fixprec,0,1.0,0.0,30.72440198639999,72.2939575488,0.2904486932723135,0.31348304947217304,0.31121204296747845,0.2050635019938151,12.567173957824707,0.29745905057799893,0.0,0.34254070897218947,0.254792583732637,1.3973684210526316,8.915051460266113,0.20565228660901388,0.258137767513593,0.31348304947217304,0.31348304947217304,0.3141559362411499,21.669574542599996,52,,
pamap2,0.1,fedavg_paced,10,1.0,0.0,46.45473396959999,71.7399219744,0.35543265113902767,0.43316832184791565,0.37128713726997375,0.43316832184791565,14.193477630615234,0.5583313338670159,0.05,0.375,0.375,1.368421052631579,6.007334232330322,0.24344059824943542,0.2025577574968338,0.3759901026884715,0.43316832184791565,0.43316832184791565,46.45473396959999,76,40.59645181623815,41.48771448636162
uci_har,0.1,ecofed_noZ,0,1.0,0.0,38.811544982600005,50.92758899512499,0.8552197313972789,0.8856464227040609,0.8589526216189066,0.8678882519404093,19.925639867782593,0.8718141769006414,0.0625,0.2170805110996711,0.06327212941950576,1.255701754385965,1.7041157484054565,0.7752516667048136,0.8415337602297465,0.8741092483202616,0.8856464227040609,0.882253110408783,29.91188894415,60,8.16967282066308,12.652842938581783
pamap2,0.1,ecofed,1,1.0,0.0,33.200091412500015,73.31568549119999,0.25646797980212654,0.2645147542158763,0.24672419329484305,0.2876318395137787,13.696823596954346,0.4120095797359034,0.0,0.4219169630382576,0.3478950408334242,1.8052631578947367,11.208085060119629,0.21178226048747698,0.22392670810222626,0.2645147542158763,0.2645147542158763,0.1898370087146759,28.257851447700016,60,,
pamap2,0.25,fedprox,13,1.0,0.0,137.53815361200003,183.28921372799994,0.3274383899830967,0.25695109367370605,0.1236816868185997,0.25695109367370605,34.8219051361084,0.5972126262201121,0.2,0.6644736842105263,0.6644736842105263,2.6315789473684212,63.185455322265625,0.2958346754312515,0.3162884811560313,0.46255459388097125,0.25695109367370605,0.5062320232391357,96.5780030928,15,93.1181261669844,95.3066277552695
pamap2,0.1,ecofed,2,1.0,0.0,30.564170934600014,71.73992197439999,0.40611885139867754,0.44537954529126483,0.44397688905398053,0.44537954529126483,13.451311826705933,0.3495742432311746,0.0,0.48353711913488917,0.3950161746551544,1.9956140350877192,5.194309711456299,0.294306938846906,0.3848184843858083,0.44537954529126483,0.44537954529126483,0.45123761892318726,12.165721961100003,19,19.370152363887474,19.79290372355672
pamap2,0.1,fedavg_paced,6,1.0,0.0,46.26925878000003,71.7399219744,0.3326503335188483,0.39653465151786804,0.3853960335254669,0.3465346395969391,14.467136144638062,0.5601004454621428,0.05,0.3684210526315789,0.3684210526315789,1.263157894736842,5.587502479553223,0.22524753212928772,0.2943069338798523,0.3634488383928935,0.39653465151786804,0.39653465151786804,46.26925878000003,80,,
uci_har,1.0,oort,3,1.0,0.0,382.1378514719998,509.27588995124984,0.8741253534573723,0.8788598775863647,0.8824793299039205,0.71224973599116,56.25732946395874,0.9440536027316175,0.3125,1.0,1.0,4.0,2.4526195526123047,0.8686800003051758,0.8828186988830566,0.8969573577245077,0.8788598775863647,0.8771632313728333,133.9564013376,23,17.370727765874058,21.062872182640213
uci_har,0.1,fedprox,1,1.0,0.0,37.17953812799999,50.92758899512499,0.847437554336568,0.8401764631271362,0.8652867078781128,0.5188326835632324,13.474781036376953,0.6193326136560898,0.0,0.35526315789473684,0.35526315789473684,1.263157894736842,1.5441807508468628,0.8206650614738464,0.8380273580551147,0.8572559754053751,0.8401764631271362,0.8401764631271362,37.17953812799999,12,4.086855733199999,11.775978940905906
pamap2,0.25,fedavg,10,1.0,0.0,132.06782414159994,179.34980493599997,0.3516368195962134,0.29876238107681274,0.3017326593399048,0.16584157943725586,29.869681358337402,0.5968657856306482,0.05,0.6776315789473685,0.6776315789473685,2.6315789473684212,44.98421859741211,0.19537954032421112,0.2995874583721161,0.4840758939584096,0.29876238107681274,0.5235148668289185,129.81271106159997,28,82.94687913051999,85.15965871337181
pamap2,0.1,fedavg_single,3,1.0,0.0,41.30377631040002,70.06342471679999,0.2924801641413113,0.3538944125175476,0.3538944125175476,0.06534239649772644,13.786213636398315,0.5636000236015648,0.0,0.3026315789473684,0.3026315789473684,1.0526315789473684,13.015610694885254,0.10912179574370384,0.14566997438669205,0.38682698210080463,0.3538944125175476,0.4532148540019989,37.28178618000001,8,38.93402207308409,
pamap2,0.25,fedavg_paced,7,1.0,0.0,142.1820094319999,175.15856179199997,0.4061917673315454,0.49555673201878864,0.4866701662540436,0.4286461075146993,30.79221510887146,0.7942265180581204,0.15,0.6381578947368421,0.6381578947368421,2.4210526315789473,3.0019655227661133,0.188447467982769,0.40433873732884723,0.4757797618707021,0.49555673201878864,0.5368531346321106,142.1820094319999,80,59.72975733273701,68.37602303541274
pamap2,0.1,fedavg_paced,2,1.0,0.0,49.48120103520004,71.73992197439999,0.3326268179177496,0.3849009871482849,0.3839108943939209,0.3103960454463959,14.60415768623352,0.5725708348682816,0.05,0.3684210526315789,0.3684210526315789,1.263157894736842,9.81515121459961,0.19480197504162788,0.31468647221724194,0.3846534689267476,0.3849009871482849,0.3849009871482849,49.48120103520004,76,40.68323224471374,44.72211789947495
pamap2,1.0,ecofed,9,1.0,0.0,492.0853464411997,733.1568549119996,0.5955346742561882,0.635133683681488,0.6129753788312277,0.6819005012512207,73.54768180847168,0.895199763408506,0.2,0.9747971519334783,0.7737142743051679,3.4894736842105254,4.898869514465332,0.40183232227961224,0.6597422162691752,0.6705017487208048,0.635133683681488,0.6673058271408081,470.84488042199973,76,57.36793158035472,83.00560079573162
pamap2,1.0,oort,14,1.0,0.0,565.4119614768,717.399219744,0.49085591020931985,0.4349835018316905,0.467986802260081,0.4349835018316905,81.09353542327881,0.9688362249533722,0.25,1.0,1.0,4.0,10.745331764221191,0.4816831648349762,0.4602310260136922,0.5492574175198873,0.4349835018316905,0.554950475692749,327.51874995840006,40,68.37463637646051,74.35871099484342
pamap2,0.25,ecofed_noZ,4,1.0,0.0,146.85603223529998,180.73489387199993,0.4187743681406956,0.5084531903266907,0.37614600857098895,0.5084531903266907,41.61807084083557,0.8331176157566904,0.1,0.6342732782230679,0.15943188143974377,2.005263157894737,4.5391058921813965,0.3096139232317607,0.3890991707642873,0.47438809275627136,0.5084531903266907,0.4779207706451416,146.85603223529998,80,81.1476841828951,86.57784277658448
pamap2,0.25,energy_greedy,0,1.0,0.0,131.6427595055999,180.73489387199993,0.30406015058022506,0.2730254828929901,0.2730254828929901,0.22760534286499023,29.656834602355957,0.5954570556205676,0.15,0.6776315789473685,0.6776315789473685,2.6315789473684212,27.53287124633789,0.2011102686325709,0.29767011602719623,0.3470434844493866,0.2730254828929901,0.43855664134025574,124.14237793439997,24,124.04179986511642,
pamap2,0.25,static_depth,0,1.0,0.0,173.44050673600006,180.73489387199993,0.35286779551786734,0.42846328020095825,0.18016654253005981,0.42846328020095825,37.548052072525024,0.9955688652659257,0.25,0.22541024671963322,0.22541024671963322,1.5947368421052632,13.405688285827637,0.3028009037176768,0.33223988115787506,0.3848094840844472,0.42846328020095825,0.3522583842277527,45.944563044000006,13,34.68799306510896,
pamap2,0.1,static_depth,4,1.0,0.0,64.01450565840004,72.29395754879998,0.282934294101874,0.25586676597595215,0.07595255970954895,0.26318445801734924,22.19203805923462,0.961569899092459,0.1,0.3488306744638936,0.0,1.1368421052631579,2.502469301223755,0.19135334839423498,0.2284464637438456,0.3302212059497833,0.25586676597595215,0.3186979591846466,51.59453411400003,28,,
uci_har,1.0,fedavg,0,1.0,0.0,387.3510490464,509.2758899512498,0.882367190826798,0.8911887804667155,0.8941296339035034,0.7245786786079407,58.419899702072144,0.9566620975518775,0.25,1.0,1.0,4.0,1.3416889905929565,0.8718470732371012,0.8775025606155396,0.887569268544515,0.8911887804667155,0.8900576829910278,387.3510490464,80,22.663515002136688,30.660761521851477
uci_har,1.0,static_depth,11,1.0,0.0,272.36845341080004,509.2758899512498,0.8809262621634645,0.8754665851593018,0.8965049187342325,0.8807827035586039,45.690579652786255,0.8480428760388056,0.0625,0.6422123239744467,0.41952751404636623,2.71578947368421,0.07041060924530029,0.8812351624170939,0.8806696136792501,0.8669833739598592,0.8754665851593018,0.8683406710624695,233.12645551219995,68,15.43132992977132,18.841174858273437
uci_har,0.1,fedavg_q8,11,1.0,0.0,37.7925371964,50.92758899512501,0.7870312891042996,0.8306752443313599,0.8306752443313599,0.5595520734786987,12.691218137741089,0.6165011838923719,0.0625,0.4605263157894737,0.4605263157894737,1.6842105263157894,4.6206183433532715,0.6772989332675934,0.7125890652338663,0.8443615039189657,0.8306752443313599,0.8540889024734497,23.7869663904,7,17.956848975680458,22.56126303691375
pamap2,0.1,fedavg,6,1.0,0.0,46.26925878,71.7399219744,0.26638831813830277,0.27153465151786804,0.24430693686008453,0.18613861501216888,14.753322839736938,0.5601004454621428,0.05,0.35526315789473684,0.35526315789473684,1.263157894736842,49.38688278198242,0.19133663177490234,0.22458745539188385,0.30981847643852234,0.27153465151786804,0.2658415734767914,15.846427300799999,2,,
pamap2,0.1,fedavg_single,4,1.0,0.0,48.280195104,72.29395754879998,0.32112663134112185,0.4087812304496765,0.4087812304496765,0.13373707234859467,14.088030099868774,0.5659653260985629,0.0,0.32894736842105265,0.32894736842105265,1.1578947368421053,5.311441898345947,0.20994196832180023,0.2482967476050059,0.29481032490730286,0.4087812304496765,0.3714357912540436,45.9094891992,10,,
uci_har,0.1,fedavg_single,10,1.0,0.0,36.77581771679999,50.92758899512501,0.8037787206898712,0.8279606103897095,0.8279606103897095,0.188666433095932,10.21176028251648,0.6185803984075164,0.0,0.3815789473684211,0.3815789473684211,1.368421052631579,2.144678831100464,0.6820495426654816,0.7435810367266337,0.8376880486806234,0.8279606103897095,0.8004750609397888,22.1976745656,5,16.222282911687827,18.252286248275727
uci_har,1.0,fedavg_paced,2,1.0,0.0,389.38230986879995,509.27588995124984,0.8618476404901791,0.8761452237764994,0.8898314634958903,0.7097613414128622,58.748751640319824,0.9528332224105569,0.25,1.0,1.0,4.0,0.36464112997055054,0.863703191280365,0.8570297559102377,0.8710552851359049,0.8761452237764994,0.8564642071723938,60.30284488080001,11,29.904566524810708,36.6459487492099
uci_har,0.25,fedavg,13,1.0,0.0,119.41557879119995,127.31897248781245,0.8304326006873206,0.8109942078590393,0.8109942078590393,0.5578554272651672,23.707114458084106,0.992874510349518,0.25,0.7171052631578947,0.7171052631578947,2.8421052631578947,6.485999584197998,0.7933491766452789,0.8166496952374777,0.8668702840805054,0.8109942078590393,0.8622328042984009,48.290275515599994,7,14.635747809278964,38.94759732885159
uci_har,0.25,ecofed_fixtau,6,1.0,0.0,11.637770936999999,127.31897248781245,0.7532479780578304,0.7553443908691406,0.7180183529853821,0.7560230493545532,8.549030780792236,0.4572113986925791,0.0,0.22304431685414414,0.12652259810468075,1.0157894736842104,5.899335861206055,0.7553443908691406,0.7553443908691406,0.7553443908691406,0.7553443908691406,0.8571428656578064,10.053685719599997,15,6.952398389227875,9.921667998850157
uci_har,0.25,energy_greedy,1,1.0,0.0,119.50675855320003,127.31897248781246,0.8837461549387031,0.8591788411140442,0.8585001826286316,0.6297929883003235,23.777965784072876,0.9949554252582143,0.3125,0.6907894736842105,0.6907894736842105,2.736842105263158,5.426321506500244,0.8229838411013285,0.8775025606155396,0.8965049187342325,0.8591788411140442,0.9022734761238098,92.63883148080001,20,6.063737234176205,13.701223409128739
pamap2,0.25,energy_greedy,5,1.0,0.0,139.11877866479995,183.2892137279999,0.47294798620743816,0.17641419172286987,0.1243208721280098,0.17641419172286987,31.025634765625,0.5972196470617929,0.3,0.6710526315789473,0.6710526315789473,2.6315789473684212,57.98347091674805,0.3526153216759364,0.5891125996907552,0.6904229124387106,0.17641419172286987,0.5564078092575073,24.1782149472,4,21.870000720118448,23.01360307767099
pamap2,1.0,fedavg_q8,0,1.0,0.0,522.4562665944005,722.9395754879997,0.38392595192907797,0.3462023635705312,0.3863235016663869,0.23433426022529602,79.98273611068726,0.9395082295143635,0.15,1.0,1.0,4.0,21.806396484375,0.29396921396255493,0.3711834450562795,0.45756582419077557,0.3462023635705312,0.4852384626865387,442.4944412904,52,232.63203060623192,254.6019700450616
uci_har,0.1,fedavg_q8,9,1.0,0.0,37.28755720679999,50.927588995125,0.806857867485508,0.8747879266738892,0.8805565237998962,0.4251781404018402,12.36483883857727,0.6147294362526907,0.0625,0.4605263157894737,0.4605263157894737,1.6842105263157894,0.5199406743049622,0.6822192072868347,0.7397353251775106,0.846171240011851,0.8747879266738892,0.8493382930755615,26.025940951199996,8,19.62065673643365,21.9840951815182
uci_har,0.1,static_depth,14,1.0,0.0,49.13381706600005,50.92758899512501,0.813856768910121,0.7960637807846069,0.16287750005722046,0.7960637807846069,20.61111307144165,0.9955396093945222,0.4375,0.46939561687155296,0.0,1.4052631578947368,5.634087085723877,0.807714064915975,0.7893903454144796,0.8702635566393534,0.7960637807846069,0.8669833540916443,29.075830860600007,32,5.078064861562381,17.414400990844594
uci_har,0.1,energy_greedy,8,1.0,0.0,36.773892676799996,50.927588995125,0.8199463008273586,0.8092975616455078,0.8720732927322388,0.41465896368026733,10.882984399795532,0.6192272555263054,0.0,0.35526315789473684,0.35526315789473684,1.263157894736842,3.087798595428467,0.7103834450244904,0.7496889432271322,0.8911887605985006,0.8092975616455078,0.8873430490493774,25.1350286544,6,14.821613289277835,16.481403729636053
uci_har,0.1,fedavg,3,1.0,0.0,37.28482158239999,50.92758899512501,0.8022465331456912,0.8262640237808228,0.8384798169136047,0.35120460391044617,13.05306363105774,0.6211168231357659,0.0,0.35526315789473684,0.35526315789473684,1.263157894736842,9.738481521606445,0.664574146270752,0.723447581132253,0.8655129472414652,0.8262640237808228,0.8724126219749451,25.211090896799995,6,16.59184953454924,19.12210967109204
pamap2,0.25,ecofed_noQ,4,1.0,0.0,177.88530501870002,180.73489387199993,0.3288042281018056,0.26343679428100586,0.285894513130188,0.26343679428100586,32.77918529510498,0.9989883029776397,0.7,0.665748577201914,0.5812153604662607,2.5157894736842104,12.679100036621094,0.22180166840553284,0.353940616051356,0.34838926792144775,0.26343679428100586,0.33838000893592834,149.0756895102,23,139.51115969068601,
pamap2,0.25,oort,13,1.0,0.0,137.538153612,183.28921372799994,0.3414740087101273,0.2665388286113739,0.21796101331710815,0.2665388286113739,30.41452383995056,0.5972126262201121,0.2,0.6776315789473685,0.6776315789473685,2.6315789473684212,21.324234008789062,0.29402364293734234,0.3200170397758484,0.424629807472229,0.2665388286113739,0.3975711166858673,96.59987200559996,15,64.73578863898526,70.61381151514976
uci_har,0.1,static_depth,2,1.0,0.0,49.4421181764,50.927588995125,0.8150025612676135,0.8435697555541992,0.22429589927196503,0.8435697555541992,23.04237461090088,0.9984392531370152,0.375,0.4249836877569777,0.0,1.3157894736842106,4.73007869720459,0.7398484349250793,0.8280737598737081,0.8342947562535604,0.8435697555541992,0.8225314021110535,14.7547036478,13,10.753112758701125,21.527767051254372
uci_har,0.25,ecofed_fixdepth,6,1.0,0.0,5.316997294799999,127.31897248781245,0.8284031782832149,0.8374618291854858,0.80861896276474,0.22259925305843353,5.875648498535156,0.24768535973691844,0.0,0.10745614035087718,0.10745614035087718,0.3157894736842105,0.8961840271949768,0.8374618291854858,0.8374618291854858,0.8374618291854858,0.8374618291854858,0.8374618291854858,5.316997294799999,9,5.316997294799999,5.316997294799999
pamap2,0.25,fedavg,15,1.0,0.0,132.31226225039995,175.15856179199997,0.3645319287149063,0.3029273450374603,0.18452692031860352,0.24751698970794678,29.515661239624023,0.6460100186327022,0.15,0.6842105263157895,0.6842105263157895,2.736842105263158,125.50384521484375,0.19559156397978464,0.3707091708978017,0.47081372141838074,0.3029273450374603,0.4960794448852539,87.49054113119999,14,54.85324317388093,65.22159446763985
uci_har,1.0,ecofed,12,1.0,0.0,186.81393965480004,509.2758899512498,0.8696150995444983,0.8798778653144836,0.8798778653144836,0.8463974595069885,44.55441617965698,0.7011739167134767,0.0,0.7663018417113876,0.5858836350772211,2.9210526315789473,0.48879846930503845,0.8665309349695841,0.8727519313494364,0.8798778653144836,0.8798778653144836,0.8646080493927002,70.39351897540003,28,13.314748278782314,16.790894368385036
pamap2,0.1,oort,9,1.0,0.0,52.57369144080001,73.31568549119999,0.4288355880707419,0.4829018712043762,0.4723553955554962,0.3167146146297455,14.871729135513306,0.5802221781290428,0.25,0.35526315789473684,0.35526315789473684,1.263157894736842,11.928398132324219,0.30121444165706635,0.34441248575846356,0.47065089146296185,0.4829018712043762,0.4915308356285095,40.216305235200004,7,31.960148915575065,33.07311578427097
pamap2,0.1,energy_greedy,2,1.0,0.0,49.4812010352,71.73992197439999,0.3203773904044671,0.2861386239528656,0.22128713130950928,0.24851484596729279,14.460712432861328,0.5725708348682816,0.05,0.35526315789473684,0.35526315789473684,1.263157894736842,24.72003936767578,0.223886139690876,0.28333332637945813,0.45247524976730347,0.2861386239528656,0.47648516297340393,38.764685287199995,7,36.89526238064517,38.514856743133976
uci_har,0.1,fedavg_q8,3,1.0,0.0,37.8299140656,50.92758899512501,0.8142406614675056,0.8164234757423401,0.8082796335220337,0.35866984724998474,14.08668851852417,0.6178065557348158,0.125,0.4605263157894737,0.4605263157894737,1.6842105263157894,28.03521156311035,0.721750944852829,0.8434566060702006,0.8605361382166544,0.8164234757423401,0.8720732927322388,22.410463696799997,6,13.408039479832155,15.63054610267205
uci_har,0.25,ecofed_noZ,0,1.0,0.0,45.2908997914,127.31897248781245,0.8635353282058327,0.8780681093533834,0.8793123165766398,0.8761452237764994,20.708978176116943,0.6004343090473432,0.0,0.25786433097875694,0.026758367172223907,1.3631578947368421,1.1198045015335083,0.8616672356923422,0.8410813212394714,0.8780681093533834,0.8780681093533834,0.8775025606155396,45.2908997914,80,6.439269583158093,10.743652113937497
pamap2,0.1,energy_greedy,4,1.0,0.0,48.28019510400001,72.29395754879998,0.2919299745737436,0.2611657977104187,0.26015645265579224,0.19101691246032715,14.537547826766968,0.5659653260985629,0.0,0.32894736842105265,0.32894736842105265,1.1578947368421053,20.160715103149414,0.2138531431555748,0.29716544846693677,0.33947346607844037,0.2611657977104187,0.34014636278152466,38.1258531384,7,,
uci_har,0.1,oort,12,1.0,0.0,36.3776762232,50.92758899512501,0.7980149999797478,0.8279606103897095,0.8252460360527039,0.4648795425891876,11.420613765716553,0.618621486058712,0.0,0.3815789473684211,0.3815789473684211,1.368421052631579,3.1145517826080322,0.6598235666751862,0.7208460768063863,0.8720732927322388,0.8279606103897095,0.8829317688941956,28.564453912799998,8,19.92572991075131,23.425611496836826
uci_har,0.1,fedavg_single,4,1.0,0.0,36.70517937239999,50.92758899512499,0.8243912690456663,0.8775025606155396,0.8775025606155396,0.1890057623386383,10.622741222381592,0.6179494594540492,0.0625,0.3815789473684211,0.3815789473684211,1.368421052631579,1.1269451379776,0.702748566865921,0.7533084551493326,0.8862119515736898,0.8775025606155396,0.8808958530426025,29.4801824268,8,16.021813681494624,18.313642255362712
pamap2,0.25,fedavg_paced,6,1.0,0.0,132.99123806159997,179.349804936,0.35871208155445444,0.39876238505045575,0.3598184883594513,0.3824257552623749,29.724915027618408,0.5970430984349053,0.1,0.7039473684210527,0.7039473684210527,2.6315789473684212,6.038182735443115,0.26097360253334045,0.3248349726200104,0.3994224468866984,0.39876238505045575,0.4376237690448761,128.21337806399998,72,116.09772034136226,
uci_har,1.0,fedprox,13,1.0,0.0,380.17691519519997,509.2758899512498,0.8599365929511256,0.8554462194442749,0.8545413613319397,0.7344191869099935,65.01028537750244,0.9509251124478365,0.1875,1.0,1.0,4.0,8.01113510131836,0.8699242075284322,0.8813482721646627,0.8755796949068705,0.8554462194442749,0.8605361580848694,331.7700685152,60,18.08751639153004,30.50664921435529
uci_har,1.0,static_depth,6,1.0,0.0,269.862266774,509.2758899512498,0.8657555799236718,0.8794254064559937,0.8794254064559937,0.8647211790084839,41.55297040939331,0.8672996840481585,0.0625,0.5780704277118457,0.4549175349787411,2.5684210526315785,0.3185708224773407,0.8682275811831156,0.8900576829910278,0.8857595324516296,0.8794254064559937,0.8717339634895325,269.862266774,80,22.2512823081594,43.71988454302858
uci_har,1.0,oort,7,1.0,0.0,381.0495438540002,509.2758899512498,0.8680047985225214,0.8710553050041199,0.8724126219749451,0.6603325208028158,59.59549331665039,0.9377934250431373,0.3125,1.0,1.0,4.0,0.5594732165336609,0.8836104472478231,0.8720732728640238,0.8743354876836141,0.8710553050041199,0.8785205483436584,31.679448124799997,7,17.74155679775646,20.670684798436685
pamap2,0.25,oort,9,1.0,0.0,141.53092143600006,183.2892137279999,0.46924281663415124,0.5746244788169861,0.5426653623580933,0.3988494873046875,31.012412071228027,0.59800023038647,0.45,0.6776315789473685,0.6776315789473685,2.6315789473684212,18.94163703918457,0.25077234705289203,0.4086502691109975,0.5015446841716766,0.5746244788169861,0.396931916475296,85.4541256128,12,54.50653820717905,56.78093540380995
pamap2,1.0,oort,8,1.0,0.0,570.7004545440004,722.939575488,0.4666285512938609,0.4642106095949809,0.46648162603378296,0.41323913137118023,82.41625189781189,0.968378808171637,0.05,1.0,1.0,4.0,16.84311866760254,0.4002018670241038,0.48650012413660687,0.552695761124293,0.4642106095949809,0.5326772928237915,230.22962247360002,23,84.92796025117305,137.21071274360423
pamap2,0.25,ecofed_noQ,5,1.0,0.0,181.48859730840002,183.2892137279999,0.4501870250108136,0.24896132946014404,0.12240332365036011,0.24896132946014404,33.79370355606079,0.9994516264130774,0.8,0.6982084023476272,0.5896495349552672,2.610526315789474,26.42276382446289,0.2904016226530075,0.3743475079536438,0.3902205228805542,0.24896132946014404,0.5164589285850525,106.09637925060001,13,75.00014202748837,77.97710011595505
pamap2,0.1,oort,12,1.0,0.0,49.80912956160001,72.29395754879998,0.35899588162464036,0.3838001489639282,0.11430734395980835,0.2243250012397766,15.042343378067017,0.5749655615569058,0.0,0.32894736842105265,0.32894736842105265,1.1578947368421053,23.44881820678711,0.2918243706226349,0.3102027078469594,0.41105222702026367,0.3838001489639282,0.38581880927085876,31.361364883199997,5,,
uci_har,1.0,fedavg_paced,6,1.0,0.0,385.9825111884003,509.2758899512498,0.8864950524593785,0.9184481501579285,0.9192399183909098,0.7065942684809366,58.06483793258667,0.9553184687147795,0.375,1.0,1.0,4.0,0.6126176714897156,0.8736568093299866,0.8903970122337341,0.9030652642250061,0.9184481501579285,0.9202578663825989,321.2188080180001,64,32.18498558887525,35.27954706602749
uci_har,0.25,static_depth,10,1.0,0.0,108.12339189019997,127.31897248781246,0.847545180174523,0.8718470732371012,0.879764715830485,0.8681144714355469,29.883598804473877,0.9844771193177396,0.125,0.2826269061072824,0.12712081411452766,1.7105263157894732,0.2098217010498047,0.8164234757423401,0.8502431710561117,0.8715077638626099,0.8718470732371012,0.8547675609588623,85.842876065,60,11.509162802940464,15.301204424425267
uci_har,0.25,fedavg,2,1.0,0.0,116.28526882560001,127.31897248781246,0.8628168909527054,0.8479809761047363,0.8527315855026245,0.6657617688179016,23.44666290283203,0.9329940290131934,0.125,0.6907894736842105,0.6907894736842105,2.736842105263158,4.612924098968506,0.8038683533668518,0.8825924595197042,0.881687601407369,0.8479809761047363,0.8676620125770569,52.613904734399995,9,12.565678633817644,21.228316555493176
pamap2,0.25,static_depth,13,1.0,0.0,177.14346761879995,183.28921372799994,0.5308803938525605,0.33972516655921936,0.3847874701023102,0.33972516655921936,36.27084469795227,0.9954710632153173,0.4,0.23079881378271944,0.23079881378271944,1.5578947368421054,6.899256706237793,0.39884947737058,0.5559816757837931,0.5682326555252075,0.33972516655921936,0.5599232912063599,125.45068729680003,40,35.32073767369914,36.027116854744456
pamap2,0.1,fedprox,7,1.0,0.0,40.82455538400001,70.06342471679999,0.2877572959970742,0.225823312997818,0.1748562455177307,0.225823312997818,14.962574243545532,0.5534921172419758,0.0,0.3026315789473684,0.3026315789473684,1.0526315789473684,29.88682746887207,0.27522215247154236,0.28585119048754376,0.41671022772789,0.225823312997818,0.3951908051967621,31.016822203200004,6,,
pamap2,0.25,ecofed_fixtau,0,1.0,0.0,140.08264905620004,180.73489387199993,0.38861618660475483,0.45310791333516437,0.4457902212937673,0.3606695334116618,38.675415992736816,0.7827563267278583,0.15,0.5106248201484325,0.2955306158451461,2.2824561403508774,1.4195066690444946,0.24585751195748648,0.345781813065211,0.40533266464869183,0.45310791333516437,0.31617462635040283,47.5045099814,21,119.64634528481706,126.93493956878632
pamap2,0.25,static_depth,2,1.0,0.0,169.77523722239994,179.349804936,0.5571530040431183,0.6309406161308289,0.46089109778404236,0.6309406161308289,37.56681847572327,0.9911404818299189,0.3,0.23987340305509394,0.23987340305509394,1.5842105263157895,4.473493576049805,0.3127062718073527,0.5396039485931396,0.6074257493019104,0.6309406161308289,0.66410893201828,75.10128639599999,24,23.376631906188297,24.295817576992413
uci_har,0.25,fedavg_q8,12,1.0,0.0,119.11035950639997,127.31897248781245,0.8397987238386684,0.8459450006484985,0.8564642071723938,0.5171360969543457,27.130513906478882,0.9903413541581776,0.3125,0.7368421052631579,0.7368421052631579,2.9473684210526314,3.101579427719116,0.7261621952056885,0.8275081912676493,0.8715077638626099,0.8459450006484985,0.8751272559165955,64.76476594800002,12,24.13284047637874,39.30884555446704
pamap2,0.1,energy_greedy,10,1.0,0.0,46.454733969599985,71.7399219744,0.3007266207724786,0.24257425963878632,0.24331682920455933,0.1613861322402954,14.934803009033203,0.5583313338670159,0.05,0.35526315789473684,0.35526315789473684,1.263157894736842,13.778515815734863,0.21039604395627975,0.26889438927173615,0.3906765679518382,0.24257425963878632,0.5235148668289185,44.95132524959999,10,38.94294405039693,40.827408373854304
pamap2,1.0,ecofed,6,1.0,0.0,487.9784772050001,717.399219744,0.6634521735800099,0.7245874603589376,0.60206272204717,0.7245874603589376,79.91900682449341,0.902857190569458,0.1,0.9972423493349837,0.7950649880908904,3.5105263157894737,6.805206775665283,0.39125412702560425,0.6130362947781881,0.720049520333608,0.7245874603589376,0.7391089200973511,487.9784772050001,80,46.73207955834084,55.994011742739765
uci_har,0.1,fedprox,14,1.0,0.0,36.891221322,50.92758899512501,0.7726779675707158,0.7624703049659729,0.7709535360336304,0.41567695140838623,11.249689817428589,0.6188891660176684,0.0,0.40789473684210525,0.40789473684210525,1.4736842105263157,12.74208927154541,0.6922293901443481,0.7090826829274496,0.86325075229009,0.7624703049659729,0.8842890858650208,24.6641319348,6,17.79031736115709,22.475660259153848
pamap2,1.0,fedavg,1,1.0,0.0,564.2517933479998,733.1568549119997,0.4945562223425352,0.3892617424329122,0.3328006813923518,0.21764141817887625,80.16257071495056,0.963150390351073,0.2,1.0,1.0,4.0,36.6025505065918,0.41493554910024005,0.5953979094823202,0.6205390493075053,0.3892617424329122,0.5302013158798218,485.20141880400007,56,84.38395622835557,87.58062275528401
uci_har,0.25,oort,10,1.0,0.0,114.11119224720002,127.31897248781246,0.855674068276923,0.8126908540725708,0.8130301833152771,0.4424838721752167,22.609037399291992,0.9330147481783008,0.0625,0.6973684210526315,0.6973684210526315,2.736842105263158,7.226448059082031,0.793575386206309,0.8778418699900309,0.9009161790211996,0.8126908540725708,0.8859857320785522,73.2474109584,14,13.312905509586422,18.617392203617772
pamap2,0.25,ecofed_fixdepth,6,1.0,0.0,66.03519179279999,179.349804936,0.32248373257094887,0.3148514926433563,0.23490099608898163,0.35321781039237976,20.517472743988037,0.47820995265612126,0.0,0.5328947368421053,0.5328947368421053,2.0,5.977150917053223,0.33325082063674927,0.4337458809216817,0.3148514926433563,0.3148514926433563,0.4467821717262268,37.883376890399994,24,37.883376890399994,
uci_har,0.25,fedavg,4,1.0,0.0,115.20021800039996,127.31897248781245,0.8386738367597251,0.8483203053474426,0.8486596345901489,0.6043434143066406,23.714536905288696,0.9305606518764684,0.1875,0.6842105263157895,0.6842105263157895,2.736842105263158,4.473920822143555,0.7835086584091187,0.8425517479578654,0.8722995122273763,0.8483203053474426,0.8540889024734497,87.87459370679998,19,19.63477433554965,30.037223525190687
uci_har,1.0,fedavg_single,10,1.0,0.0,371.88555806640005,509.27588995124984,0.8848774510922498,0.8749010364214579,0.8749010364214579,0.17464087903499603,50.50729036331177,0.9442128509288366,0.1875,1.0,1.0,4.0,1.4890272617340088,0.8877955079078674,0.9004637400309244,0.907928983370463,0.8749010364214579,0.9093993902206421,213.83750115359993,32,25.02991357302816,33.68823564461947
pamap2,1.0,fedavg_q8,5,1.0,0.0,536.5542559943996,733.1568549119996,0.6239439144218135,0.7211036483446757,0.5694045027097067,0.4777884284655253,79.11115026473999,0.941952106653942,0.2,1.0,1.0,4.0,29.26726531982422,0.3850005269050598,0.6291680137316386,0.6640034317970276,0.7211036483446757,0.33301374316215515,76.9392882024,5,62.56278886603603,101.96023482598346
pamap2,0.25,static_depth,11,1.0,0.0,166.68872640440006,175.15856179199997,0.5038201909531865,0.4472033381462097,0.40590694546699524,0.4472033381462097,35.34607696533203,0.9901527834075903,0.45,0.23708767714271473,0.23708767714271473,1.642105263157895,5.068999290466309,0.4265551467736562,0.5714410344759623,0.49738630652427673,0.4472033381462097,0.6288552284240723,64.4654827512,20,19.368823835616027,20.545183615969208
pamap2,1.0,fedavg,5,1.0,0.0,565.7655826056007,733.1568549119996,0.6285562477616535,0.7461382548014323,0.6185149749120077,0.47533823053042096,79.94505786895752,0.9628076794969719,0.2,1.0,1.0,4.0,24.51235008239746,0.4305955171585083,0.6074358224868774,0.6436561346054077,0.7461382548014323,0.4397571086883545,91.1099089848,6,50.67813298042628,57.62946240056263
pamap2,0.1,ecofed_noQ,7,1.0,0.0,68.32453982800001,70.06342471679999,0.3767649612228414,0.4147935211658478,0.3251437544822693,0.3985885977745056,17.535847187042236,0.993796023946459,0.8,0.3655173439769182,0.26946696030101,1.2315789473684209,28.173269271850586,0.24568739533424377,0.2741766770680745,0.3864784737428029,0.4147935211658478,0.5313643217086792,48.7437758808,8,43.19113545701451,45.39478273459199
pamap2,0.1,ecofed_fixtau,4,1.0,0.0,28.259280034199993,72.29395754879998,0.33719109902665967,0.3198755085468292,0.26015645265579224,0.32652031381924945,14.624097108840942,0.3013962738481416,0.0,0.34562285381076824,0.28160888094314435,1.2035087719298245,24.134265899658203,0.2421566148598989,0.34174447258313495,0.3198755085468292,0.3198755085468292,0.3689124286174774,21.16410639299999,52,,
uci_har,0.1,fedprox,11,1.0,0.0,36.3970418508,50.92758899512501,0.7779292438994678,0.8503562808036804,0.8517135977745056,0.6304716467857361,11.64590311050415,0.6182016276498703,0.0,0.3815789473684211,0.3815789473684211,1.368421052631579,2.233447790145874,0.6793349385261536,0.6472118695576986,0.848094125588735,0.8503562808036804,0.826603353023529,30.554513649600004,9,20.653790313602954,23.881253526332923
uci_har,0.1,ecofed_noQ,5,1.0,0.0,49.9917437623,50.92758899512499,0.7544347985187592,0.84764164686203,0.876823902130127,0.6986766457557678,13.01704740524292,0.9982734219616533,0.5625,0.46991502738791047,0.3354161418257489,1.5535087719298246,1.0192034244537354,0.6141839027404785,0.61588054895401,0.7252573370933533,0.84764164686203,0.8910756707191467,49.5941370343,16,28.250280218460723,31.64708316929622
pamap2,0.25,ecofed_noZ,1,1.0,0.0,143.4621728973999,183.28921372799994,0.49536836631677567,0.5890060861905416,0.3372749586900075,0.5713220437367758,41.8384895324707,0.8215041893945475,0.2,0.6766828213470498,0.13776169609096753,2.0416666666666665,3.721060276031494,0.3394055664539337,0.4472142259279887,0.4497709572315216,0.5890060861905416,0.660274863243103,143.4621728973999,80,25.979387617217782,26.687118068965436
uci_har,0.1,fedavg_single,1,1.0,0.0,37.17953812799999,50.92758899512499,0.8683714943133851,0.8781812191009521,0.8781812191009521,0.040719375014305115,10.720767736434937,0.6193326136560898,0.0,0.35526315789473684,0.35526315789473684,1.263157894736842,2.063405752182007,0.8062436282634735,0.8366700609525045,0.8970704674720764,0.8781812191009521,0.898201584815979,32.5263945228,9,7.412486310713385,12.602423970092438
pamap2,0.25,fedavg,11,1.0,0.0,135.77130140160003,175.15856179199997,0.36680310365587154,0.29900678992271423,0.12963931262493134,0.2757449150085449,29.65444278717041,0.695403813304946,0.15,0.6842105263157895,0.6842105263157895,2.736842105263158,102.25005340576172,0.2191583812236786,0.4398849904537201,0.3952779173851013,0.29900678992271423,0.4806586503982544,67.0792198968,9,46.2670290553098,49.70265991732935
pamap2,0.25,ecofed_fixdepth,2,1.0,0.0,61.61397825720001,179.349804936,0.42009482963207084,0.44059404730796814,0.27252474427223206,0.44059404730796814,19.44539213180542,0.5170967349773539,0.0,0.6447368421052632,0.6447368421052632,2.4210526315789473,5.762152671813965,0.29471946756045025,0.504042903582255,0.44059404730796814,0.44059404730796814,0.4977722764015198,37.0495077216,24,22.3751345256,22.3751345256
pamap2,0.1,oort,3,1.0,0.0,41.30377631040001,70.06342471679999,0.20777973807228167,0.1787767857313156,0.1787767857313156,0.20465238392353058,14.238721132278442,0.5636000236015648,0.0,0.3026315789473684,0.3026315789473684,1.0526315789473684,60.74923324584961,0.08886565268039703,0.16161352147658667,0.32531800866127014,0.1787767857313156,0.3776790499687195,40.51770651600001,9,,
uci_har,0.25,ecofed,15,1.0,0.0,68.74790162675,127.31897248781246,0.8343825630149806,0.8396109143892924,0.8406288822491964,0.811107357343038,23.71278429031372,0.6997684565485354,0.0,0.35149384942906203,0.24812070419906043,1.8789473684210525,0.47725167870521545,0.8398371338844299,0.8332767685254415,0.8367831707000732,0.8396109143892924,0.8232100605964661,52.131216731849996,60,5.626695674567462,6.258416667703927
uci_har,0.25,fedavg,12,1.0,0.0,111.62728917840003,127.31897248781245,0.8491130830960136,0.8171021342277527,0.8211740851402283,0.45368170738220215,23.028934955596924,0.8677771367074267,0.0625,0.6842105263157895,0.6842105263157895,2.736842105263158,13.649961471557617,0.75217737754186,0.8609885772069296,0.8919805486996969,0.8171021342277527,0.8910756707191467,71.06715643439999,14,22.378227563957072,32.54103476406334
pamap2,0.25,ecofed_noZ,3,1.0,0.0,140.24886307949998,175.15856179199997,0.46080907431596624,0.4999128778775533,0.365656038125356,0.4999128778775533,40.016796350479126,0.8717846948850959,0.1,0.5837955103825848,0.1467357193700668,1.8666666666666665,10.4558687210083,0.31808678309122723,0.4600975811481476,0.5079282025496165,0.4999128778775533,0.5148980617523193,127.53908647439998,72,26.418983978802515,27.23174461252123
pamap2,1.0,fedprox,15,1.0,0.0,543.2736628007996,700.6342471679999,0.44704494727365796,0.44424115618069965,0.4450252652168274,0.2783585985501607,91.75217485427856,0.9571023991112253,0.25,1.0,1.0,4.0,43.69972610473633,0.35947028795878094,0.4940756360689799,0.5395539402961731,0.44424115618069965,0.5392054319381714,339.84758712,36,121.44057992762077,167.15128046644574
pamap2,1.0,fedavg_single,14,1.0,0.0,552.2766668016001,717.399219744,0.46296348202837434,0.42640263835589093,0.42640263835589093,0.10544554392496745,72.59635043144226,0.962116535549347,0.25,1.0,1.0,4.0,9.679632186889648,0.4217821756998698,0.6067656675974528,0.5347359677155813,0.42640263835589093,0.6094059348106384,184.6694308344,14,86.18759486056483,95.81751094960329
pamap2,0.1,ecofed,8,1.0,0.0,31.141872993299994,72.29395754879997,0.3320923362372459,0.3668096562226613,0.382370263338089,0.325510968764623,14.016426801681519,0.33665434991695387,0.0,0.3481567048842996,0.2746344376778219,1.425,7.953023433685303,0.23593237747748694,0.4121456742286682,0.3668096562226613,0.3668096562226613,0.4206409156322479,18.128444360699998,36,,
uci_har,0.25,energy_greedy,5,1.0,0.0,114.02562843119999,127.31897248781245,0.8688646107725913,0.851034939289093,0.8554462194442749,0.5503902435302734,24.985783576965332,0.9318104684020808,0.0625,0.6776315789473685,0.6776315789473685,2.6315789473684212,3.92880916595459,0.8247935771942139,0.8742223779360453,0.886098841826121,0.851034939289093,0.851034939289093,114.02562843119999,40,3.7060740695999996,14.184801898279968
uci_har,0.1,static_depth,4,1.0,0.0,49.40573139559998,50.92758899512499,0.8244847944296019,0.835425853729248,0.10824567079544067,0.826603353023529,23.598825693130493,0.9982819478605806,0.375,0.40841815973258727,0.0,1.3052631578947367,4.996943950653076,0.7715190649032593,0.8340685367584229,0.8253591458002726,0.835425853729248,0.8469629883766174,29.126004373399997,32,8.92462462742397,12.308321465097734
uci_har,0.25,fedavg_single,11,1.0,0.0,112.73613603359999,127.31897248781245,0.8361768904992252,0.8595181703567505,0.8595181703567505,0.15948422253131866,22.153682231903076,0.870682713958444,0.1875,0.7171052631578947,0.7171052631578947,2.8421052631578947,1.3384053707122803,0.7100441157817841,0.8418730894724528,0.875353475411733,0.8595181703567505,0.8795385360717773,52.537490032799994,9,23.173122281909063,25.201276026784743
uci_har,0.25,ecofed_fixprec,1,1.0,0.0,80.90907392495004,127.31897248781246,0.8639150124022899,0.8864381909370422,0.8810089429219564,0.8726388613382975,23.090965270996094,0.6426509362731396,0.0,0.3456629598252168,0.21336010973125633,1.825,0.6868438124656677,0.8318063616752625,0.8419861992200216,0.8908494512240092,0.8864381909370422,0.8893790245056152,61.09481004510001,60,7.318329487079073,18.882467298603938
uci_har,0.1,static_depth,5,1.0,0.0,49.14198378820001,50.92758899512499,0.8179193816767895,0.8082796335220337,0.20325754582881927,0.7774007320404053,23.219605445861816,0.9970968992503053,0.3125,0.44312307512418697,0.0,1.3631578947368421,3.612837076187134,0.7686913212140402,0.7766089836756388,0.8218527237574259,0.8082796335220337,0.8663046956062317,42.88118408740002,52,15.566145083309571,27.12311835446821
uci_har,0.1,fedavg_q8,14,1.0,0.0,37.7221118592,50.92758899512501,0.7580802786321759,0.6725483536720276,0.6196131706237793,0.3271123170852661,12.83336067199707,0.6145637942705129,0.125,0.5131578947368421,0.5131578947368421,1.894736842105263,25.891464233398438,0.7049541771411896,0.7598687807718912,0.8336161176363627,0.6725483536720276,0.8381404876708984,23.817240441599996,7,14.56785356048392,17.915336733336527
pamap2,0.1,oort,14,1.0,0.0,48.907927236,71.7399219744,0.28064776973198485,0.20915842056274414,0.20915842056274414,0.28267326951026917,15.256662368774414,0.5717794127163806,0.05,0.35526315789473684,0.35526315789473684,1.263157894736842,18.006999969482422,0.2414603978395462,0.24290429055690765,0.36617161830266315,0.20915842056274414,0.42252475023269653,42.5173139544,8,41.66497194734344,
uci_har,0.1,fedavg_q8,6,1.0,0.0,37.758258383999994,50.92758899512499,0.8304032437792785,0.8489989638328552,0.8489989638328552,0.3803868293762207,13.913179874420166,0.6133395356741163,0.1875,0.4868421052631579,0.4868421052631579,1.7894736842105263,3.7315762042999268,0.7178486585617065,0.7691437602043152,0.8618934551874796,0.8489989638328552,0.8649473786354065,18.795868092,5,14.448531085462161,17.17395317889408
pamap2,0.1,fedavg_q8,5,1.0,0.0,50.6152892136,73.31568549119997,0.3644744191401257,0.33365291357040405,0.12400127947330475,0.33365291357040405,16.108241081237793,0.5714042075429325,0.0,0.40789473684210525,0.40789473684210525,1.4736842105263157,41.27627182006836,0.25023970007896423,0.3214019437630971,0.4344305992126465,0.33365291357040405,0.3927772343158722,27.349735562399996,4,37.12496691640549,39.65476211413118
uci_har,1.0,oort,12,1.0,0.0,343.3313426928002,509.2758899512498,0.8710879855084548,0.8911887804667155,0.8932247360547384,0.6346567074457804,61.84035634994507,0.7843950750973192,0.25,1.0,1.0,4.0,1.4235666990280151,0.851487398147583,0.8482072154680887,0.8609885573387146,0.8911887804667155,0.8920936584472656,192.15967954560003,40,15.69386471750134,21.771883146817384
uci_har,0.1,ecofed,11,1.0,0.0,42.97239853174999,50.92758899512501,0.7844288747379317,0.7740074594815572,0.7970817685127258,0.7740074594815572,15.51501178741455,0.8856010122411325,0.25,0.29179399837823367,0.2236243846724271,1.6092105263157896,1.4665535688400269,0.7362289428710938,0.788711686929067,0.7882592479387919,0.7740074594815572,0.7885985970497131,22.12845171484999,36,7.7894143689670345,
pamap2,0.25,ecofed,9,1.0,0.0,149.56579525019995,183.2892137279999,0.6219093377698304,0.651113231976827,0.5453286369641622,0.651113231976827,38.13692498207092,0.8552265269563468,0.15,0.6176004034693396,0.3283426597092266,2.293859649122807,4.27020263671875,0.4302759071191152,0.4662831475337346,0.6223500569661459,0.651113231976827,0.6676254272460938,103.71380752149997,52,18.17656794220717,19.836469570053037
pamap2,0.1,ecofed,4,1.0,0.0,33.56544162120001,72.29395754879998,0.2842515121501826,0.29691311717033386,0.321473628282547,0.26133400201797485,14.440348625183105,0.409107565600657,0.0,0.4686296578007462,0.3817743598299898,1.7035087719298245,4.353905200958252,0.211455966035525,0.26890403032302856,0.29691311717033386,0.29691311717033386,0.2755488157272339,15.246262311599999,24,,
uci_har,0.25,ecofed_noZ,7,1.0,0.0,51.95777802980004,127.31897248781245,0.849405557634367,0.8629114429155985,0.8458319306373596,0.8564642071723938,23.657064199447632,0.6308990203145654,0.0,0.3456163611332642,0.027973665133673522,1.4526315789473685,1.8313044309616089,0.782377560933431,0.8238887190818787,0.8629114429155985,0.8629114429155985,0.8696979880332947,51.95777802980004,80,9.716871035599949,29.366875928874283
pamap2,1.0,fedavg,0,1.0,0.0,551.9829100103997,722.9395754879997,0.36369416868129445,0.33711834748586017,0.39406174421310425,0.23761460185050964,76.61289286613464,0.9598105701356214,0.15,1.0,1.0,4.0,26.68217658996582,0.31802507241566974,0.3746320108572642,0.4356127480665843,0.33711834748586017,0.37976279854774475,502.6741648967999,64,196.31088553536063,201.4651258788555
pamap2,1.0,fedprox,0,1.0,0.0,551.9829100103997,722.9395754879997,0.365889217106937,0.3283707598845164,0.34662293394406635,0.2382033814986547,86.45148706436157,0.9598105701356214,0.15,1.0,1.0,4.0,33.658321380615234,0.31037093202273053,0.37917402386665344,0.44486499826113385,0.3283707598845164,0.3984355330467224,502.6741648967999,64,197.09595157022193,278.13549888062204
pamap2,0.1,ecofed,11,1.0,0.0,33.96106259250001,70.06342471679999,0.38320121003430424,0.41174420714378357,0.3777661621570587,0.3964105248451233,14.791667461395264,0.4147016050727377,0.0,0.535631079755346,0.4348114675077203,1.9789473684210523,4.648105621337891,0.3073706229527791,0.3849102556705475,0.41174420714378357,0.41174420714378357,0.5196027159690857,26.020376129400002,56,19.49783928715163,25.107837014256024
pamap2,0.25,energy_greedy,12,1.0,0.0,135.7061042064,180.73489387199993,0.37753646032652544,0.3749684691429138,0.3653797507286072,0.2344183772802353,30.369926929473877,0.5985965200295175,0.1,0.6447368421052632,0.6447368421052632,2.526315789473684,13.874646186828613,0.19211035470167795,0.33139877518018085,0.5023971895376841,0.3749684691429138,0.4781731069087982,63.258015084,11,61.13513759982041,65.23901319917118
uci_har,0.25,energy_greedy,11,1.0,0.0,112.73613603359996,127.31897248781245,0.8379315117829854,0.8103155493736267,0.810654878616333,0.6633865237236023,23.08526921272278,0.870682713958444,0.1875,0.6842105263157895,0.6842105263157895,2.736842105263158,10.199628829956055,0.7949327031771342,0.8442483941713969,0.8638163208961487,0.8103155493736267,0.8707159757614136,79.20522663359999,18,15.418834995719317,23.33076970020481
pamap2,1.0,static_depth,9,1.0,0.0,505.21276064520026,733.1568549119996,0.6600092609623542,0.7304783264795939,0.689570685227712,0.64940877755483,65.95150947570801,0.9013103561478015,0.3,0.6796947699113011,0.5638046363140535,2.931578947368421,4.087738513946533,0.4892937143643697,0.5895387331644694,0.6671993136405945,0.7304783264795939,0.7043783664703369,441.26437027680026,68,72.45953948105694,74.56336636720535
uci_har,0.1,fedavg_q8,8,1.0,0.0,37.14530181119999,50.927588995125,0.8256043415966907,0.8310145735740662,0.8310145735740662,0.40990838408470154,12.343793630599976,0.616129475977078,0.0625,0.4605263157894737,0.4605263157894737,1.6842105263157894,5.519267559051514,0.7154733836650848,0.8673227032025655,0.8855332930882772,0.8310145735740662,0.8805565237998962,20.082262972799995,5,13.2280106020781,14.990296531589324
pamap2,0.25,oort,10,1.0,0.0,132.0678241416,179.34980493599997,0.4029190806422002,0.36014851927757263,0.35371285676956177,0.2943069338798523,29.57889676094055,0.5968657856306482,0.05,0.6776315789473685,0.6776315789473685,2.6315789473684212,25.551982879638672,0.132013201713562,0.3466171721617381,0.540429045756658,0.36014851927757263,0.5571781992912292,98.86978014959999,17,60.143166137586334,62.741553654235354
pamap2,0.1,fedavg_paced,13,1.0,0.0,49.5686811312,73.31568549119999,0.27766983655256067,0.3352508842945099,0.37008628249168396,0.3352508842945099,15.133586883544922,0.5651069467298928,0.1,0.34210526315789475,0.34210526315789475,1.263157894736842,5.566497325897217,0.20581655204296112,0.3531479736169179,0.26227761805057526,0.3352508842945099,0.342601478099823,17.8048381728,5,,
pamap2,0.1,oort,7,1.0,0.0,40.824555384,70.06342471679999,0.3103185107442046,0.3055410385131836,0.1962885558605194,0.2838473618030548,14.02169942855835,0.5534921172419758,0.0,0.3026315789473684,0.3026315789473684,1.0526315789473684,18.51524543762207,0.25980135798454285,0.26494162778059643,0.38996340831120807,0.3055410385131836,0.36304235458374023,24.5637263136,4,,
uci_har,0.1,oort,15,1.0,0.0,36.4456226796,50.927588995124985,0.8292031461133897,0.866644024848938,0.866644024848938,0.5917882323265076,11.285531759262085,0.6152956887062389,0.0,0.35526315789473684,0.35526315789473684,1.263157894736842,2.3125436305999756,0.741262286901474,0.7423368295033773,0.8776156703631083,0.866644024848938,0.8595181703567505,23.9450744028,6,16.817079701288414,20.228693380079644
uci_har,1.0,oort,5,1.0,0.0,387.09600816240027,509.2758899512498,0.8842080924320642,0.8970704674720764,0.8970704674720764,0.7434679269790649,59.20356106758118,0.9494938549637619,0.25,1.0,1.0,4.0,0.6898903846740723,0.8694717884063721,0.8741092681884766,0.8957131703694662,0.8970704674720764,0.8802171945571899,79.62569772719999,13,4.9934207183999995,13.519115884638978
uci_har,0.1,energy_greedy,9,1.0,0.0,36.9120532008,50.927588995125,0.8329976458040358,0.8551068902015686,0.8646080493927002,0.35290125012397766,10.70870041847229,0.6145402426931474,0.0,0.35526315789473684,0.35526315789473684,1.263157894736842,2.9348666667938232,0.7734984755516052,0.8278475205103556,0.8467367887496948,0.8551068902015686,0.861214816570282,33.9598402056,10,10.766768777479504,18.063585933922653
pamap2,0.25,fedavg_paced,2,1.0,0.0,134.08023368640005,179.349804936,0.4725654004757386,0.5826732516288757,0.576980193456014,0.43341584006945294,29.52062726020813,0.5978447912627829,0.05,0.6907894736842105,0.6907894736842105,2.4210526315789473,3.9749813079833984,0.29232672850290936,0.466996709505717,0.5036303699016571,0.5826732516288757,0.6326732635498047,127.07954328960005,68,40.77866147621016,43.171343444577374
pamap2,1.0,fedavg_paced,11,1.0,0.0,560.9458386575998,700.6342471679999,0.4721053344971986,0.4861474136511485,0.4978219171365102,0.42202473680178326,80.10067844390869,0.9676604006310342,0.3,1.0,1.0,4.0,6.182923793792725,0.37724341948827106,0.5273566842079163,0.5036591589450836,0.4861474136511485,0.5292733907699585,227.89900380000003,28,96.97477799385995,107.00876508212623
pamap2,0.25,ecofed_fixtau,5,1.0,0.0,141.69879759660003,183.2892137279999,0.545042104032551,0.5508682131767273,0.35282838344573975,0.7250452836354574,38.75312066078186,0.790313742005392,0.1,0.5220737167409764,0.304812827989725,2.1359649122807016,11.615904808044434,0.4233514467875163,0.6483434637387594,0.6039203206698099,0.5508682131767273,0.5164589285850525,141.69879759660003,80,14.924187314395942,22.783784809093234
uci_har,1.0,fedavg_q8,3,1.0,0.0,351.5221249560004,509.27588995124984,0.8756712189006197,0.8784074187278748,0.8784074187278748,0.6899671951929728,55.89986181259155,0.9136205217023549,0.25,1.0,1.0,4.0,16.8851318359375,0.880217174688975,0.8794254064559937,0.8813482721646627,0.8784074187278748,0.8873430490493774,167.63646553200005,24,19.751643148255514,26.57825308844043
pamap2,0.1,fedprox,0,1.0,0.0,41.94836733600001,72.2939575488,0.2066297921699023,0.2006056010723114,0.21953065693378448,0.1150643453001976,15.172160387039185,0.5519209646212685,0.0,0.32894736842105265,0.32894736842105265,1.1578947368421053,35.71984100341797,0.13600806891918182,0.21423164010047913,0.24198839565118155,0.2006056010723114,0.24072672426700592,32.785246394400005,7,,
pamap2,1.0,fedavg,7,1.0,0.0,565.0577450784006,700.6342471679999,0.4665846610309333,0.47177208463350934,0.5013939638932546,0.3781146506468455,80.84325838088989,0.9665116425166285,0.35,1.0,1.0,4.0,18.39713478088379,0.29421501855055493,0.49146193265914917,0.51751176516215,0.47177208463350934,0.5700470209121704,414.2475411504,44,166.5320365132572,169.77028501364845
uci_har,0.25,energy_greedy,0,1.0,0.0,118.1311293168,127.31897248781245,0.8653608885267416,0.8418731093406677,0.8418731093406677,0.5188326835632324,24.181491374969482,0.9939668177384381,0.1875,0.6710526315789473,0.6710526315789473,2.6315789473684212,10.337050437927246,0.8146137396494547,0.8747879266738892,0.8829317887624105,0.8418731093406677,0.8761452436447144,107.56867492680001,24,10.183365998463861,16.143494611988864
pamap2,1.0,fedavg_single,0,1.0,0.0,551.9829100103997,722.9395754879997,0.43327731079262,0.42442593971888226,0.42442593971888226,0.04802758867541949,77.33100843429565,0.9598105701356214,0.15,1.0,1.0,4.0,8.476940155029297,0.3078475892543793,0.485911359389623,0.5277147094408671,0.42442593971888226,0.4895281493663788,209.26426481280004,17,131.89973372963604,144.25953903250056
pamap2,1.0,fedavg_paced,3,1.0,0.0,571.271241408,700.6342471679999,0.4937450888079983,0.5445199410120646,0.48353371024131775,0.5445199410120646,80.40965175628662,0.9727012972155233,0.2,1.0,1.0,4.0,3.5505967140197754,0.3045826852321625,0.5162920455137888,0.4991287688414256,0.5445199410120646,0.5441714525222778,535.120691328,72,85.00418895779414,87.83085209359334
pamap2,0.25,fedavg_single,1,1.0,0.0,138.0609495336,183.28921372799994,0.3214920453905751,0.3074464797973633,0.3074464797973633,0.05560882017016411,28.535104990005493,0.5970511649484272,0.25,0.6710526315789473,0.6710526315789473,2.6315789473684212,13.265201568603516,0.21881325046221414,0.3900074561436971,0.28795141478379566,0.3074464797973633,0.26621922850608826,114.00086375039997,21,65.91395290059295,70.0637334295164
pamap2,0.1,energy_greedy,8,1.0,0.0,49.48167949199999,72.29395754879997,0.2693703066976664,0.2747918367385864,0.3139035999774933,0.24703507125377655,14.763939142227173,0.5747354293653806,0.0,0.32894736842105265,0.32894736842105265,1.1578947368421053,7.064138889312744,0.18180671334266663,0.21801665425300598,0.2620910108089447,0.2747918367385864,0.2747918367385864,49.48167949199999,13,,
pamap2,1.0,oort,5,1.0,0.0,581.2602977304003,733.1568549119996,0.5621075895666254,0.6646425922711691,0.6652817726135254,0.5280707279841105,90.96990990638733,0.963347317638852,0.2,1.0,1.0,4.0,16.34185791015625,0.40311068296432495,0.49227653940518695,0.6148929397265116,0.6646425922711691,0.4033237397670746,57.321733461600004,6,103.76137096785158,106.19367638205415
pamap2,0.1,ecofed,3,1.0,0.0,34.276453446599994,70.06342471679999,0.4291186797254446,0.467328816652298,0.39562641580899555,0.467328816652298,14.434921979904175,0.39916395919543907,0.1,0.4073337820971293,0.3332107531177984,1.6530701754385964,2.0929055213928223,0.35572399695714313,0.3640878200531006,0.467328816652298,0.467328816652298,0.507318377494812,34.276453446599994,80,29.38428544271194,29.801414205572925
pamap2,0.1,ecofed_fixdepth,6,1.0,0.0,8.1460235676,71.7399219744,0.22409615882007025,0.22747524082660675,0.23366336524486542,0.13118812441825867,8.41388463973999,0.17960026450627942,0.0,0.1469298245614035,0.1469298245614035,0.42105263157894735,12.058282852172852,0.24529702961444855,0.22747524082660675,0.22747524082660675,0.22747524082660675,0.25445544719696045,6.928908622800001,19,,
uci_har,0.1,fedavg_paced,6,1.0,0.0,36.025229518799996,50.92758899512499,0.8147279805829445,0.8669833540916443,0.8669833540916443,0.5357991456985474,11.505945205688477,0.617045537983325,0.0,0.35964912280701755,0.35964912280701755,1.1578947368421053,1.8526860475540161,0.6274177134037018,0.8493383328119913,0.8323718905448914,0.8669833540916443,0.8863250613212585,33.610430270399995,64,11.696285517599998,11.696285517599998
pamap2,0.1,oort,0,1.0,0.0,41.948367336000004,72.2939575488,0.25442758644077956,0.2727731466293335,0.2727731466293335,0.11430734395980835,14.296066522598267,0.5519209646212685,0.0,0.32894736842105265,0.32894736842105265,1.1578947368421053,23.70258331298828,0.26873579621315,0.2424930582443873,0.24804440637429556,0.2727731466293335,0.2727731466293335,41.948367336000004,13,,
uci_har,1.0,fedavg_paced,0,1.0,0.0,394.1910670991999,509.2758899512498,0.8741239571417931,0.8889265855153402,0.894355833530426,0.8189118901888529,61.73820996284485,0.9624852415554028,0.25,1.0,1.0,4.0,0.1166805699467659,0.8685669104258219,0.8941296339035034,0.8760321140289307,0.8889265855153402,0.8703766465187073,39.2033674596,6,21.90100645084028,26.98914030238864
uci_har,0.1,oort,7,1.0,0.0,36.3693625848,50.927588995125,0.8044825583377693,0.7567017078399658,0.6793349385261536,0.641669511795044,12.165765285491943,0.6161636471928962,0.0,0.35526315789473684,0.35526315789473684,1.263157894736842,3.6506237983703613,0.7550050914287567,0.7694830894470215,0.8521660566329956,0.7567017078399658,0.8876823782920837,33.985050307200005,10,15.60794584330619,20.284982828698478
uci_har,1.0,static_depth,3,1.0,0.0,266.13647871259997,509.27588995124984,0.8795623936466154,0.8937903046607971,0.8991064429283142,0.8336161176363627,40.64194846153259,0.8462567680183374,0.0625,0.6743303726547678,0.36001267567062856,2.742105263157894,0.5591089725494385,0.8754665652910868,0.8771632313728333,0.8937903046607971,0.8937903046607971,0.8808958530426025,149.1755231972,44,13.973061345228194,16.423909694069813
uci_har,0.25,static_depth,7,1.0,0.0,106.54423186,127.31897248781245,0.8181444760110457,0.8561248580614725,0.8494514226913452,0.8329374591509501,31.461588621139526,0.9638780184699042,0.25,0.315639954376461,0.06185287624527477,1.6578947368421053,2.244194746017456,0.7284243702888489,0.8164234757423401,0.8561248779296875,0.8561248580614725,0.8551068902015686,83.71499936320001,60,26.169766581064913,56.289981707656565
pamap2,1.0,fedavg_q8,11,1.0,0.0,517.0557333575996,700.6342471679999,0.4360936608014869,0.4102631111939748,0.37602369983990985,0.3254051208496094,79.7975013256073,0.9392619654444959,0.2,1.0,1.0,4.0,33.50574493408203,0.34404948353767395,0.5126328667004904,0.4538247088591258,0.4102631111939748,0.49712494015693665,217.53258345359998,20,81.12152761184265,83.38487825957417
uci_har,0.25,oort,11,1.0,0.0,112.73613603359999,127.31897248781245,0.8303879970723016,0.8289785981178284,0.8503562808036804,0.6671190857887268,23.057097673416138,0.870682713958444,0.1875,0.7039473684210527,0.7039473684210527,2.736842105263158,2.299949884414673,0.7104399998982748,0.8585001627604166,0.8669833938280741,0.8289785981178284,0.8289785981178284,112.73613603359999,40,18.403433083193686,22.284344411853006
pamap2,1.0,fedprox,3,1.0,0.0,559.4873144400002,700.6342471679999,0.44093104660197224,0.4716849625110626,0.45277923345565796,0.397630254427592,88.58177733421326,0.9660717395695382,0.2,1.0,1.0,4.0,22.55691146850586,0.3303711414337158,0.4242899417877197,0.4703781108061473,0.4716849625110626,0.5026137232780457,456.3724223663999,52,120.45362876581555,129.85699545472994
uci_har,0.1,fedavg_single,5,1.0,0.0,36.963129715200004,50.92758899512499,0.8411446938073834,0.8564642071723938,0.8564642071723938,0.15880556404590607,10.524720907211304,0.6175898615230917,0.0,0.35526315789473684,0.35526315789473684,1.263157894736842,2.0685503482818604,0.7600950002670288,0.7835086385409037,0.8784074385960897,0.8564642071723938,0.8853070735931396,28.5727682112,8,4.852842513599999,20.002373868388762
uci_har,0.25,fedavg_q8,15,1.0,0.0,121.43965401479987,127.31897248781246,0.8562996959097677,0.8622328042984009,0.8622328042984009,0.603664755821228,28.035919427871704,0.9942083231205817,0.375,0.743421052631579,0.743421052631579,2.9473684210526314,2.3889715671539307,0.8082796037197113,0.8717339634895325,0.8844022154808044,0.8622328042984009,0.8622328042984009,121.43965401479987,52,14.887811841571555,23.638246843757802
pamap2,0.25,ecofed_fixprec,5,1.0,0.0,153.31177005620006,183.2892137279999,0.5872238481345095,0.6608075102170309,0.5891126096248627,0.7053371667861938,35.60257816314697,0.852806308038629,0.2,0.5621233239873852,0.31406849017622374,2.0280701754385966,6.903886318206787,0.44508362809817,0.4385852813720703,0.6095664103825887,0.6608075102170309,0.674336850643158,153.31177005620006,80,17.301818377950497,18.501104033163646
uci_har,1.0,fedprox,6,1.0,0.0,375.582653976,509.2758899512498,0.8712460799441761,0.887569268544515,0.887569268544515,0.6563737193743387,62.2905650138855,0.9455913813256122,0.375,1.0,1.0,4.0,1.8278071880340576,0.8664178252220154,0.8644949793815613,0.8949214021364847,0.887569268544515,0.879199206829071,326.23593997439974,60,37.51701483126796,44.79624830598774
uci_har,0.25,fedavg,10,1.0,0.0,114.11119224720004,127.31897248781246,0.8228289556989843,0.8310145735740662,0.8310145735740662,0.5731251835823059,22.244093894958496,0.9330147481783008,0.0625,0.6973684210526315,0.6973684210526315,2.736842105263158,6.2890496253967285,0.6905327439308167,0.7889378865559896,0.8857595324516296,0.8310145735740662,0.8998982310295105,68.4845957304,12,33.68845325039161,46.52024409748907
pamap2,0.25,static_depth,8,1.0,0.0,172.7473244599999,180.734893872,0.4493472980674964,0.3020439147949219,0.292202889919281,0.3020439147949219,36.037846088409424,0.9904882994247514,0.25,0.260287995707923,0.260287995707923,1.7315789473684209,5.505675315856934,0.36310875415802,0.34956682721773785,0.4160989324251811,0.3020439147949219,0.5321726202964783,141.6182771936,48,22.066297128991174,53.64565397100416
uci_har,0.1,energy_greedy,1,1.0,0.0,37.17953812799999,50.92758899512499,0.8527760009091002,0.8459450006484985,0.8486596345901489,0.36511707305908203,11.94182276725769,0.6193326136560898,0.0,0.3815789473684211,0.3815789473684211,1.368421052631579,8.037639617919922,0.8130302131175995,0.8229838411013285,0.882705569267273,0.8459450006484985,0.8876823782920837,30.839321626799997,8,6.063737234176205,13.701223409128739
pamap2,0.1,fedavg,12,1.0,0.0,49.8091295616,72.29395754879998,0.3034320046216922,0.19379258155822754,0.16098915040493011,0.21599797904491425,15.227282285690308,0.5749655615569058,0.0,0.35526315789473684,0.35526315789473684,1.263157894736842,25.810108184814453,0.28980569541454315,0.3196231722831726,0.3753049075603485,0.19379258155822754,0.4377996325492859,48.2349072192,10,,
uci_har,1.0,ecofed,3,1.0,0.0,170.78696711899994,509.27588995124984,0.8628644154753038,0.8650605082511902,0.8854202230771383,0.8608754475911459,35.308156967163086,0.6480176292016175,0.0,0.5902555848797504,0.3789420043836322,2.4315789473684215,0.8559223413467407,0.8721864223480225,0.8798778454462687,0.8650605082511902,0.8650605082511902,0.8608754873275757,68.08887772479997,28,16.43123552365384,21.657030586011267
pamap2,0.25,fedavg,8,1.0,0.0,136.52584581600007,180.734893872,0.3451673282225668,0.3020439147949219,0.22003532946109772,0.2376987189054489,30.5790958404541,0.5977900561119661,0.15,0.6842105263157895,0.6842105263157895,2.736842105263158,67.40884399414062,0.18857767432928085,0.354949951171875,0.46934141715367633,0.3020439147949219,0.39616453647613525,90.53008292160001,14,56.90352269013068,83.45218892382991
uci_har,0.1,ecofed,1,1.0,0.0,43.22566629285,50.92758899512499,0.833400881114287,0.8870037396748861,0.8890396952629089,0.881687601407369,16.97552800178528,0.8747881872357948,0.25,0.30008593474702894,0.228373666913566,1.7561403508771933,1.6464128494262695,0.6679108738899231,0.7966293493906657,0.820382316907247,0.8870037396748861,0.861214816570282,43.22566629285,80,8.927212527637208,10.808163804859761
pamap2,0.1,fedavg_q8,11,1.0,0.0,41.90491936319999,70.06342471679999,0.2932752230458422,0.2943021357059479,0.167276531457901,0.2943021357059479,16.080391883850098,0.552032848321958,0.1,0.40789473684210525,0.40789473684210525,1.4736842105263157,33.239131927490234,0.23719288408756256,0.24655863642692566,0.3696636954943339,0.2943021357059479,0.3873497247695923,38.49491941199999,11,,
pamap2,0.1,ecofed,12,1.0,0.0,35.3616431562,72.29395754879998,0.342930551136929,0.3772394557793935,0.28656741480032605,0.3772394557793935,15.090247631072998,0.42771486752263677,0.0,0.4208352558208843,0.3530921863592891,1.7135964912280703,3.725168228149414,0.20035326977570853,0.3223988513151805,0.3772394557793935,0.3772394557793935,0.3777441382408142,30.6290459832,68,,
uci_har,1.0,ecofed,8,1.0,0.0,174.76581096779995,509.27588995124984,0.8554868449624087,0.8669833739598592,0.8621196746826172,0.8599706093470255,36.635814905166626,0.6370215187938453,0.0625,0.6240297486275679,0.3947599284557266,2.3578947368421046,0.5190749764442444,0.8557855288187662,0.8649473985036215,0.8669833739598592,0.8669833739598592,0.857821524143219,28.0536059406,9,16.447759335730098,23.489272273583207
uci_har,0.25,fedavg_paced,4,1.0,0.0,115.20021800039999,127.31897248781245,0.8556149286347688,0.8673227032025655,0.8710553050041199,0.6966406504313151,24.520257711410522,0.9305606518764684,0.1875,0.7894736842105263,0.7894736842105263,3.0526315789473686,3.48856782913208,0.7770614326000214,0.8452663620313009,0.890962560971578,0.8673227032025655,0.8693586587905884,31.778566156800004,10,25.383788752754935,27.535345329600005
uci_har,0.1,fedavg,2,1.0,0.0,36.270551414399996,50.927588995125,0.8245543457047892,0.7882592678070068,0.8622328042984009,0.44451984763145447,13.044082403182983,0.618619956575522,0.0,0.35526315789473684,0.35526315789473684,1.263157894736842,3.9384100437164307,0.7813030183315277,0.817441463470459,0.8730912605921427,0.7882592678070068,0.8819137811660767,28.727092603199996,8,10.11009270648359,14.312783314425193
pamap2,1.0,oort,1,1.0,0.0,575.8356062808,733.1568549119997,0.45132828236709877,0.3201235830783844,0.2933844675620397,0.20730797946453094,86.22284746170044,0.9673500753851684,0.2,1.0,1.0,4.0,25.970382690429688,0.47139662504196167,0.5933738152186075,0.5770746866861979,0.3201235830783844,0.5998721718788147,415.95463435440007,48,66.89934167605162,72.46574338021222
uci_har,0.1,fedprox,15,1.0,0.0,36.4456226796,50.927588995124985,0.8274368275721642,0.8164234757423401,0.8143875002861023,0.5731251835823059,11.80467939376831,0.6152956887062389,0.0,0.3815789473684211,0.3815789473684211,1.368421052631579,3.357266664505005,0.7726501524448395,0.7904083331425985,0.8707159956296285,0.8164234757423401,0.8164234757423401,36.4456226796,15,13.729887430660703,18.17926161844003
uci_har,1.0,fedavg_paced,7,1.0,0.0,390.12824644320017,509.2758899512498,0.8749701929339561,0.8853070735931396,0.8908494512240092,0.8100893497467041,59.49685597419739,0.9563505105511175,0.3125,1.0,1.0,4.0,0.27414318919181824,0.8884741465250651,0.8844022154808044,0.8907363414764404,0.8853070735931396,0.8887003660202026,49.530493026,8,25.970438161194405,29.121959491434712
pamap2,1.0,ecofed,10,1.0,0.0,465.35426767320007,717.3992197439999,0.5986013413706688,0.6561881303787231,0.6875412662823995,0.6188118855158488,75.97694945335388,0.8743600833250628,0.05,0.9923135113102028,0.8012502650827559,3.6052631578947367,0.7649747729301453,0.44381187359491986,0.5771451989809672,0.6263201236724854,0.6561881303787231,0.6653465628623962,419.96866024720003,72,57.984264947661096,75.08983586981644
uci_har,0.25,fedavg_paced,13,1.0,0.0,119.4155787911999,127.31897248781245,0.83573513842269,0.8812351624170939,0.8887003660202026,0.8037552237510681,23.425760507583618,0.992874510349518,0.25,0.7763157894736842,0.7763157894736842,2.8421052631578947,0.4833764135837555,0.7139463722705841,0.8407420118649801,0.8462843696276346,0.8812351624170939,0.8591788411140442,46.085290383600004,16,28.350647001177524,30.8695517544
uci_har,0.1,static_depth,10,1.0,0.0,48.71876274080002,50.92758899512501,0.8318901196344166,0.8299965858459473,0.16084153950214386,0.7899559140205383,20.854511260986328,0.9939755912427456,0.3125,0.3870551163134458,0.0,1.2894736842105263,5.328550338745117,0.782829999923706,0.8488858739535013,0.8491120934486389,0.8299965858459473,0.8486596345901489,16.503976515199998,16,6.717109020750082,9.666673229884509
uci_har,0.25,fedavg_single,12,1.0,0.0,111.62728917840003,127.31897248781245,0.8464767381180478,0.8642687201499939,0.8642687201499939,0.17170003056526184,21.477287530899048,0.8677771367074267,0.0625,0.6842105263157895,0.6842105263157895,2.736842105263158,7.933562755584717,0.6992421746253967,0.8699242273966471,0.8822531302769979,0.8642687201499939,0.8839497566223145,66.25407804,13,26.728588297015268,31.6934212817104
pamap2,1.0,energy_greedy,12,1.0,0.0,485.54878779599983,722.9395754879997,0.43751271266754976,0.46286482612291974,0.4514256815115611,0.3713516692320506,82.67940402030945,0.8303207479776039,0.1,1.0,1.0,4.0,17.98556900024414,0.42324838042259216,0.4758179783821106,0.5057616233825684,0.46286482612291974,0.505172848701477,436.6923966983999,72,81.75746354699311,88.96142616034362
pamap2,0.25,fedavg,2,1.0,0.0,134.08023368639996,179.349804936,0.4320329876024721,0.41485148668289185,0.28960394859313965,0.20222772657871246,28.668550491333008,0.5978447912627829,0.05,0.6776315789473685,0.6776315789473685,2.6315789473684212,99.17859649658203,0.3273927370707194,0.3689769009749095,0.5163366198539734,0.41485148668289185,0.4992574155330658,89.1536253864,14,58.877893801349565,60.69105086201885
pamap2,1.0,energy_greedy,3,1.0,0.0,529.9886230439998,700.6342471679999,0.457677393581467,0.4943369925022125,0.4813556472460429,0.3824708163738251,92.00254678726196,0.9368458491609856,0.1,1.0,1.0,4.0,19.466325759887695,0.32296567658583325,0.4580937425295512,0.5112389127413431,0.4943369925022125,0.5122843980789185,449.4422131007999,68,93.70703899718605,95.50454819995294
pamap2,0.1,ecofed,7,1.0,0.0,33.10021205760002,70.06342471679999,0.4040848172661445,0.44249870379765827,0.35049660007158917,0.4402334988117218,15.629584312438965,0.3871343823513526,0.05,0.46765686421621266,0.382469760211089,1.593859649122807,3.5709288120269775,0.2923854390780131,0.4215891361236572,0.44249870379765827,0.44249870379765827,0.4121798276901245,15.823474965000003,28,8.48425760898833,9.567478034437244
pamap2,0.1,energy_greedy,7,1.0,0.0,40.824555384,70.06342471679999,0.26847062812103784,0.23889179527759552,0.21484579145908356,0.29900678992271423,14.389764785766602,0.5534921172419758,0.0,0.3026315789473684,0.3026315789473684,1.0526315789473684,13.651067733764648,0.23105070739984512,0.2288726270198822,0.43883951505025226,0.23889179527759552,0.4435441792011261,34.3464664512,7,35.77217764872944,
uci_har,1.0,fedavg_q8,12,1.0,0.0,357.7111200552,509.2758899512498,0.8625037455670715,0.8665309349695841,0.8728650410970052,0.5912227233250936,56.58808898925781,0.9161633735182105,0.3125,1.0,1.0,4.0,2.03377628326416,0.8484334349632263,0.8728650609652201,0.8555593490600586,0.8665309349695841,0.8798778653144836,158.26552125600003,23,28.53085589895731,38.64481488560533
uci_har,0.1,fedavg,13,1.0,0.0,37.14123279960001,50.92758899512501,0.8297695995875289,0.8252460360527039,0.8350865244865417,0.45843231678009033,11.007731914520264,0.6200481542240779,0.0,0.3815789473684211,0.3815789473684211,1.368421052631579,2.4454803466796875,0.7986087501049042,0.8149530490239462,0.8483203252156576,0.8252460360527039,0.8232100605964661,36.58996133880001,12,8.392295413501046,16.746952592704005
pamap2,0.25,fedprox,0,1.0,0.0,131.64275950560005,180.73489387199993,0.26626893676487384,0.1695685088634491,0.1710825115442276,0.1296997219324112,34.561509132385254,0.5954570556205676,0.15,0.6842105263157895,0.6842105263157895,2.736842105263158,64.36681365966797,0.18210110068321228,0.2943056623140971,0.3145764966805776,0.1695685088634491,0.29750189185142517,118.89398531280001,24,,
pamap2,1.0,static_depth,4,1.0,0.0,481.73308524479995,722.9395754879997,0.45266115130034845,0.5045840740203857,0.37824881076812744,0.5045840740203857,64.45147204399109,0.8909621027084899,0.2,0.6167083591139843,0.3767401025234024,2.5631578947368423,2.206848382949829,0.3026326894760132,0.383379598458608,0.4428463280200958,0.5045840740203857,0.500883162021637,413.67072227520003,68,228.13289914418863,290.26132172038655
uci_har,1.0,energy_greedy,6,1.0,0.0,343.7843673407997,509.2758899512498,0.8713140818830574,0.8733174800872803,0.8767107725143433,0.6461938818295797,59.19684886932373,0.8722743539935632,0.25,1.0,1.0,4.0,2.365802049636841,0.8706028858820597,0.8991064429283142,0.8840628663698832,0.8733174800872803,0.8832710981369019,311.04890892239973,72,20.024277471068324,32.07557482641198
uci_har,0.25,fedavg_single,14,1.0,0.0,120.30016476000004,127.31897248781245,0.8375519951672381,0.8333898782730103,0.8333898782730103,0.1404818445444107,21.830057859420776,0.9959590918939996,0.1875,0.6907894736842105,0.6907894736842105,2.736842105263158,2.7693116664886475,0.7667119204998016,0.846623698870341,0.8841759959856669,0.8333898782730103,0.8819137811660767,47.990048118000004,7,26.32314436503377,31.745234137278086
pamap2,0.1,energy_greedy,1,1.0,0.0,49.77800777520001,73.31568549119999,0.1337572316285594,0.12112496048212051,0.12112496048212051,0.055928412824869156,14.724151134490967,0.5643481531260678,0.15,0.35526315789473684,0.35526315789473684,1.263157894736842,17.850553512573242,0.10226909816265106,0.10930009682973225,0.1799296885728836,0.12112496048212051,0.20997123420238495,35.270058830400004,6,,
pamap2,0.1,fedavg,15,1.0,0.0,42.38276828880001,70.06342471679999,0.22527567279002453,0.16414009034633636,0.1633559912443161,0.11447987705469131,14.088395118713379,0.5608302358014915,0.05,0.3815789473684211,0.3815789473684211,1.368421052631579,33.17088317871094,0.20818086713552475,0.23636522392431894,0.33045827349026996,0.16414009034633636,0.28071093559265137,39.02413518,9,,
uci_har,0.25,oort,3,1.0,0.0,115.17117810240012,127.31897248781246,0.8438332049449715,0.8493382930755615,0.8493382930755615,0.6420088410377502,22.860270738601685,0.9319652438822102,0.1875,0.7039473684210527,0.7039473684210527,2.736842105263158,9.05695915222168,0.7649587194124857,0.8744485775629679,0.8703766465187073,0.8493382930755615,0.8534102439880371,71.65966147680001,13,17.370727765874058,21.062872182640213
uci_har,0.1,fedavg_single,8,1.0,0.0,36.773892676799996,50.927588995125,0.8516991005047874,0.8954869508743286,0.8954869508743286,0.006786562502384186,10.242585897445679,0.6192272555263054,0.0,0.35526315789473684,0.35526315789473684,1.263157894736842,0.998041033744812,0.7490668594837189,0.7899558941523234,0.8908494512240092,0.8954869508743286,0.8897183537483215,18.061893251999997,4,13.597378185941444,15.755722559418238
pamap2,1.0,fedavg_q8,13,1.0,0.0,534.5375851320003,733.1568549119997,0.43352613581676647,0.30105464657147724,0.43741344412167865,0.30105464657147724,82.53146958351135,0.9421487770749962,0.2,1.0,1.0,4.0,62.96487045288086,0.34675615032513935,0.5851709942022959,0.540641317764918,0.30105464657147724,0.4848194420337677,336.298632,36,103.54943474379394,106.71472580817914
pamap2,0.1,fedavg_paced,15,1.0,0.0,42.382768288800015,70.06342471679999,0.31881743810826124,0.3625196119149526,0.3013591269652049,0.27966544032096863,14.014244794845581,0.5608302358014915,0.05,0.40789473684210525,0.40789473684210525,1.368421052631579,10.361429214477539,0.21353893727064133,0.1906255433956782,0.30519254008928937,0.3625196119149526,0.4281233549118042,40.28802723600001,64,,
pamap2,0.1,ecofed_fixtau,2,1.0,0.0,29.069347450800006,71.73992197439999,0.36972962937770937,0.3870462079842885,0.3957095742225647,0.3870462079842885,14.479867935180664,0.29613588663812096,0.0,0.3269747022347789,0.2709290777594606,1.1508771929824562,2.9777309894561768,0.27268976469834644,0.32244224349657696,0.3870462079842885,0.3870462079842885,0.4910891056060791,9.619468839,17,,
pamap2,0.25,ecofed_noQ,2,1.0,0.0,176.38644159479995,179.349804936,0.4217755094555427,0.39554455876350403,0.3042079210281372,0.3903465270996094,30.934612035751343,0.9991777711444991,0.6,0.6566820264953557,0.5743020163826013,2.5736842105263156,15.93482780456543,0.2579207917054494,0.29612211386362713,0.5152640243371328,0.39554455876350403,0.6118811964988708,141.96706335479996,22,84.21123497665535,85.73543409407412
uci_har,0.25,fedavg,3,1.0,0.0,115.17117810240012,127.31897248781246,0.8511230356363254,0.8113335371017456,0.8113335371017456,0.6179165244102478,23.434308528900146,0.9319652438822102,0.1875,0.6907894736842105,0.6907894736842105,2.736842105263158,11.898335456848145,0.7689175307750702,0.8749010364214579,0.873430609703064,0.8113335371017456,0.8693586587905884,71.42754708240001,13,20.8345872596856,27.80386291522036
uci_har,1.0,fedavg,14,1.0,0.0,376.9316498723998,509.2758899512498,0.8808590831600449,0.8870037396748861,0.8870037396748861,0.7293292681376139,56.328614950180054,0.9481319455586188,0.1875,1.0,1.0,4.0,5.504809856414795,0.8652867277463278,0.8891528050104777,0.8960524797439575,0.8870037396748861,0.8941296339035034,376.9316498723998,80,33.87281667563947,42.58807901940212
pamap2,0.25,fedprox,4,1.0,0.0,134.7301855367999,180.73489387199993,0.28833887764141586,0.265707790851593,0.26646479964256287,0.17360585927963257,36.28032112121582,0.5972419554530491,0.1,0.6710526315789473,0.6710526315789473,2.6315789473684212,71.35821533203125,0.2419883906841278,0.25561443467934925,0.38573471705118817,0.265707790851593,0.36083775758743286,65.4777168,10,,
uci_har,0.1,ecofed,6,1.0,0.0,44.65126131685001,50.92758899512499,0.8212218622586404,0.8580477436383566,0.8779549797375997,0.8580477436383566,17.08543610572815,0.881924524810201,0.3125,0.29514130158952284,0.2428283295609835,1.5368421052631576,1.4729454517364502,0.7159823775291443,0.7783056298891703,0.8310145735740662,0.8580477436383566,0.8652867078781128,39.14171666135001,68,11.693373635016846,21.544436908086624
pamap2,0.1,ecofed_fixtau,3,1.0,0.0,28.99615053360001,70.06342471679999,0.38095822209762253,0.44851018985112506,0.38935354351997375,0.4296915829181671,15.07367491722107,0.30944297798148,0.05,0.3355417001673889,0.2870094785241719,1.3350877192982455,11.838298797607422,0.3308938841025035,0.4513852596282959,0.44851018985112506,0.44851018985112506,0.40355461835861206,18.320228726400007,44,8.8861251804,16.57916412480267
uci_har,0.1,static_depth,3,1.0,0.0,49.059062109399996,50.92758899512501,0.8043371933565129,0.7695962190628052,0.11503223329782486,0.7516118288040161,22.94287109375,0.9961761946272355,0.25,0.413116356534099,0.0,1.3526315789473684,5.640539646148682,0.7814726630846659,0.7944802443186442,0.8190249999364217,0.7695962190628052,0.8347471952438354,22.7945121304,24,1.2489989228,
uci_har,0.25,ecofed_fixprec,3,1.0,0.0,77.96375451620003,127.31897248781246,0.8453732963058141,0.8611016869544983,0.8700373371442159,0.8611016869544983,21.32340407371521,0.7134268069764093,0.0,0.326650795995591,0.20862485241033038,1.8421052631578947,1.1821011304855347,0.7879199186960856,0.835878312587738,0.8494514226913452,0.8611016869544983,0.8618934750556946,73.83757336630002,76,10.547796946985407,20.954516734366933
pamap2,0.25,energy_greedy,11,1.0,0.0,135.77130140159994,175.15856179199997,0.3536318099630423,0.2950862646102905,0.21562990546226501,0.2950862646102905,29.716941356658936,0.695403813304946,0.15,0.6973684210526315,0.6973684210526315,2.736842105263158,162.58470153808594,0.25378986199696857,0.37123192350069684,0.42228610316912335,0.2950862646102905,0.377417653799057,86.36679685440001,14,74.85115879693561,108.1932885023547
uci_har,1.0,fedprox,5,1.0,0.0,379.80277367280036,509.2758899512498,0.8710290017528117,0.8810089429219564,0.8810089429219564,0.6950571338335673,62.45170998573303,0.9484438727618085,0.25,1.0,1.0,4.0,2.5471982955932617,0.8597443699836731,0.8793122967084249,0.8784074187278748,0.8810089429219564,0.8581608533859253,151.35101622719998,20,29.098048773821354,38.263512392612455
uci_har,0.25,static_depth,11,1.0,0.0,108.03226337099996,127.31897248781245,0.833287057854113,0.8471892277399699,0.8495645125706991,0.8289786378542582,30.35030436515808,0.9795250527316369,0.0625,0.2748951705127605,0.10049388548584474,1.7210526315789476,1.1284829378128052,0.823775589466095,0.8560117681821188,0.8281868696212769,0.8471892277399699,0.8707159757614136,68.33334424649998,48,7.006675331220668,14.424195925521824
pamap2,0.25,fedavg_single,6,1.0,0.0,132.9912380615999,179.349804936,0.3152612791355393,0.251980185508728,0.251980185508728,0.03316831588745117,27.734058618545532,0.5970430984349053,0.1,0.6710526315789473,0.6710526315789473,2.6315789473684212,39.44810485839844,0.2036303641895453,0.34496699273586273,0.409488449494044,0.251980185508728,0.4975247383117676,71.94984631679999,10,70.74146326244376,
pamap2,0.25,fedavg_single,15,1.0,0.0,132.31226225039995,175.15856179199997,0.3566640053801028,0.22922112047672272,0.22922112047672272,0.008886565454304218,26.476118803024292,0.6460100186327022,0.15,0.6842105263157895,0.6842105263157895,2.736842105263158,43.762577056884766,0.22503920396169028,0.3783760170141856,0.4721205731232961,0.22922112047672272,0.49346575140953064,100.9104235488,18,52.702945739125,56.88823812864269
uci_har,0.1,static_depth,11,1.0,0.0,49.20610871380003,50.92758899512501,0.7962713444358995,0.7919918298721313,0.1859518140554428,0.7919918298721313,20.802430629730225,0.994977430118333,0.4375,0.4106731222277728,0.0,1.3263157894736841,6.683112144470215,0.7904083331425985,0.8226444919904073,0.8102024793624878,0.7919918298721313,0.817441463470459,21.995792914600003,23,5.711110192108556,
uci_har,0.1,ecofed_fixdepth,0,1.0,0.0,11.8842932412,50.92758899512499,0.7916067958264721,0.7875806093215942,0.7848659753799438,0.3783508539199829,7.1375696659088135,0.547687085588723,0.0,0.24342105263157895,0.24342105263157895,0.9473684210526315,7.729214668273926,0.8160841663678488,0.7875806093215942,0.7875806093215942,0.7875806093215942,0.8795385360717773,9.085831682399998,17,3.7802769429946563,5.515299086399999
pamap2,0.1,ecofed,13,1.0,0.0,32.7569135082,73.31568549119999,0.35254779157164584,0.3530414303143819,0.3582614262898763,0.3636944691340129,14.239661455154419,0.3923573914192437,0.0,0.4008183900312168,0.3371527984083911,1.5850877192982455,6.906424522399902,0.3281133572260539,0.3717907766501109,0.3530414303143819,0.3530414303143819,0.2553531527519226,3.8718120965999994,2,,
uci_har,0.25,ecofed_fixtau,3,1.0,0.0,11.7657412038,127.31897248781246,0.7282842472877754,0.7268408536911011,0.7265015244483948,0.6725483536720276,8.452511310577393,0.4510818720643452,0.0,0.20215124881990507,0.1092463076139191,0.9407894736842105,8.897356033325195,0.7268408536911011,0.7268408536911011,0.7268408536911011,0.7268408536911011,0.7940278053283691,4.5391037868,4,,
pamap2,0.25,ecofed_noQ,7,1.0,0.0,171.9051556046,175.15856179199997,0.40140031346518085,0.4215891361236572,0.3306325078010559,0.39179298281669617,33.28179669380188,0.9985902993002561,0.5,0.6427897375747101,0.5767731656430108,2.464473684210526,15.263412475585938,0.275657777984937,0.31738979121049243,0.4461578627427419,0.4215891361236572,0.5878201723098755,143.9300484056,22,78.85014607190818,81.71247082098473
pamap2,0.1,fedavg_single,15,1.0,0.0,42.38276828880001,70.06342471679999,0.2526476467639125,0.20386826992034912,0.20386826992034912,0.018557239323854446,14.08452558517456,0.5608302358014915,0.05,0.3815789473684211,0.3815789473684211,1.368421052631579,38.4112548828125,0.16283324360847473,0.2095312774181366,0.38159958521525067,0.20386826992034912,0.4145321547985077,26.880231218400002,5,,
uci_har,0.1,energy_greedy,6,1.0,0.0,36.02522951879999,50.92758899512499,0.8154858782435926,0.8506956100463867,0.8588395118713379,0.22259925305843353,11.834897756576538,0.617045537983325,0.0,0.35526315789473684,0.35526315789473684,1.263157894736842,5.55491304397583,0.7209026217460632,0.7844135165214539,0.8614409963289896,0.8506956100463867,0.8551068902015686,32.470933444799996,9,16.679115129713313,21.929228865640717
uci_har,0.25,fedprox,4,1.0,0.0,115.20021800039996,127.31897248781245,0.8419529390520615,0.8442484140396118,0.8435697555541992,0.6094332933425903,27.011698246002197,0.9305606518764684,0.1875,0.6842105263157895,0.6842105263157895,2.736842105263158,4.728592395782471,0.774855762720108,0.8477547764778137,0.8546544512112936,0.8442484140396118,0.8727519512176514,42.204085932,7,22.463651580323955,29.79534628870691
uci_har,1.0,oort,15,1.0,0.0,388.51928628839994,509.27588995124984,0.871867627992631,0.8716208537419637,0.8845153252283732,0.7294423580169678,60.47424268722534,0.9521542494014842,0.25,1.0,1.0,4.0,2.2357678413391113,0.8780680894851685,0.8896052440007528,0.8587263822555542,0.8716208537419637,0.884628415107727,64.4026597812,11,14.79304229492517,17.963439803098492
uci_har,0.1,static_depth,1,1.0,0.0,48.55310510060002,50.92758899512499,0.8024359019679442,0.7302341461181641,0.12894469499588013,0.7417712807655334,23.583897590637207,0.9920485883357809,0.375,0.42546536404071,0.0,1.3105263157894735,4.401581764221191,0.7930098374684652,0.7572672764460245,0.8529578049977621,0.7302341461181641,0.842212438583374,19.068162891799997,19,5.975268290016782,16.363877722221687
uci_har,0.25,fedprox,7,1.0,0.0,116.76528610800005,127.31897248781245,0.8373890459312276,0.8048863410949707,0.8048863410949707,0.591109573841095,27.64053440093994,0.9326775383033705,0.25,0.6907894736842105,0.6907894736842105,2.736842105263158,12.315411567687988,0.7353240549564362,0.8517136176427206,0.8854202032089233,0.8048863410949707,0.8788598775863647,99.12472654080001,23,24.90415597533734,28.485429909243983
pamap2,0.25,fedavg,5,1.0,0.0,139.11877866479998,183.2892137279999,0.44135087043396803,0.43943750858306885,0.34292104840278625,0.42090123891830444,32.17300581932068,0.5972196470617929,0.3,0.6710526315789473,0.6710526315789473,2.6315789473684212,35.862300872802734,0.35069777568181354,0.4357089598973592,0.5836795369784037,0.43943750858306885,0.5691914558410645,81.0190467456,11,50.32035578039149,55.92807877038317
pamap2,0.1,fedavg,10,1.0,0.0,46.454733969599985,71.7399219744,0.2857851455197523,0.3037128746509552,0.3037128746509552,0.07648514956235886,15.101287841796875,0.5583313338670159,0.05,0.32894736842105265,0.32894736842105265,1.1578947368421053,25.77554702758789,0.14702969789505005,0.17978547513484955,0.4162541131178538,0.3037128746509552,0.44084158539772034,42.608736518399986,9,39.70803854459814,
pamap2,0.25,ecofed,6,1.0,0.0,148.40576188610004,179.349804936,0.5003510877907922,0.6110560894012451,0.49009902278582257,0.6110560894012451,38.830132484436035,0.828603820189908,0.05,0.5825841526648375,0.3178350323142961,2.20219298245614,3.0943844318389893,0.382013201713562,0.4494224488735199,0.4696369568506877,0.6110560894012451,0.6178217530250549,136.74252140950003,72,43.11885241035419,45.27724137529952
uci_har,0.25,fedavg_paced,7,1.0,0.0,116.76528610799998,127.31897248781245,0.8257455809177052,0.8616672356923422,0.8618934551874796,0.7072729468345642,24.239890336990356,0.9326775383033705,0.25,0.8026315789473685,0.8026315789473685,3.263157894736842,2.8217194080352783,0.6659314632415771,0.8103155692418417,0.8643818497657776,0.8616672356923422,0.8724126219749451,30.277124418000007,9,27.102881658854866,27.829066656000006
pamap2,1.0,energy_greedy,13,1.0,0.0,552.2176345848005,733.1568549119997,0.5205152445997114,0.5394694805145264,0.5284968614578247,0.33695535858472186,84.75863003730774,0.9125447903783708,0.15,1.0,1.0,4.0,25.29326820373535,0.5161393483479818,0.5701501965522766,0.35943325360616046,0.5394694805145264,0.528922975063324,172.18762471680003,23,47.98932304326578,52.64434465592407
pamap2,0.25,fedprox,12,1.0,0.0,135.70610420640003,180.73489387199993,0.396960714300849,0.38581880927085876,0.23643703758716583,0.23719404637813568,34.197338581085205,0.5985965200295175,0.1,0.6644736842105263,0.6644736842105263,2.6315789473684212,86.25221252441406,0.29943645000457764,0.39894020557403564,0.33745479583740234,0.38581880927085876,0.49936917424201965,102.19235335440001,17,63.054449732348054,100.50915458265386
pamap2,0.25,ecofed,11,1.0,0.0,145.71246731350007,175.15856179199997,0.5200869271660984,0.5681303342183431,0.3824708163738251,0.5681303342183431,37.054656982421875,0.8780362359226429,0.1,0.5592791308835597,0.3107035428313519,2.1771929824561407,9.222308158874512,0.3819480836391449,0.456002801656723,0.5655166308085123,0.5681303342183431,0.5546262264251709,83.07145555880001,44,34.31645683604013,35.651134961111616
uci_har,0.1,oort,10,1.0,0.0,36.7758177168,50.92758899512501,0.8071294254329269,0.8523922562599182,0.8523922562599182,0.4394299387931824,10.796813249588013,0.6185803984075164,0.0,0.35526315789473684,0.35526315789473684,1.263157894736842,1.476552963256836,0.6355615854263306,0.7486709753672282,0.817893902460734,0.8523922562599182,0.8741092681884766,18.6999273048,4,16.640506035480563,27.48414187947555
uci_har,0.1,fedavg,0,1.0,0.0,36.6570197796,50.92758899512499,0.8446560678096118,0.8775025606155396,0.879199206829071,0.4214455485343933,13.3722665309906,0.6168001876923125,0.0,0.32894736842105265,0.32894736842105265,1.1578947368421053,2.036632537841797,0.7935188412666321,0.7660898168881735,0.8823662598927816,0.8775025606155396,0.8775025606155396,36.6570197796,13,8.467377707232057,22.58768201580168
uci_har,0.25,fedavg,7,1.0,0.0,116.76528610800005,127.31897248781245,0.8424623805287931,0.7953851222991943,0.7953851222991943,0.585680365562439,24.91369891166687,0.9326775383033705,0.25,0.6907894736842105,0.6907894736842105,2.736842105263158,13.971046447753906,0.7672209143638611,0.8669833739598592,0.8749010364214579,0.7953851222991943,0.8561248779296875,29.259379716,4,20.9755607331065,26.524839775453287
pamap2,1.0,fedavg,13,1.0,0.0,564.4984909271996,733.1568549119997,0.5009775778141996,0.43549590309460956,0.44092894593874615,0.2876318196455638,84.26387119293213,0.9640362699008976,0.15,1.0,1.0,4.0,62.98738098144531,0.3529349168141683,0.5491637289524078,0.5990199247996012,0.43549590309460956,0.5608820915222168,482.61430326239997,56,102.65837025821368,105.1802242569909
pamap2,1.0,fedavg_paced,0,1.0,0.0,564.8920562304,722.9395754879997,0.444382538942341,0.46707040071487427,0.4396501084168752,0.4694255193074544,77.72435522079468,0.967478097709512,0.15,1.0,1.0,4.0,2.6733503341674805,0.26410967111587524,0.5028177400430044,0.4846496880054474,0.46707040071487427,0.37824881076812744,124.93540308240001,15,106.52853762386265,168.71465552289212
uci_har,1.0,energy_greedy,14,1.0,0.0,335.9161800612003,509.2758899512498,0.8989622148102667,0.9134713212649027,0.9165252844492594,0.7479923168818156,59.24211049079895,0.8760790622769975,0.125,1.0,1.0,4.0,0.7968189120292664,0.87931227684021,0.9030652642250061,0.9168646136919657,0.9134713212649027,0.8788598775863647,92.2243291164,18,12.78437178608027,16.32280019290386
pamap2,0.25,fedavg_single,0,1.0,0.0,131.64275950560005,180.73489387199993,0.33310139211965106,0.22356800734996796,0.22356800734996796,0.07141054421663284,26.811797618865967,0.5954570556205676,0.15,0.6842105263157895,0.6842105263157895,2.736842105263158,66.18595886230469,0.29640844464302063,0.2986794536312421,0.40836067994435626,0.22356800734996796,0.42089325189590454,118.89398531280001,24,71.76123645832484,73.59620404854634
pamap2,0.25,static_depth,5,1.0,0.0,176.67103387840004,183.2892137279999,0.46604913451843716,0.41035473346710205,0.058165546506643295,0.41035473346710205,36.77817106246948,0.9932814218280827,0.45,0.2402164789601503,0.2402164789601503,1.5894736842105264,9.873863220214844,0.34015128016471863,0.5241291125615438,0.4344305992126465,0.41035473346710205,0.5241290926933289,166.7098305124,56,31.596837221673685,38.895561835231064
uci_har,0.25,static_depth,13,1.0,0.0,102.95877327769999,127.31897248781245,0.8413897552844771,0.8375749389330546,0.8462843696276346,0.8983146746953329,28.92003321647644,0.9753833334691381,0.25,0.27571154381538926,0.03781826143044467,1.5368421052631576,2.028411388397217,0.8289785981178284,0.8293179472287496,0.8658522764841715,0.8375749389330546,0.8506956100463867,98.73620844319998,76,5.8650419779211,7.420456690468717
pamap2,0.1,fedavg,4,1.0,0.0,48.280195104,72.29395754879998,0.2724885102795309,0.28993186354637146,0.29245519638061523,0.21019430458545685,15.216097593307495,0.5659653260985629,0.0,0.32894736842105265,0.32894736842105265,1.1578947368421053,17.3409481048584,0.22167550027370453,0.2436706225077311,0.2821095089117686,0.28993186354637146,0.28993186354637146,48.280195104,12,,
pamap2,0.1,fedavg_paced,7,1.0,0.0,40.82455538400001,70.06342471679999,0.37526430863760807,0.4960794448852539,0.4960794448852539,0.36826974153518677,14.186098337173462,0.5534921172419758,0.0,0.3157894736842105,0.3157894736842105,1.1578947368421053,3.2388343811035156,0.1555148959159851,0.19820526242256165,0.4944240947564443,0.4960794448852539,0.31207528710365295,26.119203873599997,28,32.0444098566831,32.96734168923785
uci_har,0.1,ecofed,10,1.0,0.0,43.068903923700006,50.92758899512501,0.83110975523128,0.8597443699836731,0.8615541259447733,0.844700833161672,15.125768661499023,0.8555973817212208,0.1875,0.3072164514739295,0.24778725103729526,1.5140350877192983,2.0391974449157715,0.7659766872723898,0.7993439634641012,0.8416468699773153,0.8597443699836731,0.8225314021110535,14.8385407489,23,6.551398058072431,14.862138521414021
uci_har,0.25,ecofed_fixdepth,2,1.0,0.0,6.083854391999999,127.31897248781246,0.8028694386542135,0.814048171043396,0.7380386590957642,0.3444180488586426,6.161362648010254,0.2448202807292738,0.0,0.1600877192982456,0.1600877192982456,0.5263157894736842,1.0437806844711304,0.814048171043396,0.814048171043396,0.814048171043396,0.814048171043396,0.814048171043396,6.083854391999999,12,6.083854391999999,
pamap2,0.1,ecofed_noZ,0,1.0,0.0,13.549685933700003,72.2939575488,0.2281680340364603,0.2316426932811737,0.09563461691141129,0.2316426932811737,11.174445152282715,0.4472954728147794,0.0,0.12511383258389863,0.042780983304447025,0.837280701754386,9.455489158630371,0.22348389526208243,0.2316426932811737,0.2316426932811737,0.2316426932811737,0.22457733750343323,12.370227108900002,32,,
pamap2,0.1,oort,13,1.0,0.0,49.5686811312,73.31568549119999,0.24839590794282573,0.273889422416687,0.26174497604370117,0.273889422416687,15.428816795349121,0.5651069467298928,0.1,0.35526315789473684,0.35526315789473684,1.263157894736842,21.35698127746582,0.03643336519598961,0.19846597189704576,0.34941941499710083,0.273889422416687,0.3678491413593292,41.6298799272,8,,
pamap2,0.25,fedavg_single,12,1.0,0.0,135.70610420640003,180.73489387199993,0.32765240317707744,0.18369922041893005,0.18369922041893005,0.05223315581679344,27.644399166107178,0.5985965200295175,0.1,0.6644736842105263,0.6644736842105263,2.6315789473684212,41.24099349975586,0.2807637353738149,0.3774076948563258,0.3486415942509969,0.18369922041893005,0.42543527483940125,102.19235335440001,17,50.77380316389264,52.892822535520416
uci_har,0.25,oort,13,1.0,0.0,119.41557879119993,127.31897248781245,0.8314808614770959,0.7807940244674683,0.7885985970497131,0.5469969511032104,23.183109045028687,0.992874510349518,0.25,0.7105263157894737,0.7105263157894737,2.8421052631578947,9.396737098693848,0.8004750609397888,0.8685669104258219,0.8655129671096802,0.7807940244674683,0.8452664017677307,81.19675641359999,15,11.417755648939332,19.521187543502645
pamap2,0.25,ecofed,1,1.0,0.0,147.36050220759995,183.28921372799994,0.489724038394704,0.5812293489774069,0.27665920555591583,0.5958240032196045,38.84327054023743,0.793880580838307,0.3,0.6540418876946006,0.3293946725563316,2.246052631578947,6.480063438415527,0.3636944641669591,0.5701502164204916,0.5572600563367208,0.5812293489774069,0.4224992096424103,78.77239208809999,40,40.69939596911031,41.01091931214616
uci_har,1.0,oort,8,1.0,0.0,384.8578793448,509.27588995124984,0.8788903577921987,0.8764845728874207,0.8764845728874207,0.6613505283991495,61.125200033187866,0.9520927716343238,0.25,1.0,1.0,4.0,1.758415937423706,0.8794254064559937,0.878746747970581,0.8917543292045593,0.8764845728874207,0.8832710981369019,25.152683035199995,5,18.761898571737618,21.958058030691113
uci_har,0.1,fedavg_paced,14,1.0,0.0,36.89122132199999,50.92758899512501,0.8116870876176618,0.8466236591339111,0.8466236591339111,0.5398710370063782,11.242982387542725,0.6188891660176684,0.0,0.36622807017543857,0.36622807017543857,1.368421052631579,10.244686126708984,0.7051238715648651,0.8303359349568685,0.8617803454399109,0.8466236591339111,0.8663046956062317,14.362677392399998,19,12.0088520856,13.1132427024
pamap2,0.1,ecofed,6,1.0,0.0,34.38916110420001,71.7399219744,0.3739159230499606,0.3829207917054494,0.33795379598935443,0.3829207917054494,14.969852447509766,0.4382771452151683,0.0,0.45008600860860826,0.36354177695290696,1.9381578947368423,5.646132469177246,0.2856435626745224,0.3311881224314372,0.3829207917054494,0.3829207917054494,0.36039602756500244,24.498481234500005,48,,
uci_har,0.1,static_depth,6,1.0,0.0,48.9712593728,50.92758899512499,0.8310626111930627,0.8601968288421631,0.12758737802505493,0.8601968288421631,23.24623727798462,0.9942005122127046,0.4375,0.39880257690888987,0.0,1.2684210526315791,5.318338394165039,0.7397353053092957,0.8309014638264974,0.84809410572052,0.8601968288421631,0.8686800003051758,34.035145414400006,40,8.501511656747962,10.496620130027445
pamap2,0.25,fedavg_paced,14,1.0,0.0,135.00397466399997,179.349804936,0.3753608531230363,0.4156765639781952,0.3176567554473877,0.4156765639781952,30.140998363494873,0.5969343554520186,0.15,0.5855263157894737,0.5855263157894737,2.1052631578947367,6.472777366638184,0.34315181771914166,0.31518151859442395,0.3872112234433492,0.4156765639781952,0.3861386179924011,107.2525801344,56,20.370462912,
uci_har,0.25,ecofed_noQ,6,1.0,0.0,126.78726186815001,127.31897248781245,0.8256381368881013,0.842212438583374,0.8564642071723938,0.773668110370636,25.2456214427948,0.9999060767666142,0.875,0.7018197058226041,0.6748194217192592,2.7473684210526317,3.184763193130493,0.6518493592739105,0.7322701017061869,0.8708291053771973,0.842212438583374,0.8754665851593018,45.583744976800006,7,36.256692261398264,40.25100102015318
uci_har,0.1,fedavg_paced,5,1.0,0.0,36.96312971519999,50.92758899512499,0.8099274991221044,0.8483203053474426,0.8147268295288086,0.6026467680931091,12.020439624786377,0.6175898615230917,0.0,0.41228070175438597,0.41228070175438597,1.5789473684210527,3.468278169631958,0.699355274438858,0.8534102638562521,0.8786336183547974,0.8483203053474426,0.8890396952629089,11.870661009599997,11,9.454937913599998,10.769126674874173
pamap2,1.0,fedavg_q8,1,1.0,0.0,535.8720860663999,733.1568549119997,0.5061619720379295,0.3668903708457947,0.3043570816516876,0.22339405616124472,83.12826704978943,0.9421426658490888,0.2,1.0,1.0,4.0,35.67031478881836,0.49589858452479046,0.5573665698369344,0.6343879898389181,0.3668903708457947,0.547778844833374,250.15766470559998,24,57.2366095682127,63.53493486510257
uci_har,0.1,fedprox,10,1.0,0.0,36.77581771679999,50.92758899512501,0.7886838305237261,0.8072616457939148,0.8072616457939148,0.45537835359573364,11.720608472824097,0.6185803984075164,0.0,0.3815789473684211,0.3815789473684211,1.368421052631579,3.941643476486206,0.7295554578304291,0.6999208132425944,0.8477547764778137,0.8072616457939148,0.8520529270172119,33.32406872639999,10,22.939545565562252,24.282537204332307
pamap2,1.0,static_depth,10,1.0,0.0,465.7640203808002,717.3992197439999,0.6646551353235526,0.7428217728932699,0.5953795512517294,0.7428217728932699,61.43558382987976,0.8937504081898746,0.1,0.664301318725884,0.3782132461402783,2.789473684210526,1.9457156658172607,0.5575907627741495,0.6021452148755392,0.7269802093505859,0.7428217728932699,0.7477722764015198,465.7640203808002,80,44.916952205684694,54.907283052268376
uci_har,0.25,static_depth,0,1.0,0.0,100.40159707010005,127.31897248781245,0.8751580687564782,0.90408323208491,0.1060965930422147,0.8751272559165955,31.23799180984497,0.9549240129696525,0.1875,0.350996831388972,0.0,1.631578947368421,4.260792255401611,0.8125777443250021,0.8797647356987,0.8785205284754435,0.90408323208491,0.9039701223373413,86.29013464940004,68,7.200480439350881,16.92817119181526
uci_har,0.25,fedavg_paced,2,1.0,0.0,116.28526882559997,127.31897248781246,0.8545804717445032,0.8790860772132874,0.8790860772132874,0.6892885367075602,23.308565139770508,0.9329940290131934,0.125,0.8552631578947368,0.8552631578947368,3.3684210526315788,0.7929773926734924,0.7444859147071838,0.8669833739598592,0.8718470533688863,0.8790860772132874,0.8710553050041199,33.0295851792,11,22.865675514169148,28.24188624624336
uci_har,0.25,ecofed_fixprec,7,1.0,0.0,80.45963565040003,127.31897248781245,0.852563850556215,0.8726388216018677,0.8713946342468262,0.8535233537356058,23.403279542922974,0.6783086795708575,0.0,0.34642725965134097,0.20849379313381886,1.7684210526315791,1.447842001914978,0.787241260210673,0.8396109143892924,0.8642687400182089,0.8726388216018677,0.8730912804603577,64.99863729685003,64,12.77263306092813,19.954388448260254
uci_har,0.1,ecofed_noQ,7,1.0,0.0,50.20354641265,50.927588995125,0.813941787447271,0.7753647565841675,0.7753647565841675,0.7594163417816162,13.559780836105347,0.9983047233418281,0.6875,0.4212519636053459,0.3281126077699144,1.4578947368421051,13.25584888458252,0.7453342378139496,0.7354371746381124,0.8742223779360453,0.7753647565841675,0.8625721335411072,49.50192311185,16,21.815221756939813,25.657115919559686
pamap2,1.0,energy_greedy,10,1.0,0.0,511.98769886639997,717.3992197439999,0.5666967103132943,0.6136963764826456,0.5993399421374003,0.3708745837211609,83.02950763702393,0.8792968322606073,0.0,1.0,1.0,4.0,4.696412086486816,0.4438944061597188,0.5486798683802286,0.6168316801389059,0.6136963764826456,0.6272277235984802,466.0621598304,72,63.07538277008509,78.50426457454614
uci_har,1.0,ecofed,1,1.0,0.0,176.18296326069998,509.27588995124984,0.8583705633824389,0.8604230284690857,0.8617803454399109,0.8572559754053751,39.28394794464111,0.6577515800458914,0.0625,0.7132809862288952,0.46417499826262854,2.6473684210526316,1.0819085836410522,0.8176676829655966,0.8703766465187073,0.8604230284690857,0.8604230284690857,0.8785205483436584,111.59168234030001,48,12.488184070266291,17.029924734919437
uci_har,0.25,oort,14,1.0,0.0,120.30016476000006,127.31897248781245,0.8438771124546095,0.7889379262924194,0.7889379262924194,0.5456396341323853,22.89500665664673,0.9959590918939996,0.1875,0.7171052631578947,0.7171052631578947,2.8421052631578947,7.611232757568359,0.7932360569636027,0.8828186790148417,0.8844022154808044,0.7889379262924194,0.8876823782920837,64.9332391584,11,5.2099464684,23.206176479541146
pamap2,0.1,ecofed_fixdepth,5,1.0,0.0,6.862611506400001,73.31568549119997,0.28982554918755815,0.2876318395137787,0.27229148149490356,0.22850750386714935,7.648690700531006,0.19321115669267463,0.0,0.17982456140350878,0.17982456140350878,0.631578947368421,10.18713092803955,0.2876318395137787,0.2876318395137787,0.2876318395137787,0.2876318395137787,0.4563758373260498,5.616338011200001,15,5.616338011200001,5.616338011200001
pamap2,0.25,fedavg_q8,4,1.0,0.0,135.1301914896,180.73489387199993,0.28941977440985317,0.26495078206062317,0.26495078206062317,0.22684834897518158,34.62173247337341,0.5975315803131701,0.1,0.7039473684210527,0.7039473684210527,2.736842105263158,76.96794128417969,0.23122213780879974,0.2842964132626851,0.38136092821757,0.26495078206062317,0.33812767267227173,96.7959539088,18,86.77767088142068,
pamap2,0.1,fedavg_paced,1,1.0,0.0,49.77800777520002,73.31568549119999,0.1723698488387962,0.18408437073230743,0.10482582449913025,0.115052729845047,14.397510290145874,0.5643481531260678,0.15,0.34868421052631576,0.34868421052631576,1.368421052631579,6.0127387046813965,0.27005434036254883,0.19963779548803964,0.10397358114520709,0.18408437073230743,0.18408437073230743,49.77800777520002,80,,
uci_har,0.1,fedavg_paced,15,1.0,0.0,36.445622679599985,50.927588995124985,0.8275708745070617,0.8398371338844299,0.8585001826286316,0.6369189023971558,11.070472478866577,0.6152956887062389,0.0,0.41228070175438597,0.41228070175438597,1.4736842105263157,1.5771794319152832,0.770953506231308,0.8695848981539408,0.8367831707000732,0.8398371338844299,0.8778418898582458,11.6502471672,11,9.50984966260883,11.6502471672
pamap2,1.0,ecofed,2,1.0,0.0,469.01233806719995,717.399219744,0.5756375908138377,0.6204620401064554,0.6332508126894633,0.6204620401064554,77.48288059234619,0.8919152177651508,0.1,0.988882768634247,0.7972557909981439,3.6315789473684204,2.7769477367401123,0.44174917538960773,0.554950475692749,0.5823432405789694,0.6204620401064554,0.6601485013961792,425.3182333331999,72,61.608550886174704,76.97278752941367
uci_har,0.25,fedavg_q8,0,1.0,0.0,118.63098735119989,127.31897248781245,0.8638501703508499,0.876823902130127,0.876823902130127,0.5246012806892395,29.00495409965515,0.9930207188933768,0.1875,0.7171052631578947,0.7171052631578947,2.8421052631578947,3.5800437927246094,0.7845266262690226,0.8638163208961487,0.8729781707127889,0.876823902130127,0.8832710981369019,94.67242481519996,24,19.49076304713007,27.811776462430476
pamap2,0.1,ecofed_fixdepth,7,1.0,0.0,14.653089741600002,70.06342471679999,0.258154427886675,0.26555147767066956,0.19001568853855133,0.26555147767066956,10.873397588729858,0.19095895834349896,0.0,0.21929824561403505,0.21929824561403505,0.631578947368421,22.56753921508789,0.24028576910495758,0.26555147767066956,0.26555147767066956,0.26555147767066956,0.26555147767066956,14.653089741600002,60,,
pamap2,1.0,fedavg,9,1.0,0.0,565.0046810496,733.1568549119996,0.5423523903379877,0.6008309324582418,0.6015766461690267,0.3604985574881236,79.80270385742188,0.9605008464337061,0.3,1.0,1.0,4.0,14.716109275817871,0.34878023465474445,0.5500159760316213,0.5410674313704172,0.6008309324582418,0.6532438397407532,438.5165977944,48,115.62013116134493,125.28750077955749
pamap2,0.25,fedavg,13,1.0,0.0,137.53815361200003,183.28921372799994,0.3293135137166033,0.2518376410007477,0.15787792205810547,0.2518376410007477,30.978029489517212,0.5972126262201121,0.2,0.6644736842105263,0.6644736842105263,2.6315789473684212,55.436588287353516,0.2857142835855484,0.349739005168279,0.4636198977629344,0.2518376410007477,0.5250878930091858,96.5780030928,15,92.6317887299455,95.05868889926704
pamap2,0.25,ecofed,8,1.0,0.0,151.2584024818,180.734893872,0.47271140369617265,0.48683656255404156,0.3768189052740733,0.5323408047358195,38.38591933250427,0.8658236335065277,0.35,0.5465037480772917,0.31331150408451114,2.144298245614035,5.162275314331055,0.26436201731363934,0.4316595196723938,0.5019766092300415,0.48683656255404156,0.5493313074111938,143.0799153074,76,45.04179970595683,46.968824132940995
uci_har,0.1,ecofed_noZ,6,1.0,0.0,37.987556593799994,50.92758899512499,0.8283172356982025,0.8725257317225138,0.8725257317225138,0.8453794916470846,19.879744052886963,0.8710723513854789,0.125,0.22689301045324636,0.05347154566751664,1.2425438596491227,2.3466031551361084,0.771179715792338,0.8423255284627279,0.8295441468556722,0.8725257317225138,0.8720732927322388,33.4591888567,68,10.24372541390881,12.508689604534238
pamap2,0.1,fedavg_paced,14,1.0,0.0,48.907927236,71.7399219744,0.2765907936987104,0.23415841162204742,0.2141089141368866,0.2586633563041687,14.441535711288452,0.5717794127163806,0.05,0.3026315789473684,0.3026315789473684,1.1578947368421053,8.933510780334473,0.2611386105418205,0.2658415933450063,0.33531353374322254,0.23415841162204742,0.34455445408821106,44.9005163808,56,,
uci_har,0.1,static_depth,15,1.0,0.0,49.07261802859996,50.927588995124985,0.8038575148737743,0.7611129879951477,0.20325754582881927,0.7634882926940918,21.253418922424316,0.9964933671206891,0.375,0.42250977285706925,0.0,1.3421052631578947,4.452530384063721,0.7638276219367981,0.8522791465123495,0.8062436381975809,0.7611129879951477,0.8493382930755615,12.232376828600001,10,8.772499987643652,11.031003109104237
pamap2,0.1,ecofed_noZ,4,1.0,0.0,14.065813272599998,72.29395754879998,0.2631585901682796,0.2727731466293335,0.12616704404354095,0.2727731466293335,11.25913667678833,0.4511795581782909,0.0,0.12379218758183297,0.042991274863399785,0.8679824561403509,4.4115891456604,0.20977373917897543,0.2727731466293335,0.2727731466293335,0.2727731466293335,0.36235174536705017,13.225434560100002,36,,
uci_har,0.1,fedavg_single,11,1.0,0.0,36.3970418508,50.92758899512501,0.8157765147911301,0.8656260371208191,0.8656260371208191,0.16694943606853485,10.134546756744385,0.6182016276498703,0.0,0.3815789473684211,0.3815789473684211,1.368421052631579,1.2241604328155518,0.6498133540153503,0.7407533129056295,0.8672095934549967,0.8656260371208191,0.8741092681884766,21.1576893744,5,17.589635335332353,19.832804093990084
pamap2,0.1,ecofed_fixprec,3,1.0,0.0,32.705150860500005,70.06342471679999,0.3294843607145198,0.41287680466969806,0.3707091808319092,0.43021432558695477,13.297786951065063,0.37011272927889605,0.0,0.34106737070185184,0.2398822412611547,1.4236842105263159,14.708597183227539,0.2753092845280965,0.4544345835844676,0.41287680466969806,0.41287680466969806,0.4281233549118042,27.7569380748,64,17.019748766524874,17.954223161084357
uci_har,1.0,energy_greedy,10,1.0,0.0,324.9949024847999,509.27588995124984,0.8841187052819638,0.9039701223373413,0.9039701223373413,0.6525280078252157,60.603806257247925,0.85627393967943,0.125,1.0,1.0,4.0,2.6506104469299316,0.8829318086306254,0.8798778454462687,0.894355853398641,0.9039701223373413,0.8863250613212585,85.00317912959999,18,17.566663230051866,30.467567678748157
uci_har,0.1,fedprox,0,1.0,0.0,36.6570197796,50.92758899512499,0.8206107145955048,0.8228707313537598,0.7573803663253784,0.41160503029823303,13.20587420463562,0.6168001876923125,0.0,0.32894736842105265,0.32894736842105265,1.1578947368421053,7.495578289031982,0.7127587497234344,0.7669946948687235,0.8961655894915262,0.8228707313537598,0.8812351822853088,34.793491992,10,14.657860328847963,17.763143299417774
uci_har,0.1,ecofed,7,1.0,0.0,44.63165533639998,50.927588995125,0.8101409983827055,0.8703766465187073,0.8824793497721354,0.8286393086115519,17.38284468650818,0.8669030943930628,0.3125,0.2881835610150949,0.2255490227728951,1.5692982456140352,0.3008391559123993,0.7663160165150961,0.7495758533477783,0.8053387602170309,0.8703766465187073,0.8371224999427795,41.26822589464999,72,6.202961745536374,41.6780366932421
uci_har,0.1,energy_greedy,5,1.0,0.0,36.9631297152,50.92758899512499,0.8374700390820367,0.7960637807846069,0.7960637807846069,0.442823201417923,12.106182098388672,0.6175898615230917,0.0,0.35526315789473684,0.35526315789473684,1.263157894736842,11.908878326416016,0.7970817685127258,0.8247935771942139,0.8801040649414062,0.7960637807846069,0.876823902130127,20.8224867,5,3.7060740695999996,14.184801898279968
pamap2,1.0,energy_greedy,11,1.0,0.0,511.284730404,700.6342471679999,0.5051860878689373,0.5471336444218954,0.5234361290931702,0.3410873015721639,81.04659605026245,0.892898893937513,0.2,1.0,1.0,4.0,12.969843864440918,0.3914445141951243,0.5123714804649353,0.5245687365531921,0.5471336444218954,0.5282279253005981,369.29489737200004,56,89.06337321715407,95.306136809957
pamap2,0.1,oort,10,1.0,0.0,46.454733969599985,71.7399219744,0.3363308535646922,0.3856435716152191,0.27277228236198425,0.11881188303232193,14.8408784866333,0.5583313338670159,0.05,0.32894736842105265,0.32894736842105265,1.1578947368421053,19.17853355407715,0.24282178282737732,0.2951320211092631,0.3419966995716095,0.3856435716152191,0.3856435716152191,46.454733969599985,13,,
uci_har,1.0,fedavg_single,13,1.0,0.0,380.17691519519997,509.2758899512498,0.8980582561119916,0.9078158537546793,0.9078158537546793,0.15122724076112112,53.11381912231445,0.9509251124478365,0.1875,1.0,1.0,4.0,0.8544982075691223,0.8896052440007528,0.9115484754244486,0.9090600609779358,0.9078158537546793,0.9019341468811035,331.7700685152,60,23.733572325795805,29.44330118690013
uci_har,1.0,fedavg,7,1.0,0.0,381.5364861624003,509.2758899512498,0.8692682279906488,0.8777287801106771,0.8804433941841125,0.6782038410504659,57.28208255767822,0.9482914899280229,0.3125,1.0,1.0,4.0,1.1042371988296509,0.8268295526504517,0.8713946541150411,0.8889265855153402,0.8777287801106771,0.8805565237998962,72.44910957360001,7,40.86639890173805,59.090035175239116
pamap2,0.1,ecofed_noZ,1,1.0,0.0,11.468953971600001,73.31568549119999,0.22778251773631883,0.2406519651412964,0.12464045733213425,0.2406519651412964,9.890099048614502,0.48773212532987514,0.0,0.1676517406215524,0.04339462906175467,0.8403508771929825,12.137663841247559,0.10194950550794601,0.2406519651412964,0.2406519651412964,0.2406519651412964,0.27069351077079773,11.206904819999998,28,,
uci_har,0.25,fedprox,3,1.0,0.0,115.17117810240012,127.31897248781246,0.8420034219447157,0.798439085483551,0.798439085483551,0.6040040850639343,26.480247735977173,0.9319652438822102,0.1875,0.6907894736842105,0.6907894736842105,2.736842105263158,14.237932205200195,0.7475398778915405,0.8732043902079264,0.8745617071787516,0.798439085483551,0.8836104273796082,67.86932697120001,12,23.66087574716202,29.048432968816755
uci_har,0.25,energy_greedy,4,1.0,0.0,115.2002180004,127.31897248781245,0.8475204843674681,0.8221920728683472,0.8221920728683472,0.5928062200546265,25.284257650375366,0.9305606518764684,0.1875,0.6644736842105263,0.6644736842105263,2.6315789473684212,10.980146408081055,0.7985522150993347,0.8770501017570496,0.8839497764905294,0.8221920728683472,0.8717339634895325,114.5713433412,28,16.0157257634522,26.638039005044842
pamap2,0.25,energy_greedy,15,1.0,0.0,132.31226225039993,175.15856179199997,0.3571168394572451,0.3031887114048004,0.22817564010620117,0.3031887114048004,29.333677291870117,0.6460100186327022,0.15,0.6842105263157895,0.6842105263157895,2.736842105263158,98.06605529785156,0.21092524627844492,0.4033803840478261,0.423505832751592,0.3031887114048004,0.4205436408519745,100.5120507432,18,76.56256375564442,
pamap2,0.1,fedavg_single,0,1.0,0.0,41.94836733600001,72.2939575488,0.26816149096165365,0.2518294155597687,0.2518294155597687,0.0825132504105568,13.464940547943115,0.5519209646212685,0.0,0.32894736842105265,0.32894736842105265,1.1578947368421053,30.125782012939453,0.23088569939136505,0.23946504791577658,0.31583817799886066,0.2518294155597687,0.4559676945209503,41.19978710640001,10,,
uci_har,0.25,fedavg,14,1.0,0.0,120.30016476000004,127.31897248781245,0.8423004347326903,0.8646080493927002,0.8646080493927002,0.4414658844470978,22.92537021636963,0.9959590918939996,0.1875,0.6907894736842105,0.6907894736842105,2.736842105263158,8.737491607666016,0.7567017376422882,0.8000226418177286,0.8876823981602987,0.8646080493927002,0.8971835970878601,66.4053159948,11,27.555272080337453,42.560280864924955
pamap2,0.25,energy_greedy,9,1.0,0.0,141.530921436,183.2892137279999,0.4672834853901854,0.3358900547027588,0.37328219413757324,0.3358900547027588,30.498551845550537,0.59800023038647,0.45,0.6710526315789473,0.6710526315789473,2.6315789473684212,29.6339054107666,0.2751677831013997,0.538936843474706,0.5420262018839518,0.3358900547027588,0.668264627456665,79.2969397248,13,34.47063821369382,37.249421214715035
uci_har,1.0,static_depth,8,1.0,0.0,275.55598726040006,509.27588995124984,0.8638455259563982,0.8855332930882772,0.8821400205294291,0.8288655082384745,45.94626712799072,0.8385882827001399,0.1875,0.6411924460690465,0.438838526078905,2.684210526315789,0.1057295873761177,0.8273951013882955,0.8478678862253824,0.882705569267273,0.8855332930882772,0.8632507920265198,150.88540456279998,44,28.23111321943719,53.8703673958282
pamap2,0.25,ecofed_noQ,0,1.0,0.0,177.6862976768998,180.73489387199993,0.3091494811637557,0.3217259645462036,0.28538987040519714,0.3217259645462036,31.248881578445435,0.9991543357002157,0.65,0.6984762267427845,0.603062114943871,2.692105263157895,13.851744651794434,0.1710825152695179,0.1852132255832354,0.32071662942568463,0.3217259645462036,0.3522583842277527,137.3682317988,20,,
uci_har,0.1,ecofed_fixdepth,7,1.0,0.0,8.6287393236,50.927588995125,0.8183932488917787,0.8469629883766174,0.8469629883766174,0.39701390266418457,6.305501937866211,0.6142297498427781,0.0,0.25,0.25,0.8421052631578947,3.0236661434173584,0.6259472966194153,0.8469629883766174,0.8469629883766174,0.8469629883766174,0.8693586587905884,7.272138311999999,10,7.272138311999999,7.272138311999999
uci_har,1.0,fedavg_paced,10,1.0,0.0,386.9188925279999,509.27588995124984,0.8833175959113807,0.8957131505012512,0.8979753454526266,0.8270557721455892,57.554667949676514,0.9584570441402541,0.1875,1.0,1.0,4.0,0.6218516826629639,0.8887003858884176,0.9080420732498169,0.8877955079078674,0.8957131505012512,0.9097387194633484,123.37190170560001,22,25.59510182924962,32.38775791299369
pamap2,1.0,energy_greedy,8,1.0,0.0,506.6456798783999,722.939575488,0.4610458076771158,0.513163427511851,0.42358483870824176,0.29733367760976154,81.61417198181152,0.8950885313268916,0.05,1.0,1.0,4.0,27.825754165649414,0.4011270801226298,0.4553789297739665,0.48961225152015686,0.513163427511851,0.46404239535331726,416.32296363840004,64,94.89064674267415,109.76401905595118
uci_har,0.1,ecofed_fixdepth,5,1.0,0.0,10.911959148,50.92758899512499,0.8557201460722721,0.8853070735931396,0.8853070735931396,0.45028841495513916,6.845962285995483,0.5795903846729895,0.0,0.27631578947368424,0.27631578947368424,0.9473684210526315,1.5422272682189941,0.6180296440919241,0.8853070735931396,0.8853070735931396,0.8853070735931396,0.8805565237998962,10.4164476888,24,7.284148000799999,7.284148000799999
pamap2,0.1,ecofed_fixdepth,3,1.0,0.0,6.678457502400001,70.06342471679999,0.20538700517615854,0.2064819633960724,0.1907997876405716,0.08964976668357849,8.511514663696289,0.1814972330613651,0.0,0.14035087719298245,0.14035087719298245,0.42105263157894735,10.529797554016113,0.2064819633960724,0.2064819633960724,0.2064819633960724,0.2064819633960724,0.20857292413711548,4.973457526800001,11,,
pamap2,1.0,static_depth,12,1.0,0.0,489.5347435912001,722.9395754879997,0.42138451284560197,0.43754730621973675,0.44192110498746234,0.479687104622523,64.46287226676941,0.8954030719074344,0.25,0.6354850076659154,0.4815895710736156,2.810526315789473,1.1953173875808716,0.355959286292394,0.42358481884002686,0.37463200092315674,0.43754730621973675,0.48776179552078247,489.5347435912001,80,172.96377318153225,399.44343508969615
uci_har,0.1,ecofed_fixprec,6,1.0,0.0,44.060569009,50.92758899512499,0.8088096697660299,0.8770501017570496,0.8808958133061727,0.8632507721583048,13.977416038513184,0.8751805393966862,0.25,0.28398871423616584,0.1742945614527249,1.4894736842105265,1.2045378684997559,0.7053500811258951,0.7743468085924784,0.8294310569763184,0.8770501017570496,0.8761452436447144,31.245248548549995,52,15.028943582165674,25.84013701691991
pamap2,0.25,static_depth,4,1.0,0.0,172.0668406612,180.73489387199993,0.2781272768924937,0.30153924226760864,0.295230895280838,0.4587433636188507,36.25029397010803,0.9930318417260472,0.15,0.23344877171734701,0.23344877171734701,1.5210526315789472,5.543887615203857,0.2523340980211894,0.2853057434161504,0.2704180379708608,0.30153924226760864,0.30153924226760864,172.0668406612,64,,
pamap2,0.1,energy_greedy,0,1.0,0.0,41.948367336000004,72.2939575488,0.27794704612594456,0.3366136848926544,0.35806208848953247,0.12011102586984634,13.96500825881958,0.5519209646212685,0.0,0.3026315789473684,0.3026315789473684,1.0526315789473684,6.260324954986572,0.18622256070375443,0.2193624327580134,0.28808141748110455,0.3366136848926544,0.3366136848926544,41.948367336000004,12,,
pamap2,0.1,fedprox,5,1.0,0.0,50.55449040240002,73.31568549119997,0.34677310881976475,0.28667306900024414,0.12112496048212051,0.28667306900024414,16.038718938827515,0.5724343642804988,0.1,0.35526315789473684,0.35526315789473684,1.263157894736842,29.045377731323242,0.2527964115142822,0.3191648026307424,0.41344412167867023,0.28667306900024414,0.4439117908477783,28.8005451624,4,31.300198534971535,43.6541889680038
uci_har,0.25,fedprox,9,1.0,0.0,120.59192979359996,127.31897248781246,0.8243429023808299,0.8696979880332947,0.8754665851593018,0.5307092070579529,25.83738422393799,0.9965289689209499,0.25,0.7039473684210527,0.7039473684210527,2.736842105263158,1.1978788375854492,0.7141160666942596,0.7951589226722717,0.876371443271637,0.8696979880332947,0.8829317688941956,57.086737545599995,9,33.45326069001574,44.86183370903597
uci_har,0.1,fedavg,10,1.0,0.0,36.77581771679999,50.92758899512501,0.8023541087747199,0.8008143901824951,0.8008143901824951,0.4431625306606293,12.177359580993652,0.6185803984075164,0.0,0.3815789473684211,0.3815789473684211,1.368421052631579,7.045170307159424,0.719884604215622,0.7516117890675863,0.8371224999427795,0.8008143901824951,0.8595181703567505,35.061029392799995,11,17.53959183699206,22.501873493690745
uci_har,1.0,fedavg,1,1.0,0.0,379.5222863267997,509.27588995124984,0.8853624422026081,0.913358231385549,0.913358231385549,0.7034271955490112,55.50396132469177,0.9494241904849254,0.3125,1.0,1.0,4.0,3.7116854190826416,0.8838366667429606,0.8696980079015096,0.9087207317352295,0.913358231385549,0.9077027440071106,289.14323920199996,48,26.896305877279147,32.62514188914786
pamap2,0.1,fedavg_q8,8,1.0,0.0,50.87765964720002,72.29395754879997,0.22394905471728563,0.18975523114204407,0.18369922041893005,0.25914710760116577,16.73134708404541,0.5827840736179476,0.05,0.40789473684210525,0.40789473684210525,1.4736842105263157,22.373775482177734,0.17776937037706375,0.22886702915032706,0.26040878395239514,0.18975523114204407,0.18975523114204407,50.87765964720002,15,,
uci_har,1.0,fedavg_q8,1,1.0,0.0,348.75642822120057,509.27588995124984,0.8860959138960331,0.9083814024925232,0.9110960364341736,0.705463171005249,56.81150555610657,0.9175694218077369,0.25,1.0,1.0,4.0,9.04463005065918,0.878294308980306,0.869019349416097,0.9071371952692667,0.9083814024925232,0.8998982310295105,288.37881975240003,52,30.49195601059811,33.66047944959741
uci_har,1.0,fedavg_paced,4,1.0,0.0,393.62223486120007,509.2758899512498,0.8781109930323729,0.8903970122337341,0.8929985364278158,0.7482185165087382,58.47344207763672,0.9590595549931893,0.1875,1.0,1.0,4.0,1.8228225708007812,0.8897183537483215,0.8960524996121725,0.8865512808163961,0.8903970122337341,0.8890396952629089,52.39573253519999,9,22.82090481961077,33.1647007269206
pamap2,1.0,static_depth,6,1.0,0.0,473.37796329840023,717.399219744,0.6374413298943319,0.7011551062266032,0.5937293767929077,0.711881180604299,64.666175365448,0.8835861378009114,0.25,0.6383665479122235,0.3224551296398861,2.6578947368421053,2.9551098346710205,0.5330858131249746,0.6363861362139384,0.7077557841936747,0.7011551062266032,0.5361385941505432,134.84359700599998,23,47.201170144971904,58.92636297935016
uci_har,0.1,fedavg_single,3,1.0,0.0,37.28482158239999,50.92758899512501,0.8427877255581238,0.891414999961853,0.891414999961853,0.10960298776626587,10.586827993392944,0.6211168231357659,0.0,0.35526315789473684,0.35526315789473684,1.263157894736842,2.080913782119751,0.7108924090862274,0.7620178461074829,0.8932247559229533,0.891414999961853,0.8751272559165955,29.817118274399995,8,15.119972970929028,17.580571973596992
pamap2,0.25,static_depth,7,1.0,0.0,167.78977730879996,175.15856179199997,0.45525035686887116,0.4634082615375519,0.3214845657348633,0.4634082615375519,36.02406287193298,0.9917684936128537,0.55,0.23464866425981737,0.23464866425981737,1.5315789473684212,11.022250175476074,0.37367136279741925,0.5047046343485514,0.481617013613383,0.4634082615375519,0.5645582675933838,38.9466640864,11,25.318580530571342,26.877547212709533
uci_har,0.25,fedavg_paced,6,1.0,0.0,113.10065545199993,127.31897248781245,0.8510981919621476,0.884628434975942,0.884628434975942,0.6727745731671652,24.089526414871216,0.8707575069050378,0.125,0.8157894736842105,0.8157894736842105,3.1578947368421053,1.781192660331726,0.749236524105072,0.8483203252156576,0.8824793696403503,0.884628434975942,0.8730912804603577,41.4426010176,19,22.89491786067642,24.358054761600002
uci_har,1.0,fedavg_paced,11,1.0,0.0,384.49319382720006,509.2758899512498,0.8552158620992774,0.8815744916598002,0.8791991869608561,0.7885985771814982,59.67819571495056,0.9560340091685977,0.1875,1.0,1.0,4.0,0.45097288489341736,0.8746748169263204,0.8638163010279337,0.8782943288485209,0.8815744916598002,0.8785205483436584,95.5911755472,18,32.61858061948822,40.61313184016789
uci_har,1.0,static_depth,2,1.0,0.0,270.0907318726,509.27588995124984,0.8783276120901817,0.8976360162099203,0.8984277844429016,0.8568035364151001,40.99837374687195,0.8803271491611531,0.0,0.611757992209594,0.459666087716469,2.7157894736842105,0.28996750712394714,0.8418730894724528,0.8713946143786112,0.8980884552001953,0.8976360162099203,0.8669833540916443,120.07949926739998,36,13.946931000094901,18.064670013254737
pamap2,0.25,ecofed_fixdepth,3,1.0,0.0,73.4358818352,175.15856179199997,0.42154697832246124,0.47386303544044495,0.3815995752811432,0.40747517347335815,21.53508758544922,0.5175869751946809,0.0,0.6907894736842105,0.6907894736842105,2.736842105263158,3.3364031314849854,0.33106813331445056,0.3861299951871236,0.47386303544044495,0.47386303544044495,0.47386303544044495,73.4358818352,76,35.91280968184949,70.87402283139781
uci_har,1.0,energy_greedy,4,1.0,0.0,353.3078349936,509.2758899512498,0.8747202909875268,0.8867775003115336,0.8883610367774963,0.6732270320256551,59.47683906555176,0.9003427737438912,0.125,1.0,1.0,4.0,3.1710095405578613,0.882705569267273,0.8617803454399109,0.8838366468747457,0.8867775003115336,0.8863250613212585,38.7869981148,6,16.0157257634522,26.927187354268078
pamap2,0.1,fedavg_single,7,1.0,0.0,40.82455538400001,70.06342471679999,0.2553186165504076,0.19106115400791168,0.19106115400791168,0.05959226191043854,14.03016448020935,0.5534921172419758,0.0,0.3026315789473684,0.3026315789473684,1.0526315789473684,18.182083129882812,0.24803972244262695,0.24934657911459604,0.39179299275080365,0.19106115400791168,0.39754313230514526,37.5386489616,8,,
pamap2,0.1,static_depth,12,1.0,0.0,63.38759572479997,72.29395754879998,0.33932627118511993,0.4365379810333252,0.12591470777988434,0.4365379810333252,21.73967146873474,0.9605994546235438,0.0,0.3479144722921457,0.0,1.1210526315789473,3.149507761001587,0.2175119866927465,0.3218941887219747,0.3121372660001119,0.4365379810333252,0.4700984060764313,46.846322470000004,24,46.0236033459817,47.27690528452917
uci_har,1.0,fedavg,4,1.0,0.0,383.1761852688,509.2758899512498,0.8606287931685376,0.8560117681821188,0.8614410360654196,0.6594276626904806,56.721940994262695,0.9501608606686708,0.1875,1.0,1.0,4.0,2.257462978363037,0.8829317887624105,0.8631376624107361,0.8796516259511312,0.8560117681821188,0.8534102439880371,363.68780332320006,72,31.654545525973013,41.08892603825797
pamap2,0.25,energy_greedy,7,1.0,0.0,142.182009432,175.15856179199997,0.4049278097152379,0.3058024048805237,0.24830110371112823,0.26346054673194885,30.000835418701172,0.7942265180581204,0.15,0.6447368421052632,0.6447368421052632,2.526315789473684,56.6093864440918,0.19637567301591238,0.4278619984785716,0.5122843484083811,0.3058024048805237,0.5729221105575562,95.445713928,15,46.79953219745376,49.44344811570529
uci_har,0.1,static_depth,9,1.0,0.0,48.98084031880005,50.927588995125,0.815308691099886,0.8591788411140442,0.0956905335187912,0.8591788411140442,21.16664481163025,0.9967247338438818,0.3125,0.40819740409224964,0.0,1.3105263157894735,4.838380336761475,0.7862232724825541,0.7743468085924784,0.8331636587778727,0.8591788411140442,0.8585001826286316,39.633701356,48,5.411129752821623,23.84378995257092
pamap2,0.1,fedprox,10,1.0,0.0,46.454733969599985,71.7399219744,0.28027931873468614,0.2933168411254883,0.301980197429657,0.0987623780965805,16.225931882858276,0.5583313338670159,0.05,0.32894736842105265,0.32894736842105265,1.1578947368421053,24.170333862304688,0.17079207673668861,0.1983498359719912,0.37244224548339844,0.2933168411254883,0.4002475142478943,42.608736518399986,9,,
uci_har,0.1,fedavg,1,1.0,0.0,37.17953812799999,50.92758899512499,0.8519168350183766,0.8727519512176514,0.8727519512176514,0.2517814636230469,13.20029354095459,0.6193326136560898,0.0,0.35526315789473684,0.35526315789473684,1.263157894736842,5.619269371032715,0.7823210060596466,0.8046601017316183,0.8798778454462687,0.8727519512176514,0.8727519512176514,37.17953812799999,14,4.086855733199999,18.497478555713187
uci_har,0.1,ecofed,8,1.0,0.0,43.2467347874,50.927588995125,0.7769208811108432,0.8104286789894104,0.8182332515716553,0.8022847970326742,15.193360090255737,0.8801396656013564,0.125,0.3174890535486748,0.26075311205375895,1.6912280701754385,0.4512791335582733,0.7209591666857401,0.7582852641741434,0.7974211176236471,0.8104286789894104,0.7991177439689636,29.3595571153,52,12.761205204435475,
pamap2,0.25,fedavg_single,7,1.0,0.0,142.18200943200003,175.15856179199997,0.38964348376763785,0.3719289004802704,0.3719289004802704,0.06874019652605057,27.31104350090027,0.7942265180581204,0.15,0.6644736842105263,0.6644736842105263,2.6315789473684212,27.76587677001953,0.20582854002714157,0.24429343144098917,0.526572565237681,0.3719289004802704,0.47334030270576477,91.68783814080001,12,67.55261879829342,70.21764624623944
uci_har,1.0,energy_greedy,3,1.0,0.0,356.5502294184001,509.27588995124984,0.8871161999700461,0.8958262801170349,0.8958262801170349,0.6811446746190389,56.741233348846436,0.8986441691058654,0.1875,1.0,1.0,4.0,2.9279253482818604,0.867548922697703,0.8771632115046183,0.897296686967214,0.8958262801170349,0.8873430490493774,209.21384908320002,40,7.0502909510592495,18.046543777624553
pamap2,0.1,fedavg_q8,3,1.0,0.0,41.703809424,70.06342471679999,0.25286143135928324,0.24228960275650024,0.21536852419376373,0.15891270339488983,15.536826133728027,0.5570824520387766,0.05,0.35526315789473684,0.35526315789473684,1.263157894736842,38.98670196533203,0.16531625390052795,0.20134169856707254,0.3144275943438212,0.24228960275650024,0.3578149378299713,38.3895312936,10,,
pamap2,1.0,ecofed,11,1.0,0.0,460.92340463180005,700.6342471679999,0.5097820678694986,0.5281407833099365,0.46297264099121094,0.5621188282966614,73.57185363769531,0.8944932758681946,0.1,0.9938779492835442,0.7900608526532804,3.6105263157894734,3.727217197418213,0.4303885797659556,0.512023001909256,0.5484404961268107,0.5281407833099365,0.5946157574653625,137.7407754536,22,60.269200296985396,76.52108890113082
pamap2,1.0,energy_greedy,4,1.0,0.0,483.3200804664001,722.9395754879997,0.35297148136057555,0.3507443865140279,0.3786693612734477,0.2983430027961731,87.81509017944336,0.8407306924055622,0.1,1.0,1.0,4.0,21.976802825927734,0.3372024595737457,0.37303390105565387,0.4319118559360504,0.3507443865140279,0.3272773027420044,416.47105022160014,68,110.13879796282002,
pamap2,1.0,fedavg_single,7,1.0,0.0,565.0577450784006,700.6342471679999,0.4820881817044733,0.464366614818573,0.464366614818573,0.08886565764745076,79.20053339004517,0.9665116425166285,0.35,1.0,1.0,4.0,6.7112650871276855,0.23906603952248892,0.5365046064058939,0.5728349884351095,0.464366614818573,0.5710925459861755,414.2475411504,44,111.15479188604331,113.39521373441332
pamap2,1.0,fedavg,11,1.0,0.0,547.7723524199996,700.6342471679999,0.4375726959032329,0.36452344059944153,0.38508449991544086,0.3442237277825673,76.65981769561768,0.9592156175255261,0.3,1.0,1.0,4.0,35.423030853271484,0.3929256002108256,0.5340651571750641,0.47238193949063617,0.36452344059944153,0.4908520579338074,432.4045256592001,48,79.44877990935744,82.74961939295466
pamap2,0.1,fedprox,1,1.0,0.0,49.77800777519999,73.31568549119999,0.18673982553025864,0.15659955143928528,0.15659955143928528,0.07989773154258728,16.08797287940979,0.5643481531260678,0.15,0.32894736842105265,0.32894736842105265,1.1578947368421053,26.080196380615234,0.2547139525413513,0.2268030196428299,0.12954085071881613,0.15659955143928528,0.15659955143928528,49.77800777519999,13,,
uci_har,0.25,energy_greedy,15,1.0,0.0,114.8846374116,127.31897248781246,0.8494771909043798,0.854428231716156,0.8642687201499939,0.6118085980415344,23.05733847618103,0.9328028889956026,0.125,0.6776315789473685,0.6776315789473685,2.6315789473684212,0.9593759179115295,0.8319194515546163,0.8542020122210184,0.8721864024798075,0.854428231716156,0.8347471952438354,112.00633222440001,28,13.160079073296906,16.84718133377826
pamap2,1.0,energy_greedy,15,1.0,0.0,510.0992213736,700.6342471679999,0.4982177212287336,0.5331939260164896,0.5291862785816193,0.31390485167503357,80.37884664535522,0.9126928594773449,0.1,1.0,1.0,4.0,5.91306734085083,0.3618226150671641,0.5249172250429789,0.5020038386185964,0.5331939260164896,0.5151594281196594,355.95772038239994,56,107.2170663371868,109.03936826309764
pamap2,1.0,fedavg,15,1.0,0.0,543.2736628007996,700.6342471679999,0.453582525800456,0.4474647144476573,0.4474647144476573,0.2876807749271393,78.0046854019165,0.9571023991112253,0.25,1.0,1.0,4.0,30.144197463989258,0.36042864123980206,0.4737759232521057,0.5635128219922384,0.4474647144476573,0.5661265254020691,339.84758712,36,122.11951079684601,137.70249816403765
uci_har,0.1,fedavg_single,7,1.0,0.0,36.3693625848,50.927588995125,0.8390075103873322,0.8727519512176514,0.8727519512176514,0.24567356705665588,10.59129524230957,0.6161636471928962,0.0,0.35526315789473684,0.35526315789473684,1.263157894736842,0.9393799901008606,0.7331184148788452,0.7837348580360413,0.8778418699900309,0.8727519512176514,0.8836104273796082,21.7780200108,5,13.760999152603791,16.72145223373924
uci_har,0.25,static_depth,1,1.0,0.0,110.47415783570001,127.31897248781246,0.8421836257545304,0.8744485775629679,0.8744485775629679,0.8710553050041199,30.764345407485962,0.9808987780864753,0.25,0.28025101810110287,0.10100587959653691,1.6368421052631579,0.33754101395606995,0.8014930486679077,0.8299966057141622,0.8558986385663351,0.8744485775629679,0.8710553050041199,105.7864737767,76,9.55239275431674,39.767858326228776
uci_har,0.25,ecofed,14,1.0,0.0,69.61735898479999,127.31897248781245,0.8433320889970815,0.8746748169263204,0.8425517479578654,0.8746748169263204,25.91448664665222,0.630762270910362,0.0,0.37021689900251786,0.24596004543507086,1.892105263157895,3.1066694259643555,0.8009274999300638,0.8204954266548157,0.8756928046544393,0.8746748169263204,0.8802171945571899,66.85642376739999,76,6.324453836864081,14.829874736729893
pamap2,0.1,oort,2,1.0,0.0,49.4812010352,71.73992197439999,0.2824876347217935,0.2418316900730133,0.2418316900730133,0.13613861799240112,14.915106296539307,0.5725708348682816,0.05,0.35526315789473684,0.35526315789473684,1.263157894736842,45.818275451660156,0.21670792251825333,0.28671616812547046,0.24777227640151978,0.2418316900730133,0.3668316900730133,47.1990121584,10,,
pamap2,0.25,fedavg_q8,6,1.0,0.0,133.14433165679995,179.349804936,0.36718624114485754,0.3905940651893616,0.40618813037872314,0.3032178282737732,33.920522689819336,0.5971523876357163,0.1,0.7039473684210527,0.7039473684210527,2.736842105263158,49.271732330322266,0.23622112472852072,0.31592408816019696,0.4542079269886017,0.3905940651893616,0.4103960394859314,73.6688412576,11,85.67380764143753,88.6809201261785
pamap2,0.1,energy_greedy,14,1.0,0.0,48.90792723599999,71.7399219744,0.33242469943825237,0.29059407114982605,0.18960395455360413,0.29059407114982605,15.137836694717407,0.5717794127163806,0.05,0.32894736842105265,0.32894736842105265,1.1578947368421053,18.937625885009766,0.2579207941889763,0.3466171622276306,0.42937294642130536,0.29059407114982605,0.46064355969429016,43.303383748799995,8,39.575235872946195,
pamap2,0.1,ecofed_noQ,3,1.0,0.0,68.79256137500002,70.06342471679999,0.3174272975745875,0.336382657289505,0.2898588478565216,0.30449554324150085,17.27512812614441,0.9992211450171539,0.7,0.38736837213174696,0.30659076409919317,1.381578947368421,19.07171058654785,0.22347098588943481,0.23418714106082916,0.32862867911656696,0.336382657289505,0.4688970148563385,52.340613103600006,9,56.46928580711085,58.29194715734455
uci_har,0.25,fedprox,6,1.0,0.0,113.10065545200001,127.31897248781245,0.8340038051377594,0.8513742685317993,0.8513742685317993,0.5517475605010986,26.45571208000183,0.8707575069050378,0.125,0.6907894736842105,0.6907894736842105,2.736842105263158,3.638519287109375,0.7149643898010254,0.8657391468683878,0.8606492479642233,0.8513742685317993,0.8513742685317993,113.10065545200001,44,23.89410212042099,26.678216034117614
